,estacion,a√±o,mes,festivo,dia_semana,dia_laboral,tiempo,cliente_casual,temperatura,velocidad_viento
1,1.0,1.0,1.0,1,1.5,1.5,3,131.0,-1.6362150792866297,0.7449651712016473
2,1.0,1.0,1.5,3,1.0,1.0,3,120.0,-1.6163467606042883,-0.3900733682966448
3,1.0,1.0,3.5,3,1.0,1.0,4,108.0,-1.469044707050966,-0.04698126480270011
4,2.0,1.0,3.0,3,1.5,1.5,4,82.0,-1.5925878360633585,-1.302236161628832
5,2.0,1.0,3.5,3,1.0,1.0,4,88.0,-1.6353517145034038,-0.2813578957190643
6,2.0,1.0,4.0,3,1.0,1.0,4,148.0,-1.8075984530910738,0.9834815016076204
7,2.5,1.0,4.0,3,1.5,1.5,3,68.0,-1.9533158497637915,2.210509064343858
8,2.5,1.0,4.0,3,1.0,1.0,3,54.0,-1.8850116738756535,0.4220170259717807
9,2.5,1.0,3.5,3,1.5,1.5,4,41.0,-1.7852438624064042,-0.8822462384568805
10,2.0,1.0,3.0,3,1.5,1.0,4,43.0,-1.7653755437240626,1.471256747076402
11,2.0,1.0,2.0,3,1.0,1.0,3,25.0,-1.8075984530910738,1.424482011721849
12,2.0,1.0,1.5,3,1.5,1.5,4,38.0,-1.8301661528045146,-0.8252963538895498
13,1.0,1.0,1.0,3,1.5,1.5,4,54.0,-1.4342041130139447,-0.42016034309184014
14,1.0,1.0,1.0,3,1.5,1.5,4,222.0,-1.4433076935763156,-0.02721129808129645
15,1.0,1.0,1.0,1,1.5,1.5,3,251.0,-1.7484033220993782,0.04480141827376978
16,1.0,1.0,1.0,3,1.0,1.0,4,117.0,-1.5252727046420809,-0.5644437010038175
17,1.0,1.0,1.0,3,1.0,1.0,3,9.0,-1.1126772319392317,0.22921793759279735
18,1.0,1.0,1.0,3,1.0,1.0,3,78.0,-1.2793776714447853,0.06913666106782605
19,1.0,1.0,1.0,3,1.0,1.0,3,83.0,-1.7392942772029363,2.098208431460635
20,1.0,1.0,1.0,3,1.5,1.5,3,75.0,-2.3861053154596163,-0.2395224279798385
21,1.0,1.0,1.0,3,1.5,1.5,4,93.0,-2.1817867609087265,0.7229254627040099
22,1.0,1.0,1.0,3,1.5,1.0,4,150.0,-2.1770349760005407,-0.415427415637988
23,1.0,1.0,1.0,3,1.0,1.0,4,86.0,-1.4880551252841527,-0.7834093011099554
24,1.0,1.0,1.0,3,1.0,1.0,4,186.0,-1.5207209143608955,1.3322737520623351
25,1.0,1.0,1.0,3,1.0,1.0,3,34.0,-1.6436684309595433,-0.9892207159220086
26,1.0,1.0,1.0,3,1.0,1.0,1,15.0,-1.5973418067051728,-0.8671834066691443
27,1.0,1.0,1.0,3,1.5,1.5,4,38.0,-1.6353517145034038,-0.5826274277338757
28,1.0,1.0,1.0,3,1.5,1.5,3,123.0,-1.5260650330823833,-1.503193424142166
29,1.0,1.0,1.0,3,1.5,1.0,4,140.0,-1.7210816517441232,-0.04321555685576597
30,1.0,1.0,1.0,3,1.0,1.0,4,42.0,-1.6591106390443335,-1.7710435877539479
31,1.0,1.0,1.0,3,1.0,1.0,3,47.0,-1.2884867163412272,0.9512924364173897
32,1.0,1.0,1.0,3,1.0,1.0,3,72.0,-1.6876180698930066,1.1246697570974602
33,1.0,1.0,1.5,3,1.0,1.0,3,61.0,-1.5545779282651278,-0.8086472821104684
34,1.0,1.0,3.5,3,1.0,1.0,4,88.0,-1.4342041130139447,-0.37997559664442093
35,2.0,1.0,3.0,3,1.5,1.0,3,100.0,-1.1473265742837664,-0.6286025949627101
36,2.0,1.0,3.5,3,1.0,1.0,3,354.0,-1.224734330734275,-1.871695028895851
37,2.0,1.0,4.0,3,1.5,1.5,4,120.0,-1.5025082889020824,2.210509064343858
38,2.5,1.0,4.0,3,1.5,1.0,4,64.0,-1.9727142357160226,-0.021975416483847317
39,2.5,1.0,4.0,3,1.0,1.0,4,53.0,-1.9204478803264193,0.4048392075289176
40,2.5,1.0,3.5,3,1.5,1.5,3,47.0,-1.6759571809853837,-1.0574032430296798
41,2.0,1.0,3.0,3,1.0,1.0,4,149.0,-1.4933992440056403,0.16538145013621092
42,2.0,1.0,2.0,3,1.0,1.0,4,288.0,-0.9796316259772817,0.9071227456014693
43,2.0,1.0,1.5,3,1.5,1.5,4,397.0,-0.4415149353283196,2.9321579865854064
44,1.0,1.0,1.5,3,1.0,1.0,4,208.0,-1.25522531485074,1.3003426120739499
45,1.0,1.0,1.5,3,1.0,1.0,4,140.0,-0.9701291490277241,0.7898699488428261
46,1.0,1.0,1.5,3,1.0,1.0,4,218.0,-0.32767646362611375,0.5101887562224238
47,1.0,1.0,1.5,3,1.0,1.0,4,259.0,0.1413491870284791,0.9592494288943018
48,1.0,1.0,1.5,3,1.5,1.5,4,579.0,-0.5280317366752706,4.087082559145932
49,1.0,1.0,1.5,3,1.5,1.5,4,532.0,-1.1506926040715337,0.42160434564882915
50,1.0,1.0,1.5,1,1.5,1.5,4,639.0,-1.0517007280403736,1.5127698083133219
51,1.0,1.0,1.5,3,1.0,1.0,4,195.0,-1.7134916917194332,0.06628658758744121
52,1.0,1.0,1.5,3,1.0,1.0,3,74.0,-1.4975576022337103,-1.2435865499813443
53,1.0,1.0,1.5,3,1.0,1.0,4,139.0,-1.0936722780401165,0.7731692920233757
54,1.0,1.0,1.5,3,1.0,1.0,4,100.0,-0.7182943846951957,2.011764800062352
55,1.0,1.0,1.5,3,1.5,1.5,3,120.0,-1.1655391997425795,-0.05122413437304698
56,1.0,1.0,1.5,3,1.5,1.5,3,424.0,-0.8323350367580303,-0.8420614920094613
57,1.0,1.0,1.5,3,1.5,1.0,4,694.0,-0.4837378446953309,1.2785737250382487
58,1.0,1.0,1.5,3,1.0,1.0,4,81.0,-1.2520560010895303,0.3337808144206768
59,1.0,1.0,1.5,3,1.0,1.0,3,137.0,-0.8786616610124011,1.5126021569321229
60,1.0,1.0,1.0,3,1.0,1.0,4,231.0,-1.6254558055007304,0.4540900248211809
61,1.0,1.0,1.5,3,1.5,1.5,4,123.0,-1.2793776714447853,0.1651106286742738
62,1.0,1.0,3.5,3,1.5,1.5,4,214.0,-0.6099967477410356,0.7909016496502052
63,2.0,1.0,3.0,3,1.0,1.0,3,640.0,-0.6517715817142207,1.9698261622423887
64,2.0,1.0,3.5,3,1.0,1.0,3,114.0,-1.2789842393916695,1.944871898963905
65,2.0,1.0,4.0,3,1.5,1.5,3,244.0,-1.1108958590320692,-0.9013584959135794
66,2.5,1.0,4.0,3,1.0,1.0,4,316.0,-1.0926832335732561,0.38181938326426973
67,2.5,1.0,4.0,3,1.0,1.0,4,191.0,-0.5830903667751804,0.9199416281331554
68,2.5,1.0,3.5,1,1.5,1.5,3,46.0,-0.9796316259772817,0.5471494376467827
69,2.0,1.0,3.0,3,1.0,1.0,1,247.0,-0.9105351216488416,0.3898795458219197
70,2.0,1.0,2.0,3,1.5,1.5,3,724.0,-0.6090077032741755,1.0324872899581312
71,2.0,1.0,1.5,3,1.5,1.0,4,982.0,-0.9321192412294931,-0.6914589666522863
72,1.0,1.0,3.5,3,1.0,1.0,4,359.0,-0.9748831196695384,-0.08039547470169298
73,1.0,1.0,3.5,3,1.0,1.0,4,289.0,-0.7135458783874525,0.162157385113151
74,1.0,1.0,3.5,3,1.0,1.0,3,321.0,-0.4415149353283196,0.245493017829204
75,1.0,1.0,3.5,3,1.0,1.0,3,424.0,0.24152682355305752,0.5219630416866385
76,1.0,1.0,3.5,3,1.5,1.5,4,884.0,-0.12731572624288637,2.2906851133373123
77,1.0,1.0,3.5,3,1.5,1.5,4,1424.0,-0.8923224961900286,0.22153176657782245
78,1.0,1.0,3.5,3,1.5,1.0,4,1047.0,-0.35717293894164714,1.2669284021749565
79,1.0,1.0,3.5,3,1.0,1.0,4,401.0,-0.29579753865560243,0.4540384397808119
80,2.0,1.0,3.5,3,1.0,1.0,3,460.0,-0.8133246185248441,0.563798509425864
81,2.0,1.0,3.5,3,1.0,1.0,4,203.0,-1.1518783645649517,0.6866482830645396
82,2.0,1.0,3.5,3,1.0,1.0,3,166.0,-1.2657168362671576,0.5181973337397044
83,2.0,1.0,3.5,3,1.5,1.5,3,300.0,-1.2566132557047867,0.245389847748466
84,2.0,1.0,3.5,3,1.5,1.5,4,981.0,-1.3265020884735292,-0.08051154104252312
85,2.0,1.0,3.5,3,1.5,1.0,4,472.0,-1.2647277918002975,0.27934570057133307
86,2.0,1.0,3.5,3,1.0,1.0,3,222.0,-1.056252518321559,0.4701071798557426
87,2.0,1.0,3.5,3,1.0,1.0,4,317.0,-1.0699133534991865,-0.22768366121516254
88,2.0,1.0,3.5,3,1.0,1.0,4,168.0,-1.2429524205271592,0.3495271479933014
89,2.0,1.0,3.5,3,1.0,1.0,3,179.0,-1.0699133534991865,0.8790733799008476
90,2.0,1.0,3.5,3,1.5,1.5,1,307.0,-0.9879483424334214,0.08515381610238773
91,1.0,1.0,1.0,3,1.0,1.0,3,898.0,-0.6418756727115472,-0.10742603585502748
92,1.0,1.0,1.5,3,1.5,1.5,3,1651.0,0.423669471143401,2.5151316239826516
93,1.0,1.0,3.5,3,1.5,1.5,4,734.0,-0.44606672560950505,2.5473206891728823
94,2.0,1.0,3.0,3,1.0,1.0,4,167.0,-0.5735714968234098,0.9352365926025515
95,2.0,1.0,3.5,3,1.0,1.0,3,413.0,-0.31856741872967176,-0.3640745079506894
96,2.0,1.0,4.0,3,1.5,1.0,4,571.0,-0.8741098707312156,0.47005559481537357
97,2.5,1.0,4.0,1,1.0,1.5,4,172.0,-0.8376791554795183,-0.7410192941867636
98,2.5,1.0,4.0,3,1.5,1.5,3,879.0,-0.37776254972136747,-0.5645468710845555
99,2.5,1.0,3.5,3,1.0,1.0,3,1188.0,0.5456279432751885,1.727208821127083
100,2.0,1.0,3.0,3,1.0,1.0,3,855.0,0.036614295888644205,1.0876188018524562
101,2.0,1.0,2.0,3,1.5,1.5,3,257.0,-0.455175770505947,0.7747297394945365
102,2.0,1.0,1.5,3,1.0,1.0,3,209.0,-0.1546373965981412,-1.0296762838313644
103,2.0,1.0,3.0,3,1.0,1.0,3,529.0,-0.2684758683003471,0.4620986023384619
104,2.0,1.0,3.0,3,1.5,1.5,4,642.0,-0.35499813398136904,1.9378563334737267
105,2.0,1.0,3.0,3,1.5,1.5,4,121.0,-0.2138325275898369,1.4566710769120792
106,2.0,1.0,3.0,3,1.5,1.0,1,1558.0,0.0912576365991544,-0.3478897015349286
107,2.0,1.0,3.0,3,1.0,1.0,4,669.0,0.054826921347457584,-0.4200571730111021
108,2.0,1.0,3.0,3,1.0,1.0,4,409.0,0.5420651974608633,0.6626354467727887
109,2.0,1.0,3.0,3,1.0,1.0,3,613.0,-0.20017169241220945,1.7373194890393995
110,2.0,1.0,3.0,3,1.0,1.0,4,745.0,-0.8695526161159589,0.37370763566625104
111,2.0,1.0,3.0,3,1.5,1.5,4,177.0,-0.19561990213102398,0.5181973337397044
112,2.0,1.0,3.0,3,1.5,1.5,3,1462.0,0.46920923129154024,0.021046507183864197
113,2.0,1.0,3.0,3,1.5,1.0,3,1710.0,0.6058175830678154,-0.06718970436723967
114,2.0,1.0,3.0,3,1.0,1.0,3,773.0,0.7424259348440911,1.7533366440739606
115,2.0,1.0,3.0,3,1.0,1.0,4,678.0,0.6786735492371391,1.5689201247549334
116,2.0,1.0,3.0,3,1.0,1.0,4,547.0,0.6650127140595111,1.6812207576381566
117,2.0,1.0,3.0,3,1.0,1.0,3,569.0,0.07759680142152696,0.6386226104810386
118,2.0,1.0,3.0,3,1.5,1.5,3,878.0,-0.12731572624288637,0.5742960651409473
119,2.0,1.0,3.0,3,1.5,1.5,4,1965.0,-0.2411541979450922,-1.0857234301922383
120,2.0,1.0,3.0,3,1.5,1.0,4,1138.0,0.2916183739823822,-0.09142177708055797
121,1.0,1.0,1.0,3,1.0,1.0,3,847.0,0.6604609237783257,1.9618304809852
122,1.0,1.0,1.5,3,1.5,1.0,3,603.0,-0.44606672560950505,1.7855257092641914
123,1.0,1.0,3.5,3,1.5,1.0,3,255.0,-0.20017169241220945,1.352159785124569
124,2.0,1.0,3.0,3,1.0,1.0,3,614.0,-0.09088501099118908,0.4862275049710422
125,2.0,1.0,3.5,3,1.5,1.5,4,894.0,0.13224014213203714,-0.38808734424243996
126,2.0,1.0,4.0,3,1.0,1.0,4,1612.0,0.1777744379461054,-1.4947476634077586
127,2.5,1.0,4.0,3,1.0,1.0,4,1401.0,0.20054431802017478,-0.1875504998081127
128,2.5,1.0,4.0,3,1.5,1.5,4,664.0,0.20054431802017478,-0.965568974912841
129,2.5,1.0,3.5,3,1.0,1.0,4,694.0,0.25518765873068494,-0.9014616659943174
130,2.0,1.0,3.0,3,1.0,1.0,4,550.0,0.2142051531978022,-0.011297313127472751
131,2.0,1.0,2.0,3,1.5,1.0,4,695.0,0.0912576365991544,-0.13951193096451983
132,2.0,1.0,1.5,3,1.0,1.0,4,692.0,0.13679193241322263,-0.7169419765945518
133,2.0,1.0,3.5,3,1.5,1.5,3,902.0,0.3644743401517053,-0.48443530339156243
134,2.0,1.0,3.5,3,1.5,1.0,3,1582.0,0.44643935121747036,-0.8211308618797566
135,2.0,1.0,3.5,3,1.0,1.0,3,773.0,0.35992254987051986,1.119537045580749
136,2.0,1.0,3.5,3,1.0,1.0,4,678.0,0.29617016426356774,0.1412009624632616
137,2.0,1.0,3.5,3,1.0,1.0,3,536.0,0.19143527312373282,-1.0617492826807646
138,2.0,1.0,3.5,3,1.0,1.0,3,735.0,0.2233141980942446,-0.8450921131311379
139,2.0,1.0,3.5,3,1.5,1.5,3,909.0,0.5830477029937461,-0.9013584959135794
140,2.0,1.0,3.5,3,1.5,1.5,4,2258.0,0.592156747890188,-0.5485426123100859
141,2.0,1.0,3.5,3,1.5,1.0,4,1576.0,0.7424259348440911,0.5583949764472157
142,2.0,1.0,3.5,3,1.0,1.0,4,836.0,0.8972469120791793,0.2134200189798038
143,2.0,1.0,3.5,3,1.0,1.0,3,659.0,0.9017987023603647,-0.46826339323589417
144,2.0,1.0,3.5,3,1.0,1.0,3,740.0,1.1613545707352884,0.11734288129261805
145,2.0,1.0,3.5,3,1.0,1.0,4,758.0,1.0156426383966417,0.6465667066978581
146,2.0,1.0,3.5,3,1.5,1.5,4,871.0,0.87447703200511,0.5100340011013168
147,2.0,1.0,3.5,3,1.5,1.5,4,2001.0,0.938229417612062,0.3017078155712766
148,2.0,1.0,3.5,1,1.5,1.5,4,2355.0,1.2979629225115634,-0.7649805454381448
149,2.0,1.0,3.5,3,1.0,1.0,4,1549.0,1.5256453302500461,-1.0215645362333456
150,2.0,1.0,3.5,3,1.0,1.0,4,673.0,1.4664501992583505,0.2134200189798038
151,2.0,1.0,3.5,3,1.0,1.0,4,513.0,1.1977852859869855,1.3121168975381643
152,1.0,1.0,1.0,3,1.5,1.5,3,736.0,0.6786735492371391,0.8070219747655045
153,1.0,1.0,1.5,3,1.0,1.0,4,898.0,0.7606385603029041,-0.8692210157637181
154,1.0,1.0,3.5,3,1.0,1.0,4,1869.0,0.8334945264722272,-0.6686841713293913
155,2.0,1.0,3.0,3,1.0,1.0,4,1685.0,0.9974245486037577,-0.8852897558386488
156,2.0,1.0,3.5,3,1.5,1.5,3,673.0,1.1568027804541028,-0.03527146063894645
157,2.0,1.0,4.0,3,1.0,1.0,4,763.0,1.5301971205312317,-0.6928646590023405
158,2.5,1.0,4.0,3,1.0,1.0,4,676.0,1.7077879778403897,-0.5243621246371367
159,2.5,1.0,4.0,3,1.5,1.0,4,563.0,1.4163586488290258,-0.6446713350376407
160,2.5,1.0,3.5,3,1.0,1.0,3,815.0,1.2524286266974958,-0.4603064007589821
161,2.0,1.0,3.0,3,1.5,1.5,4,1729.0,1.0748377693883373,-0.3478897015349286
162,2.0,1.0,2.0,3,1.0,1.0,4,1467.0,0.7606385603029041,1.4805807431230913
163,2.0,1.0,1.5,3,1.0,1.0,4,863.0,0.592156747890188,1.0154513303762827
164,2.0,1.0,4.0,3,1.0,1.0,4,727.0,0.7151042644888358,-0.2918554514341472
165,2.0,1.0,4.0,3,1.0,1.0,4,769.0,0.7242078450512068,0.20541144146252313
166,2.0,1.0,4.0,3,1.0,1.0,4,545.0,0.8380517810874837,-0.6127530913093475
167,2.0,1.0,4.0,3,1.5,1.5,3,863.0,1.0976076494624072,-0.9173756509481411
168,2.0,1.0,4.0,3,1.5,1.5,4,1807.0,1.1112684846400345,-1.14187374663385
169,2.0,1.0,4.0,3,1.5,1.0,4,1639.0,0.7606385603029041,-0.4522462382013325
170,2.0,1.0,4.0,3,1.0,1.0,3,699.0,1.0110853837813851,-0.25170939376700524
171,2.0,1.0,4.0,3,1.0,1.0,3,774.0,1.2979629225115634,-0.2357567200329047
172,2.5,1.0,4.0,3,1.0,1.0,3,661.0,1.2706412521563086,0.6223862190249088
173,2.5,1.0,4.0,3,1.0,1.0,4,746.0,1.2478768364163102,0.405999870937219
174,2.5,1.0,4.0,3,1.5,1.5,3,969.0,1.0884986045659653,0.245389847748466
175,2.5,1.0,4.0,3,1.5,1.5,4,1782.0,1.0065335935001998,-1.238166251864576
176,2.5,1.0,4.0,3,1.5,1.0,4,1920.0,1.0201944286778275,-1.0698094452384146
177,2.5,1.0,4.0,3,1.0,1.0,4,854.0,1.3571635178373302,-0.5965811811536789
178,2.5,1.0,4.0,3,1.0,1.0,3,732.0,1.2706412521563086,0.9192194375679903
179,2.5,1.0,4.0,3,1.0,1.0,4,848.0,1.0976076494624072,-0.06746052582917678
180,2.5,1.0,4.0,3,1.0,1.0,4,1027.0,1.2387677915198678,-1.134032820497768
181,2.5,1.0,4.0,3,1.5,1.5,4,1246.0,1.3252845928668189,-0.973422797309015
182,1.0,1.0,1.0,3,1.5,1.5,4,2204.0,1.2068943308834275,0.49412001614749307
183,1.0,1.0,1.5,3,1.0,1.0,4,2282.0,1.2615376715939377,-1.406515320734682
184,1.0,1.0,3.5,3,1.0,1.0,3,3065.0,1.370824353014958,-0.8290362693162993
185,2.0,1.0,3.0,3,1.5,1.5,3,1031.0,1.2251069563422405,-0.5243621246371367
186,2.0,1.0,3.5,3,1.5,1.0,4,784.0,1.389036978473771,-0.4042076693577396
187,2.0,1.0,4.0,3,1.0,1.0,4,754.0,1.1659118253505447,0.4460298622635312
188,2.5,1.0,4.0,3,1.5,1.5,4,692.0,1.2979629225115634,-0.2918554514341472
189,2.5,1.0,4.0,3,1.0,1.0,3,1988.0,1.3753761432961435,-0.09120254065898985
190,2.5,1.0,3.5,3,1.0,1.0,4,1743.0,1.4573411543619086,1.1837991096203793
191,2.0,1.0,3.0,3,1.5,1.5,4,723.0,1.6303802213898817,0.12523539246906892
192,2.0,1.0,2.0,3,1.0,1.0,4,662.0,1.370824353014958,-0.5727230999830356
193,2.0,1.0,1.5,3,1.0,1.0,4,748.0,1.0110853837813851,0.6464119515767515
194,2.5,1.0,4.0,3,1.0,1.0,4,888.0,0.9154595375379927,-0.09943035459783897
195,2.5,1.0,4.0,3,1.5,1.5,4,1318.0,1.042964308751897,0.22954034409510346
196,2.5,1.0,4.0,3,1.5,1.5,4,2418.0,1.220555166061055,0.7027170231394703
197,2.5,1.0,4.0,3,1.5,1.0,4,2006.0,1.370824353014958,0.3257722369033962
198,2.5,1.0,4.0,3,1.0,1.0,4,841.0,1.5347543751464887,-0.7730407079957947
199,2.5,1.0,4.0,3,1.0,1.0,4,752.0,1.4892146149983494,-0.9894786411238533
200,2.5,1.0,4.0,3,1.0,1.0,4,644.0,1.7442186930920869,0.40594828589685
201,2.5,1.0,4.0,3,1.0,1.0,4,632.0,1.9263613406824305,-0.7408000577651954
202,2.5,1.0,4.0,3,1.5,1.5,3,562.0,1.9309185952976868,-0.7650321304785137
203,2.5,1.0,4.0,3,1.5,1.5,4,987.0,1.8261837041578526,-0.27561905997801744
204,2.5,1.0,4.0,3,1.5,1.0,4,1050.0,1.3526062632220737,-1.2862048207081687
205,2.5,1.0,4.0,3,1.0,1.0,4,568.0,1.5074327047912333,0.1252869775094379
206,2.5,1.0,4.0,3,1.0,1.0,4,750.0,1.5256453302500461,-0.09130571073972783
207,2.5,1.0,4.0,3,1.0,1.0,4,755.0,1.548415210324116,-0.1555806710394505
208,2.5,1.0,4.0,3,1.0,1.0,4,606.0,1.8717179999719207,-0.2115633360998629
209,2.5,1.0,4.0,3,1.5,1.5,4,670.0,1.6850235621003913,-0.2837952888764976
210,2.5,1.0,4.0,3,1.5,1.5,4,1559.0,1.6941271426627622,-0.33182096145999795
211,2.5,1.0,4.0,3,1.5,1.0,4,1524.0,1.5074327047912333,-0.4362290831667708
212,2.5,1.0,4.0,3,1.0,1.0,4,729.0,1.5711796260641144,0.19740286394524212
213,1.0,1.0,1.0,3,1.5,1.0,4,801.0,1.2888593419491925,-0.7087786439561643
214,1.0,1.0,1.5,3,1.0,1.0,4,467.0,1.1704636156317303,0.08520540114275672
215,1.0,1.0,3.5,3,1.0,1.0,3,799.0,1.1750154059129156,-0.0754046220459963
216,2.0,1.0,3.0,3,1.5,1.5,3,1023.0,1.2068943308834275,0.4862790900114112
217,2.0,1.0,3.5,3,1.0,1.0,4,1521.0,1.3480544729408883,0.14113648116280048
218,2.0,1.0,4.0,3,1.0,1.0,3,1298.0,1.471001989539536,0.021046507183864197
219,2.5,1.0,4.0,3,1.5,1.5,4,846.0,1.5256453302500461,-0.508396554642944
220,2.5,1.0,4.0,3,1.0,1.0,4,907.0,1.4801110344359785,0.1252869775094379
221,2.5,1.0,3.5,3,1.5,1.5,4,884.0,1.211446121164613,-0.3320401978815661
222,2.0,1.0,3.0,1,1.5,1.5,4,812.0,1.1613545707352884,-0.837251186995056
223,2.0,1.0,2.0,3,1.0,1.0,4,1051.0,1.0384070541366406,0.2696735055021533
224,2.0,1.0,1.5,3,1.5,1.5,4,1504.0,0.9883209680413868,0.4138407970733009
225,2.5,1.0,4.0,3,1.5,1.0,3,1338.0,0.9291203727156201,0.23743285527155397
226,2.5,1.0,4.0,3,1.0,1.0,3,775.0,1.1203720652024056,0.5904679752966155
227,2.5,1.0,4.0,3,1.0,1.0,4,721.0,1.2433195818010534,-0.6045252773704987
228,2.5,1.0,4.0,3,1.0,1.0,4,668.0,1.1795726605281722,0.5502187475487356
229,2.5,1.0,4.0,3,1.0,1.0,4,639.0,1.033855263855455,-0.6607400751125714
230,2.5,1.0,4.0,3,1.5,1.5,4,797.0,1.1021594397435925,-1.1100586729862945
231,2.5,1.0,4.0,3,1.5,1.5,3,1914.0,1.1750154059129156,0.7507040069426939
232,2.5,1.0,4.0,3,1.5,1.0,4,1249.0,1.0702859791071517,1.1117477044850361
233,2.5,1.0,4.0,3,1.0,1.0,4,833.0,0.7925120209393444,-0.5645984561249245
234,2.5,1.0,4.0,3,1.0,1.0,4,1281.0,0.9701028782485028,0.8068543233843054
235,2.5,1.0,4.0,3,1.0,1.0,4,949.0,1.0293034735742694,0.2616649279848726
236,2.5,1.0,4.0,3,1.0,1.0,4,435.0,1.11582027492122,-1.3744900380476233
237,2.5,1.0,4.0,3,1.5,1.5,3,768.0,1.0065335935001998,2.386762251024498
238,2.5,1.0,4.0,3,1.5,1.5,4,226.0,1.1543930091287695,1.4716694273993538
239,2.5,1.0,4.0,3,1.5,1.0,3,1415.0,0.769747605199346,-0.3961475068000896
240,2.5,1.0,4.0,3,1.0,1.0,4,729.0,0.7834084403769734,-0.845156594431599
241,2.5,1.0,4.0,3,1.0,1.0,4,775.0,0.8790342866203664,-1.3826043648976605
242,2.5,1.0,4.0,3,1.0,1.0,4,688.0,0.8699252417239245,-0.628654180003079
243,2.5,1.0,4.0,3,1.0,1.0,4,783.0,0.8061728561169723,-0.6527314975952907
244,1.0,1.0,1.0,3,1.0,1.0,4,875.0,0.9473384625085041,-0.06729287444797764
245,1.0,1.0,1.5,3,1.0,1.0,3,1935.0,1.1659118253505447,0.20535985642215415
246,1.0,1.0,3.5,3,1.0,1.0,4,2521.0,0.9701028782485028,0.285690660536715
247,2.0,1.0,3.0,3,1.5,1.0,4,1236.0,0.24152682355305752,1.9782861088628976
248,2.0,1.0,3.5,3,1.0,1.0,3,204.0,0.5648350775349331,-1.2060868048851299
249,2.0,1.0,4.0,3,1.5,1.5,1,118.0,0.7546988291676715,0.02843606421671768
250,2.5,1.0,4.0,3,1.5,1.0,1,153.0,0.8426035713686691,-0.853268342029618
251,2.5,1.0,4.0,3,1.0,1.0,1,417.0,0.8972469120791793,-0.4763235557935438
252,2.5,1.0,3.5,3,1.5,1.5,3,1750.0,0.8608161968274824,-0.9735259673897528
253,2.0,1.0,3.0,3,1.0,1.0,4,1633.0,0.8117191551990891,-1.3106471024609907
254,2.0,1.0,2.0,3,1.0,1.0,4,690.0,0.8471553616498546,-0.628551009922341
255,2.0,1.0,1.5,3,1.5,1.5,4,701.0,0.9701028782485028,-0.2997479626105981
256,2.5,1.0,3.5,3,1.0,1.0,4,647.0,0.44643935121747036,1.0394770629281254
257,2.5,1.0,3.5,3,1.0,1.0,4,428.0,-0.14552835170169928,-0.3399456053181091
258,2.5,1.0,3.5,3,1.5,1.5,3,742.0,-0.022580835103051467,-0.011194143046734772
259,2.5,1.0,3.5,3,1.5,1.5,3,1434.0,0.06393596624389954,-0.1555290859990815
260,2.5,1.0,3.5,3,1.5,1.0,3,1353.0,0.2916183739823822,-0.500387977125663
261,2.5,1.0,3.5,3,1.0,1.0,4,691.0,0.35992254987051986,-0.7168903915541829
262,2.5,1.0,3.5,3,1.0,1.0,3,438.0,0.5420651974608633,-1.214038638858005
263,2.5,1.0,3.5,3,1.0,1.0,3,539.0,0.7242078450512068,-0.8049589517240879
264,2.0,1.0,3.5,3,1.0,1.0,3,555.0,0.6194784182454434,-1.4466549302717782
265,2.0,1.0,3.5,3,1.5,1.5,3,258.0,0.6058175830678154,-1.446440852354247
266,2.0,1.0,3.5,3,1.5,1.5,3,1776.0,0.7560867700217185,-1.8075890096033367
267,2.0,1.0,3.5,3,1.5,1.0,3,1544.0,0.8380517810874837,-1.0296762838313644
268,2.0,1.0,3.5,3,1.0,1.0,3,684.0,0.769747605199346,-0.9333283246822418
269,2.0,1.0,3.5,3,1.0,1.0,3,477.0,0.7606385603029041,-0.5405340347928053
270,2.0,1.0,3.5,3,1.0,1.0,3,480.0,0.6604609237783257,-0.2277481425156237
271,2.0,1.0,3.5,3,1.0,1.0,3,653.0,0.37358338504814725,0.20546302650289178
272,2.0,1.0,3.5,3,1.5,1.5,4,830.0,-0.46883660568357494,1.3122329638789947
273,2.0,1.0,3.5,3,1.5,1.5,4,480.0,-0.7602659346949385,0.4058451158161124
274,1.0,1.0,1.0,3,1.0,1.0,3,616.0,-0.6099967477410356,-1.3824431616465076
275,1.0,1.0,1.5,3,1.5,1.5,3,330.0,-0.06356334063593375,0.1974544489856111
276,1.0,1.0,3.5,3,1.5,1.5,3,486.0,0.2324177786566156,-0.17143017469281305
277,2.0,1.0,3.0,3,1.0,1.0,4,559.0,-0.008919999925424037,-0.7168903915541829
278,2.0,1.0,3.5,3,1.0,1.0,4,639.0,0.08214859170271244,-2.1685230889348945
279,2.0,1.0,4.0,3,1.5,1.5,4,949.0,0.1413491870284791,-1.8717479035622289
280,2.5,1.0,4.0,3,1.0,1.0,4,2235.0,0.246078613834243,-1.6390245731896902
281,2.5,1.0,4.0,3,1.0,1.0,4,2397.0,0.4100086359657736,-1.911726309848172
282,2.5,1.0,3.5,3,1.5,1.0,4,1514.0,0.3872442202257747,-0.6125854399281484
283,2.0,1.0,3.0,3,1.0,1.0,4,667.0,0.25973944901187046,0.742914665846981
284,2.0,1.0,2.0,3,1.5,1.5,3,217.0,0.510191736824423,-0.6287702463439092
285,2.0,1.0,1.5,3,1.5,1.0,1,290.0,0.3007219545447532,0.42996112218860055
286,2.0,1.0,3.0,3,1.5,1.5,3,529.0,0.05938417596271405,0.8710132173431983
287,2.0,1.0,3.0,3,1.5,1.5,3,1899.0,0.0867058463179689,1.175803428363191
288,2.0,1.0,3.0,3,1.5,1.0,4,1748.0,0.2096533629166167,-0.19555907732539338
289,2.0,1.0,3.0,3,1.0,1.0,4,713.0,0.20054431802017478,-1.0375816912679074
290,2.0,1.0,3.0,3,1.0,1.0,4,637.0,0.25102930050261524,0.6808707585432157
291,2.0,1.0,3.0,3,1.0,1.0,3,254.0,-0.10910310078407298,2.9884759544082176
292,2.0,1.0,3.0,3,1.0,1.0,1,471.0,-0.37321075944018195,0.3978881233392004
293,2.0,1.0,3.0,3,1.5,1.5,4,676.0,-0.40053242979543685,-1.2622384109527505
294,2.0,1.0,3.0,3,1.5,1.5,4,1499.0,-0.4050842200766223,-1.173953193613296
295,2.0,1.0,3.0,3,1.5,1.0,4,1619.0,-0.17740727667221107,-0.925319747164961
296,2.0,1.0,3.0,3,1.0,1.0,4,699.0,-0.13186751652407183,-0.30802736158981586
297,2.0,1.0,3.0,3,1.0,1.0,4,695.0,-0.06356334063593375,-0.5403663834116061
298,2.0,1.0,3.0,3,1.0,1.0,4,404.0,-0.1409765614205138,0.09311080857929975
299,2.0,1.0,3.0,3,1.0,1.0,3,240.0,-0.9014315410864707,0.5021285936647737
300,2.0,1.0,3.0,3,1.5,1.5,3,456.0,-1.3203601769776678,2.0740795288280545
301,2.0,1.0,3.0,3,1.5,1.5,3,57.0,-0.9651784623593519,-0.1795935073312007
302,2.0,1.0,3.0,3,1.5,1.0,1,885.0,-0.8513399906571459,-1.0857750152326073
303,2.0,1.0,3.0,3,1.0,1.0,4,362.0,-0.5189281561128997,-0.7089333990772713
304,2.0,1.0,3.0,3,1.0,1.0,4,410.0,-0.6464274629927329,-1.3986163614281852
305,1.0,1.0,1.0,3,1.0,1.0,4,370.0,-0.47794565058001687,-0.6928646590023405
306,1.0,1.0,1.5,3,1.5,1.5,4,318.0,-0.5052673209352717,1.0476403955665126
307,1.0,1.0,3.5,3,1.5,1.5,4,470.0,-0.924195956826469,-0.019099550483277807
308,2.0,1.0,3.0,3,1.0,1.0,3,1156.0,-0.8058056948430777,-1.2701373702592473
309,2.0,1.0,3.5,3,1.0,1.0,4,952.0,-0.5508016167493399,-1.719303792263882
310,2.0,1.0,4.0,3,1.5,1.0,4,373.0,-0.47794565058001687,-1.566966719924301
311,2.5,1.0,4.0,3,1.0,1.0,4,376.0,-0.5234799463940851,-1.655199062597377
312,2.5,1.0,4.0,3,1.5,1.5,4,305.0,-0.6327666278151053,-0.019035069182816656
313,2.5,1.0,3.5,3,1.0,1.0,4,190.0,-0.9378567920040968,1.6008383684832264
314,2.0,1.0,3.0,3,1.0,1.0,3,440.0,-0.7602659346949385,0.2775144316382352
315,2.0,1.0,2.0,3,1.5,1.5,4,1275.0,-0.30035479327085884,1.1758550134035597
316,2.0,1.0,1.5,3,1.0,1.0,4,1004.0,0.18688348284254733,1.496649483198022
317,2.0,1.0,2.0,3,1.0,1.0,4,595.0,0.18688348284254733,0.11722681495178791
318,2.0,1.0,2.0,3,1.0,1.0,4,449.0,-0.2138325275898369,-0.6927099038812335
319,2.0,1.0,2.0,3,1.0,1.0,3,145.0,-0.8422309457607038,1.4807354982441987
320,2.0,1.0,2.0,3,1.0,1.0,1,139.0,-1.2110734955566476,-0.2838468739168666
321,2.0,1.0,2.0,3,1.5,1.5,3,245.0,-0.9105351216488416,0.4378665296251436
322,2.0,1.0,2.0,3,1.5,1.5,4,943.0,-0.17740727667221107,-0.059232711890327645
323,2.0,1.0,2.0,3,1.5,1.0,4,787.0,-0.26392407801916157,-0.67691198526824
324,2.0,1.0,2.0,3,1.0,1.0,3,220.0,-0.43240589043187766,-0.925319747164961
325,2.0,1.0,2.0,3,1.0,1.0,1,69.0,-0.30035479327085884,1.8735942694340957
326,2.0,1.0,2.0,1,1.0,1.5,1,112.0,-0.6691973430668022,-0.2996963775702291
327,2.0,1.0,2.0,3,1.0,1.0,3,560.0,-0.6600882981703603,-1.1819063172121802
328,2.0,1.0,2.0,3,1.5,1.5,4,1095.0,-0.6555365078891748,-1.574919843523185
329,2.0,1.0,2.0,3,1.5,1.5,4,1249.0,-0.20017169241220945,0.23743285527155397
330,2.0,1.0,2.0,3,1.5,1.0,4,810.0,0.04195841461013215,-0.624449999213009
331,2.0,1.0,2.0,3,1.0,1.0,4,253.0,-0.2047289470274659,0.8711292836840281
332,2.0,1.0,2.0,3,1.0,1.0,4,96.0,-0.9333050017229113,1.0396318180492319
333,2.0,1.0,2.0,3,1.0,1.0,3,188.0,-1.001609177611049,0.3819225533450077
334,2.0,1.0,2.0,3,1.0,1.0,4,182.0,-0.9925001327146069,-1.1579424867087806
335,1.0,1.0,1.0,3,1.0,1.0,4,268.0,-1.074465143780372,-1.2220459267492765
336,1.0,1.0,1.5,3,1.5,1.0,4,706.0,-0.9014315410864707,-1.3745442023400107
337,1.0,1.0,3.5,3,1.5,1.0,4,634.0,-0.6008931671786647,-1.655037859346224
338,2.0,1.0,3.0,3,1.0,1.0,4,233.0,-0.18195906695339656,0.5421585849910859
339,2.0,1.0,3.5,3,1.5,1.5,3,126.0,-0.46883660568357494,0.9753697540096018
340,2.0,1.0,4.0,3,1.0,1.0,1,50.0,-1.2566132557047867,0.6385581291805774
341,2.5,1.0,4.0,3,1.0,1.0,1,150.0,-1.1200049039285112,-1.3905561988705355
342,2.5,1.0,4.0,3,1.5,1.5,4,261.0,-1.206521705275462,0.5503863989299347
343,2.5,1.0,3.5,3,1.0,1.0,4,502.0,-1.5025082889020824,-1.5991532058625124
344,2.0,1.0,3.0,3,1.0,1.0,4,377.0,-1.4068824426586897,-1.6390245731896902
345,2.0,1.0,2.0,1,1.5,1.5,4,143.0,-1.1655391997425795,-0.6447229200780097
346,2.0,1.0,1.5,3,1.0,1.0,4,155.0,-0.9742875072557938,-1.6711581844615238
347,2.0,1.0,1.5,3,1.0,1.0,4,178.0,-0.40053242979543685,0.9994470716018131
348,2.0,1.0,1.5,3,1.0,1.0,3,181.0,-0.6600882981703603,0.9031506974930595
349,2.0,1.0,1.5,3,1.5,1.5,3,178.0,-1.2975957612376692,0.6786526018073508
350,2.0,1.0,1.5,3,1.5,1.5,3,275.0,-1.4068824426586897,-0.2677781338419359
351,2.0,1.0,1.5,3,1.5,1.0,3,220.0,-1.19741266037902,-0.22758049113442455
352,2.0,1.0,1.5,3,1.0,1.0,4,260.0,-0.6008931671786647,-1.6632592251550267
353,2.0,1.0,1.5,3,1.0,1.0,4,216.0,-0.3686589691589965,0.3979397083795694
354,2.0,1.0,1.5,3,1.0,1.0,3,107.0,-0.39598063951425133,-1.8476215801816671
355,1.0,1.0,1.5,3,1.0,1.0,3,227.0,-0.6691973430668022,1.079455469214068
356,1.0,1.0,1.5,3,1.5,1.5,3,163.0,-1.056252518321559,-0.0030823954487161275
357,1.0,1.0,1.5,3,1.5,1.5,4,155.0,-1.2077074657688802,-0.45719840207675233
358,1.0,1.0,1.5,3,1.5,1.0,4,303.0,-0.9511241951286085,0.6309106469458794
359,1.0,1.0,1.5,1,1.0,1.5,4,430.0,-0.9333050017229113,-0.026992061659728332
360,1.0,1.0,1.5,3,1.0,1.0,4,103.0,-1.0746673241410012,1.3337052369325737
361,1.0,1.0,1.5,3,1.0,1.0,3,255.0,-1.3522391019481794,-0.9173240659077725
362,1.0,1.0,1.5,3,1.0,1.0,4,254.0,-1.0061609678922343,-0.7248473840310949
363,1.0,1.0,1.5,3,1.5,1.5,4,491.0,-0.46883660568357494,0.3818709683046387
364,1.0,1.0,1.5,3,1.5,1.5,4,665.0,-0.6874099685256154,0.02094333710312656
365,1.0,1.0,1.5,3,1.5,1.0,4,686.0,-1.217215407052509,1.7941533072658993
366,1.0,1.5,1.0,1,1.0,1.5,4,244.0,-1.889563464156839,2.2584960481470815
367,1.0,1.5,1.5,3,1.0,1.0,4,89.0,-2.1217976621765073,-0.0753530370056273
368,1.0,1.5,3.5,3,1.0,1.0,4,95.0,-1.2566132557047867,-0.7809461154323375
369,2.0,1.5,3.0,3,1.5,1.0,3,140.0,-0.8832134512935865,-0.2919070364745162
370,2.0,1.5,3.5,3,1.0,1.0,4,307.0,-0.559910661645782,-0.2035676548426744
371,2.0,1.5,4.0,3,1.5,1.5,4,1070.0,-0.8650008258347734,0.01288317454547656
372,2.5,1.5,4.0,3,1.5,1.0,4,599.0,-1.4842901991091983,-1.181852152919793
373,2.5,1.5,4.0,3,1.0,1.0,4,106.0,-1.0223955044173272,-0.03857290322255969
374,2.5,1.5,3.5,3,1.5,1.5,3,173.0,-1.2110734955566476,-0.7650321304785137
375,2.0,1.5,3.0,3,1.0,1.0,4,92.0,-0.6191057926374778,-0.12349477592995815
376,2.0,1.5,2.0,3,1.0,1.0,3,269.0,-1.2110734955566476,2.4188868349142667
377,2.0,1.5,1.5,3,1.5,1.5,3,174.0,-1.7256334420253088,-0.04333162319659611
378,1.0,1.5,1.0,3,1.5,1.5,4,333.0,-1.7984894081946319,0.7829962422136618
379,1.0,1.5,1.0,3,1.5,1.0,4,284.0,-1.6709901013147985,0.5263606663780921
380,1.0,1.5,1.0,3,1.0,1.0,4,217.0,-0.6707819999474072,2.045179009961345
381,1.0,1.5,1.0,3,1.0,1.0,4,127.0,-1.0517007280403736,2.900188157816744
382,1.0,1.5,1.0,3,1.0,1.0,3,109.0,-1.6709901013147985,0.3819225533450077
383,1.0,1.5,1.0,3,1.0,1.0,4,130.0,-1.5207209143608955,0.15742445765929924
384,1.0,1.5,1.0,3,1.5,1.5,4,115.0,-1.7620641572770057,0.413956863414131
385,1.0,1.5,1.0,3,1.5,1.5,3,67.0,-1.8212592882687015,0.11729129625224907
386,1.0,1.5,1.0,1,1.5,1.5,3,196.0,-1.51616912407971,-1.0295731137506265
387,1.0,1.5,1.0,3,1.0,1.0,3,145.0,-0.8376791554795183,-0.8611608532060685
388,1.0,1.5,1.0,3,1.0,1.0,3,439.0,-1.101786814135627,-0.38007876672515895
389,1.0,1.5,1.0,3,1.0,1.0,4,467.0,-0.8422309457607038,-1.5107609495642924
390,1.0,1.5,1.0,3,1.0,1.0,4,244.0,-0.3868715946178094,1.9618304809852
391,1.0,1.5,1.0,3,1.5,1.5,3,269.0,-0.9833965521522358,0.2616133429445036
392,1.0,1.5,1.0,3,1.5,1.5,3,775.0,-1.1655391997425795,0.6384549590998395
393,1.0,1.5,1.0,3,1.5,1.0,4,558.0,-1.2383951659119026,0.3256174817822892
394,1.0,1.5,1.0,3,1.0,1.0,4,126.0,-0.578123287104595,0.9191678525276209
395,1.0,1.5,1.0,3,1.0,1.0,4,324.0,-0.14552835170169928,-0.019035069182816656
396,1.0,1.5,1.0,3,1.0,1.0,4,304.0,-0.5280317366752706,-0.043280038156227114
397,1.0,1.5,1.0,3,1.0,1.0,4,190.0,-0.9970573873298634,-0.15536143461788238
398,1.0,1.5,1.5,3,1.5,1.5,3,310.0,-1.2657168362671576,-0.8852897558386488
399,1.0,1.5,3.5,3,1.5,1.5,4,384.0,-1.2566132557047867,-0.18760208484848168
400,2.0,1.5,3.0,3,1.0,1.0,3,318.0,-1.164943587328835,-0.4738474738558337
401,2.0,1.5,3.5,3,1.0,1.0,3,206.0,-0.7739267698725661,-0.556654359908105
402,2.0,1.5,4.0,3,1.5,1.5,4,199.0,-1.3066993418000403,-0.7327914802479144
403,2.5,1.5,4.0,3,1.0,1.0,4,109.0,-1.2611650459859722,0.04505934347561472
404,2.5,1.5,4.0,3,1.0,1.0,3,163.0,-1.1746482446390214,-0.9493454797168035
405,2.5,1.5,3.5,1,1.5,1.5,4,227.0,-1.4842901991091983,1.2799923136483955
406,2.0,1.5,3.0,3,1.0,1.0,3,192.0,-2.0125109807554873,2.8200121088232906
407,2.0,1.5,2.0,3,1.5,1.5,1,73.0,-1.4933992440056403,-0.29996719903216623
408,2.0,1.5,1.5,3,1.5,1.0,4,94.0,-0.9651784623593519,-0.6366111724799911
409,1.0,1.5,1.5,3,1.0,1.0,4,135.0,-0.8058056948430777,-0.11533144329157051
410,1.0,1.5,1.5,3,1.0,1.0,3,141.0,-0.9788392975369793,-1.2782516971092845
411,1.0,1.5,1.5,3,1.0,1.0,4,74.0,-0.8331273651983329,0.19735127890487314
412,1.0,1.5,1.5,3,1.5,1.5,3,349.0,-0.8149092754054487,0.00497776710893353
413,1.0,1.5,1.5,3,1.5,1.5,4,1435.0,-1.179200034920207,0.8069059084246747
414,1.0,1.5,1.5,3,1.5,1.0,4,618.0,-1.179200034920207,0.4970216746682469
415,1.0,1.5,1.5,3,1.0,1.0,3,502.0,-1.1364361564801617,0.19568766135297436
416,1.0,1.5,1.5,3,1.0,1.0,4,163.0,-0.5462498264681545,0.5665067240452344
417,1.0,1.5,1.5,3,1.0,1.0,4,394.0,-0.22749336276746432,0.0047714269474579156
418,1.0,1.5,1.5,3,1.0,1.0,4,516.0,-0.48249744086120233,0.6064335452908083
419,1.0,1.5,1.5,3,1.5,1.5,4,246.0,-1.1200049039285112,2.98031262176983
420,1.0,1.5,1.5,3,1.5,1.5,3,317.0,-1.1837518252013923,0.18939428642796147
421,1.0,1.5,1.5,3,1.5,1.0,4,515.0,-0.7056225939844286,0.9993310052609826
422,1.0,1.5,1.5,3,1.0,1.0,4,253.0,-0.7466050995173111,0.03706366221842622
423,1.0,1.5,1.5,3,1.0,1.0,4,229.0,-0.05445976007356279,0.4699911135149124
424,1.0,1.5,1.5,3,1.0,1.0,4,325.0,-0.7784840244878226,-0.5885726036363982
425,1.0,1.5,1.0,3,1.0,1.0,4,246.0,-0.44606672560950505,-0.37997559664442093
426,1.0,1.5,1.5,3,1.5,1.5,3,956.0,-0.9287532114417258,1.8574223592784278
427,1.0,1.5,3.5,3,1.5,1.5,3,710.0,-1.3795607723034344,0.49412001614749307
428,2.0,1.5,3.0,3,1.0,1.0,4,203.0,-1.2975957612376692,0.1332439699863496
429,2.0,1.5,3.5,3,1.0,1.0,4,221.0,-0.5007100663200152,2.00196364239225
430,2.0,1.5,4.0,3,1.5,1.0,4,432.0,0.1732226476649199,3.2372190190673362
431,2.5,1.5,4.0,3,1.0,1.0,4,486.0,-0.4642848154023894,2.8920764102187255
432,2.5,1.5,4.0,3,1.5,1.5,4,447.0,-1.1382175293873245,0.4540384397808119
433,2.5,1.5,3.5,3,1.0,1.0,3,968.0,-0.7325508322865679,0.4132475691090577
434,2.0,1.5,3.0,3,1.0,1.0,4,1658.0,-0.1591891868793267,0.2214285964970848
435,2.0,1.5,2.0,3,1.5,1.5,4,838.0,0.3781351753293328,0.5984765528138966
436,2.0,1.5,1.5,3,1.0,1.0,4,762.0,0.4191176808622155,-0.973422797309015
437,1.0,1.5,3.5,3,1.0,1.0,4,997.0,0.3371526697964505,-0.5243621246371367
438,1.0,1.5,3.5,3,1.0,1.0,4,1005.0,-0.32767646362611375,-0.9975388036815032
439,1.0,1.5,3.5,3,1.0,1.0,4,548.0,0.10036668149559634,-1.0296246987909956
440,1.0,1.5,3.5,3,1.5,1.5,3,3155.0,-0.12731572624288637,-0.8209761067586496
441,1.0,1.5,3.5,3,1.5,1.5,3,2207.0,0.2688484939083124,-0.36401002665022825
442,1.0,1.5,3.5,3,1.5,1.0,3,982.0,0.3553652952552634,-0.8933499183962988
443,1.0,1.5,3.5,3,1.0,1.0,4,1051.0,0.1959925277389893,-1.3023251458234684
444,1.0,1.5,3.5,3,1.0,1.0,4,1122.0,0.31894004433763706,-0.9411821470784157
445,2.0,1.5,3.5,3,1.0,1.0,3,1334.0,0.5784959127125606,-0.9574572273148223
446,2.0,1.5,3.5,3,1.0,1.0,4,2469.0,0.036614295888644205,0.028887433319946077
447,2.0,1.5,3.5,3,1.5,1.5,3,1033.0,-0.31856741872967176,0.3898795458219197
448,2.0,1.5,3.5,3,1.5,1.5,3,1532.0,-0.27303312291560355,2.531251949097952
449,2.0,1.5,3.5,3,1.5,1.0,3,795.0,-0.9424140466193532,-0.04321555685576597
450,2.0,1.5,3.5,3,1.0,1.0,4,531.0,-0.06356334063593375,1.3041728013213447
451,2.0,1.5,3.5,3,1.0,1.0,4,674.0,-0.008919999925424037,1.6649972624421192
452,2.0,1.5,3.5,3,1.0,1.0,4,834.0,-0.6874099685256154,-0.6767443338870409
453,2.0,1.5,3.5,3,1.0,1.0,4,796.0,-0.39142338489899486,0.7747297394945365
454,2.0,1.5,3.5,3,1.5,1.5,3,2301.0,-0.38231980433662394,-0.23569223873244355
455,2.0,1.5,3.5,3,1.5,1.5,3,2347.0,-0.33816798504253176,1.5681334528893065
456,1.0,1.5,1.0,3,1.0,1.0,3,1208.0,-0.1591891868793267,-1.1659510642260613
457,1.0,1.5,1.5,3,1.5,1.0,4,1348.0,0.2506358684494995,-0.12339160584922017
458,1.0,1.5,3.5,3,1.5,1.0,4,1058.0,-0.3322282539072992,0.37381080574698905
459,2.0,1.5,3.0,3,1.0,1.0,4,1192.0,-0.5052673209352717,1.4165895005453983
460,2.0,1.5,3.5,3,1.5,1.5,4,1807.0,-0.31856741872967176,1.087515631771718
461,2.0,1.5,4.0,3,1.0,1.0,4,3252.0,0.022953460711016775,0.542326236372285
462,2.5,1.5,4.0,1,1.0,1.5,4,2230.0,-0.03624167028067889,2.16209650395759
463,2.5,1.5,4.0,3,1.5,1.5,4,905.0,-0.2684758683003471,0.7587125844599745
464,2.5,1.5,3.5,3,1.0,1.0,4,819.0,-0.8038221415752863,1.3506380264336844
465,2.0,1.5,3.0,3,1.0,1.0,4,482.0,-0.5371407815717125,1.2881556462867827
466,2.0,1.5,2.0,3,1.5,1.0,4,663.0,-0.2912457483744169,-0.4522978232417015
467,2.0,1.5,1.5,3,1.0,1.0,4,1252.0,-0.0043682096442380835,0.004823011987826905
468,2.0,1.5,3.0,3,1.5,1.5,4,2795.0,0.6058175830678154,0.4460298622635312
469,2.0,1.5,3.0,3,1.5,1.5,4,2846.0,0.9200167921532492,1.2159365897702406
470,2.0,1.5,3.0,3,1.5,1.0,4,1198.0,0.6149211636301865,1.0714984767371563
471,2.0,1.5,3.0,3,1.0,1.0,4,989.0,-0.17740727667221107,-0.2918554514341472
472,2.0,1.5,3.0,3,1.0,1.0,4,347.0,0.013844415814574827,-1.6070521651690095
473,2.0,1.5,3.0,3,1.0,1.0,3,846.0,0.16867085738373444,-0.5245168797582437
474,2.0,1.5,3.0,3,1.0,1.0,4,1340.0,0.40545684568458806,1.1999194347356792
475,2.0,1.5,3.0,3,1.5,1.5,4,2541.0,-0.541692571852898,1.9860625536985186
476,2.0,1.5,3.0,3,1.5,1.5,4,120.0,-0.9515176271817242,1.4566710769120792
477,2.0,1.5,3.0,3,1.5,1.0,1,195.0,-0.4506239802247615,0.7588157545407125
478,2.0,1.5,3.0,3,1.0,1.0,3,518.0,-0.10454584616881651,-0.925319747164961
479,2.0,1.5,3.0,3,1.0,1.0,4,655.0,0.013844415814574827,-0.1794903372504627
480,2.0,1.5,3.0,3,1.0,1.0,4,475.0,-0.2092807373086514,2.0258733086032623
481,2.0,1.5,3.0,3,1.0,1.0,3,1014.0,-0.6509792532739184,-0.7811008705534445
482,2.0,1.5,3.0,3,1.5,1.5,4,1120.0,-0.2047289470274659,-0.9496163011787404
483,2.0,1.5,3.0,3,1.5,1.5,3,2229.0,-0.17285002205695413,-0.24380398633046219
484,2.0,1.5,3.0,3,1.5,1.0,4,665.0,0.6422428339854418,-0.44423766068405146
485,2.0,1.5,3.0,3,1.0,1.0,3,653.0,0.37358338504814725,-0.6768604002278711
486,1.0,1.5,1.0,3,1.5,1.5,3,667.0,0.35081350497407787,-0.7331138867502205
487,1.0,1.5,1.5,3,1.0,1.0,4,764.0,0.7196560547700213,-0.35600144913294757
488,1.0,1.5,3.5,3,1.0,1.0,3,1069.0,0.687782594133581,-0.48426765201036365
489,2.0,1.5,3.0,3,1.0,1.0,4,2496.0,0.3644743401517053,-0.5244137096775057
490,2.0,1.5,3.5,3,1.5,1.5,3,2135.0,0.2278659883754301,0.5181457486993354
491,2.0,1.5,4.0,3,1.0,1.0,3,1008.0,0.46920923129154024,1.3603747028033255
492,2.5,1.5,4.0,3,1.0,1.0,3,738.0,0.43277851603984296,0.3336131630394777
493,2.5,1.5,4.0,3,1.5,1.0,3,620.0,0.054826921347457584,1.592945857306776
494,2.5,1.5,3.5,3,1.0,1.0,3,1026.0,0.20509610830136024,0.5983089014326974
495,2.0,1.5,3.0,3,1.5,1.5,4,1319.0,0.37358338504814725,-0.8693370821045483
496,2.0,1.5,2.0,3,1.0,1.0,4,2622.0,0.6376910437042562,0.44587510714242423
497,2.0,1.5,1.5,3,1.0,1.0,4,2172.0,0.423669471143401,0.285639075496346
498,2.0,1.5,3.5,3,1.5,1.0,4,342.0,0.6331392534230708,-0.5564867085269058
499,2.0,1.5,3.5,3,1.0,1.0,3,625.0,0.769747605199346,-0.8773456596218293
500,2.0,1.5,3.5,3,1.0,1.0,3,991.0,0.5329561525644214,0.5020770086244047
501,2.0,1.5,3.5,3,1.0,1.0,4,1242.0,0.37358338504814725,-0.6928646590023405
502,2.0,1.5,3.5,3,1.0,1.0,4,1521.0,0.5693868678161187,-1.3743288347964704
503,2.0,1.5,3.5,3,1.5,1.5,4,3410.0,0.6832253395183245,0.8230907148404352
504,2.0,1.5,3.5,3,1.5,1.5,4,2704.0,0.5602778229196762,0.5501671625083666
505,2.0,1.5,3.5,3,1.5,1.0,4,630.0,0.6513518788818837,-0.9333799097226109
506,2.0,1.5,3.5,3,1.0,1.0,3,819.0,0.687782594133581,-1.14187374663385
507,2.0,1.5,3.5,3,1.0,1.0,3,766.0,0.8699252417239245,-0.22758049113442455
508,2.0,1.5,3.5,3,1.0,1.0,3,1059.0,1.0065335935001998,-0.6447229200780097
509,2.0,1.5,3.5,3,1.0,1.0,4,1417.0,1.0748377693883373,0.10896031223266231
510,2.0,1.5,3.5,3,1.5,1.5,4,2855.0,1.0611769342107098,0.3176089042650082
511,2.0,1.5,3.5,3,1.5,1.5,4,3283.0,1.1841244508093576,0.07709365354473807
512,2.0,1.5,3.5,1,1.5,1.5,4,2557.0,1.2387677915198678,1.3522629552053063
513,2.0,1.5,3.5,3,1.0,1.0,4,880.0,0.8790342866203664,-0.7249505541118328
514,2.0,1.5,3.5,3,1.0,1.0,4,745.0,1.0065335935001998,0.0610764985101764
515,2.0,1.5,3.5,3,1.0,1.0,3,1100.0,0.8653734514427389,0.6063819602504397
516,2.0,1.5,3.5,3,1.0,1.0,4,533.0,0.47831281185391117,-0.05134020071387712
517,1.0,1.5,1.0,3,1.5,1.5,3,2795.0,0.5830477029937461,-0.08325844444217033
518,1.0,1.5,1.5,3,1.0,1.0,4,2494.0,0.5557260326384907,1.2159881748106098
519,1.0,1.5,3.5,3,1.0,1.0,4,1071.0,0.246078613834243,0.24544143278883498
520,2.0,1.5,3.0,3,1.5,1.5,4,968.0,0.31894004433763706,-1.4626682164283122
521,2.0,1.5,3.5,3,1.5,1.0,3,1027.0,0.5830477029937461,-0.4280657505283828
522,2.0,1.5,4.0,3,1.0,1.0,4,1038.0,0.8380517810874837,-0.19550749228502473
523,2.5,1.5,4.0,3,1.5,1.5,4,1488.0,1.1750154059129156,-0.5965295961133099
524,2.5,1.5,4.0,3,1.0,1.0,4,2708.0,1.2615376715939377,-0.7327914802479144
525,2.5,1.5,3.5,3,1.0,1.0,4,2224.0,1.229658746623426,0.2214285964970848
526,2.0,1.5,3.0,3,1.5,1.5,4,1017.0,0.8608161968274824,0.3095487417073585
527,2.0,1.5,2.0,3,1.0,1.0,3,477.0,0.87447703200511,1.9697229921616508
528,2.0,1.5,1.5,3,1.0,1.0,3,1173.0,0.8334945264722272,0.8149144859419554
529,2.0,1.5,4.0,3,1.0,1.0,4,1180.0,0.7834084403769734,-0.1795935073312007
530,2.0,1.5,4.0,3,1.0,1.0,4,1563.0,0.7424259348440911,-0.30791129524898575
531,2.0,1.5,4.0,3,1.5,1.5,4,2963.0,0.5284043622832358,-0.5885726036363982
532,2.0,1.5,4.0,3,1.5,1.5,4,2634.0,0.39634780078814613,-0.20372240996378135
533,2.0,1.5,4.0,3,1.5,1.0,4,653.0,1.0520678893142679,-0.5484265459692559
534,2.0,1.5,4.0,3,1.0,1.0,3,968.0,1.5666278357829295,-0.9895431224243146
535,2.0,1.5,4.0,3,1.0,1.0,4,872.0,1.6941271426627622,-0.9253842284654221
536,2.0,1.5,4.0,3,1.0,1.0,4,778.0,1.539306165427674,-0.09931428825700883
537,2.5,1.5,4.0,3,1.0,1.0,4,964.0,1.2888593419491925,-0.1395635160048888
538,2.5,1.5,4.0,3,1.5,1.5,4,2657.0,1.3526062632220737,-0.5805640261191172
539,2.5,1.5,4.0,3,1.5,1.5,4,2551.0,1.202337076268171,1.416525019244937
540,2.5,1.5,4.0,3,1.5,1.0,4,1139.0,0.7378686802288347,2.0259893749440927
541,2.5,1.5,4.0,3,1.0,1.0,4,1077.0,1.1021594397435925,1.047588810526144
542,2.5,1.5,4.0,3,1.0,1.0,4,1077.0,1.3844851881925855,-0.24364923120935522
543,2.5,1.5,4.0,3,1.0,1.0,4,921.0,1.8489535842319222,-0.3240316203642854
544,2.5,1.5,4.0,3,1.0,1.0,4,829.0,1.471001989539536,-0.38007876672515895
545,2.5,1.5,4.0,3,1.5,1.5,4,1455.0,1.748770483373273,-0.28389845895723553
546,2.5,1.5,4.0,3,1.5,1.5,4,1421.0,1.5620760455017435,0.06092174338906943
547,1.0,1.5,1.0,3,1.5,1.0,4,904.0,1.557518790886487,-0.8293070907782364
548,1.0,1.5,1.5,3,1.0,1.0,4,1052.0,1.6030585510346258,-0.7169419765945518
549,1.0,1.5,3.5,3,1.0,1.0,4,2562.0,1.812522868980225,0.044956173394876744
550,2.0,1.5,3.0,3,1.5,1.5,4,1405.0,1.81707465926141,-0.5726070336422054
551,2.0,1.5,3.5,3,1.0,1.0,4,1366.0,1.999222771185825,-0.3480573529161277
552,2.0,1.5,4.0,3,1.0,1.0,4,1448.0,1.7852011986249692,-0.8371480169143183
553,2.5,1.5,4.0,3,1.5,1.5,4,1203.0,1.1750154059129156,-0.12339160584922017
554,2.5,1.5,4.0,3,1.0,1.0,4,998.0,1.229658746623426,-0.5004524584261245
555,2.5,1.5,3.5,3,1.5,1.5,3,954.0,1.2068943308834275,-0.5005040434664931
556,2.0,1.5,3.0,3,1.5,1.0,3,975.0,1.202337076268171,-0.5644437010038175
557,2.0,1.5,2.0,3,1.0,1.0,4,1032.0,1.2888593419491925,-1.4146296475847193
558,2.0,1.5,1.5,3,1.5,1.5,4,1511.0,1.134032900380033,-0.6043705222493917
559,2.5,1.5,4.0,3,1.5,1.5,3,2355.0,1.3662670983997016,-0.30791129524898575
560,2.5,1.5,4.0,3,1.5,1.5,3,1920.0,1.4618929446430942,-0.33989402027774007
561,2.5,1.5,4.0,3,1.5,1.0,4,1088.0,1.7624313185509004,-0.9815861299474027
562,2.5,1.5,4.0,3,1.0,1.0,4,921.0,1.6258229667746251,-0.6848044964446905
563,2.5,1.5,4.0,3,1.0,1.0,4,799.0,1.4983236598947913,-0.32387686524317844
564,2.5,1.5,4.0,3,1.0,1.0,4,888.0,0.9291203727156201,0.23760050665275312
565,2.5,1.5,4.0,3,1.0,1.0,4,747.0,0.5466169877420488,0.2934800016324279
566,2.5,1.5,4.0,3,1.5,1.5,3,1264.0,0.938229417612062,-1.2460652111710728
567,2.5,1.5,4.0,3,1.5,1.5,1,2544.0,1.3435026826597027,-0.6688002376702213
568,2.5,1.5,4.0,3,1.5,1.0,3,1135.0,1.3935887687549564,0.2696735055021533
569,2.5,1.5,4.0,3,1.0,1.0,4,1140.0,1.2478768364163102,-0.3319886128411971
570,2.5,1.5,4.0,3,1.0,1.0,4,1383.0,1.5347543751464887,1.2157302496087652
571,2.5,1.5,4.0,3,1.0,1.0,4,1036.0,1.5620760455017435,-0.48426765201036365
572,2.5,1.5,4.0,3,1.0,1.0,4,1259.0,1.4209104391102119,-0.4280657505283828
573,2.5,1.5,4.0,3,1.5,1.5,4,2234.0,1.2342160012386825,-0.2598211413650239
574,2.5,1.5,4.0,3,1.5,1.5,4,2153.0,1.2843020873339361,-0.4762074894527137
575,2.5,1.5,4.0,3,1.5,1.0,4,1040.0,1.1886762410905432,-0.3239284502835474
576,2.5,1.5,4.0,3,1.0,1.0,4,968.0,1.211446121164613,-0.6366111724799911
577,2.5,1.5,4.0,3,1.0,1.0,4,1074.0,1.4026978136513983,-0.7891094480707255
578,1.0,1.5,1.0,3,1.0,1.0,4,983.0,1.4755537798207214,0.3256174817822892
579,1.0,1.5,1.5,3,1.0,1.0,4,1328.0,1.6258229667746251,0.8629530547855483
580,1.0,1.5,3.5,3,1.0,1.0,3,2345.0,1.493771869613606,1.2880524762060455
581,2.0,1.5,3.0,3,1.5,1.0,4,1707.0,1.4026978136513983,-0.7891094480707255
582,2.0,1.5,3.5,3,1.0,1.0,4,1233.0,1.3116237576891914,-0.9496163011787404
583,2.0,1.5,4.0,3,1.5,1.5,3,1278.0,1.389036978473771,-1.0296762838313644
584,2.5,1.5,4.0,3,1.5,1.0,3,1263.0,1.4209104391102119,-0.44418607564368245
585,2.5,1.5,4.0,3,1.0,1.0,3,1196.0,1.202337076268171,0.6225022853657393
586,2.5,1.5,3.5,3,1.5,1.5,4,1065.0,1.0748377693883373,0.20551461154326076
587,2.0,1.5,3.0,3,1.0,1.0,3,2247.0,1.1203720652024056,-0.8773456596218293
588,2.0,1.5,2.0,3,1.0,1.0,3,2182.0,1.229658746623426,-0.7006668963581456
589,2.0,1.5,1.5,3,1.5,1.5,4,1207.0,1.2615376715939377,-0.27578671135921656
590,2.5,1.5,4.0,3,1.0,1.0,4,1128.0,1.1522509901729174,-0.2678813039226739
591,2.5,1.5,4.0,3,1.0,1.0,4,1198.0,1.220555166061055,-0.628654180003079
592,2.5,1.5,4.0,3,1.0,1.0,4,1338.0,1.2433195818010534,0.5263090813377234
593,2.5,1.5,4.0,3,1.0,1.0,4,1483.0,0.9974245486037577,-0.16347318221590101
594,2.5,1.5,4.0,3,1.5,1.5,4,2827.0,0.7651903505840896,-1.342410591068177
595,2.5,1.5,4.0,3,1.5,1.5,4,1208.0,0.7651903505840896,-0.7810492855130754
596,2.5,1.5,4.0,3,1.5,1.0,3,1026.0,0.8380517810874837,-1.5188211121219422
597,2.5,1.5,4.0,3,1.0,1.0,3,1081.0,0.938229417612062,-1.5509005591013887
598,2.5,1.5,4.0,3,1.0,1.0,4,1094.0,1.0930503948471506,-1.366322836531208
599,2.5,1.5,4.0,3,1.0,1.0,4,1363.0,1.1294811100988476,-1.5268812746795921
600,2.5,1.5,4.0,3,1.0,1.0,4,1325.0,0.9063559569756218,0.6946568605818203
601,2.5,1.5,4.0,3,1.5,1.5,3,1829.0,0.8608161968274824,0.49412001614749307
602,2.5,1.5,4.0,3,1.5,1.5,3,1483.0,1.134032900380033,-0.797118025588006
603,2.5,1.5,4.0,3,1.5,1.0,3,989.0,1.2706412521563086,0.004926182068564882
604,2.5,1.5,4.0,3,1.0,1.0,4,935.0,1.033855263855455,-1.0056634475396142
605,2.5,1.5,4.0,3,1.0,1.0,4,1177.0,1.1522509901729174,-1.4627752553870779
606,2.5,1.5,4.0,3,1.0,1.0,4,1172.0,1.4664501992583505,-0.2838468739168666
607,2.5,1.5,4.0,3,1.0,1.0,4,1433.0,1.407249603932584,-0.9976032849819644
608,2.5,1.5,4.0,3,1.5,1.5,4,2352.0,1.0976076494624072,-1.6310185749244277
609,1.0,1.5,1.0,3,1.0,1.0,3,2613.0,1.1568027804541028,-0.508396554642944
610,1.0,1.5,1.5,3,1.5,1.5,3,1965.0,1.2569804169786813,0.590364805215878
611,1.0,1.5,3.5,3,1.5,1.5,4,867.0,1.316181012304448,-0.03527146063894645
612,2.0,1.5,3.0,3,1.0,1.0,4,832.0,1.0976076494624072,-0.6205940174454294
613,2.0,1.5,3.5,3,1.0,1.0,4,611.0,1.134032900380033,-0.24370081624972423
614,2.0,1.5,4.0,3,1.5,1.5,3,1045.0,0.8926951217979938,1.1678980209266476
615,2.5,1.5,4.0,3,1.0,1.0,4,1557.0,0.6240302085266288,0.4378665296251436
616,2.5,1.5,4.0,3,1.0,1.0,3,2570.0,0.47831281185391117,0.8791378612013087
617,2.5,1.5,3.5,3,1.5,1.0,4,1118.0,0.44643935121747036,-1.2701373702592473
618,2.0,1.5,3.0,3,1.0,1.0,4,1070.0,0.5648350775349331,-0.7569719679208641
619,2.0,1.5,2.0,3,1.5,1.5,4,1050.0,0.6376910437042562,-1.3905033242041573
620,2.0,1.5,1.5,3,1.5,1.0,4,1054.0,0.7515295154064621,-1.1178480140820073
621,2.5,1.5,3.5,3,1.0,1.0,4,1379.0,0.6149211636301865,0.7348029182489623
622,2.5,1.5,3.5,3,1.5,1.5,4,3160.0,0.46010018639509825,-1.2942649832658186
623,2.5,1.5,3.5,3,1.5,1.5,4,2166.0,0.4646519766762838,-0.500387977125663
624,2.5,1.5,3.5,3,1.5,1.0,4,1022.0,0.6968861746959519,2.154242681561416
625,2.5,1.5,3.5,3,1.0,1.0,3,371.0,0.30983099944119513,0.31766048930537716
626,2.5,1.5,3.5,3,1.0,1.0,3,788.0,0.2779575388047548,-0.9333799097226109
627,2.5,1.5,3.5,3,1.0,1.0,4,939.0,0.5648350775349331,-0.4683149782762631
628,2.5,1.5,3.5,3,1.0,1.0,4,1250.0,0.8426035713686691,1.19986784969531
629,2.0,1.5,3.5,3,1.5,1.5,4,2512.0,0.18233169256136186,0.42190095963095053
630,2.0,1.5,3.5,3,1.5,1.5,4,2454.0,0.10036668149559634,-0.6208132538669975
631,2.0,1.5,3.5,3,1.5,1.0,4,1001.0,0.29617016426356774,0.590364805215878
632,2.0,1.5,3.5,3,1.0,1.0,4,845.0,0.7606385603029041,0.6945536905010823
633,2.0,1.5,3.5,3,1.0,1.0,4,787.0,0.8426035713686691,-0.7247829027306337
634,2.0,1.5,3.5,3,1.0,1.0,4,751.0,0.674121758955953,-0.3399971903584781
635,2.0,1.5,3.5,3,1.0,1.0,3,1045.0,0.25518765873068494,0.4779481059918244
636,2.0,1.5,3.5,3,1.5,1.5,3,2589.0,0.16867085738373444,-0.7168388065138143
637,2.0,1.5,3.5,3,1.5,1.5,4,2015.0,0.13679193241322263,-1.286257695374547
638,2.0,1.5,3.5,3,1.5,1.0,4,763.0,0.5192953173867939,-1.1099555029055566
639,1.0,1.5,1.0,3,1.0,1.0,3,315.0,0.8835860769015519,-1.5991003311961345
640,1.0,1.5,1.5,3,1.5,1.5,1,728.0,0.8835860769015519,-0.9413884872398917
641,1.0,1.5,3.5,3,1.5,1.5,3,891.0,0.6513518788818837,-1.0857750152326073
642,2.0,1.5,3.0,3,1.0,1.0,3,1516.0,0.31894004433763706,0.9992278351802446
643,2.0,1.5,3.5,3,1.0,1.0,4,3031.0,-0.4369631450471341,-0.6368304089015592
644,2.0,1.5,4.0,3,1.5,1.0,4,781.0,-0.6145540023562921,-0.011142558006365785
645,2.5,1.5,4.0,3,1.0,1.0,3,874.0,-0.2684758683003471,-0.0031339804890851163
646,2.5,1.5,4.0,3,1.5,1.5,3,601.0,0.10036668149559634,-0.03510380925774732
647,2.5,1.5,3.5,3,1.0,1.0,3,780.0,-0.3322282539072992,-0.1153830283319395
648,2.0,1.5,3.0,3,1.0,1.0,4,834.0,-0.31856741872967176,0.5745153015625151
649,2.0,1.5,2.0,3,1.5,1.5,4,1060.0,-0.559910661645782,-0.5726070336422054
650,2.0,1.5,1.5,3,1.0,1.0,4,2252.0,0.1413491870284791,1.1357605407767863
651,2.0,1.5,3.0,3,1.5,1.5,4,2080.0,0.35992254987051986,1.3604778728840636
652,2.0,1.5,3.0,1,1.5,1.5,4,760.0,-0.15008560631695575,-0.10732286577428951
653,2.0,1.5,3.0,3,1.0,1.0,3,922.0,-0.21838978220509336,-1.1499854942318686
654,2.0,1.5,3.0,3,1.0,1.0,4,979.0,0.1459009773096646,0.5983089014326974
655,2.0,1.5,3.0,3,1.0,1.0,4,1008.0,0.3690261304328908,-0.7168903915541829
656,2.0,1.5,3.0,3,1.0,1.0,3,753.0,-0.06356334063593375,-0.9415045535807218
657,2.0,1.5,3.0,3,1.5,1.5,3,2806.0,-0.17285002205695413,-0.31581670268552875
658,2.0,1.5,3.0,3,1.5,1.5,4,2132.0,-0.045350715177120846,-1.406462446068304
659,2.0,1.5,3.0,3,1.5,1.0,4,830.0,0.2642967036271269,-1.238005048613423
660,2.0,1.5,3.0,3,1.0,1.0,4,841.0,0.5010826919279806,-1.5187127835371674
661,2.0,1.5,3.0,3,1.0,1.0,4,795.0,0.29617016426356774,-0.8533199270699866
662,2.0,1.5,3.0,3,1.0,1.0,4,875.0,0.27340028418949786,-0.7489633904035831
663,2.0,1.5,3.0,3,1.0,1.0,3,1182.0,0.18688348284254733,0.582253057617859
664,2.0,1.5,3.0,3,1.5,1.5,3,2643.0,-0.09999405588763104,2.6755224107498368
665,2.0,1.5,3.0,3,1.5,1.5,3,998.0,-0.30490658355204436,2.1621480889979594
666,2.0,1.5,3.0,3,1.5,1.0,3,2.0,-0.9705608314193369,0.2897271899455862
667,2.0,1.5,3.0,3,1.0,1.0,1,87.0,-0.7557141444137531,-0.30791129524898575
668,2.0,1.5,3.0,3,1.0,1.0,3,419.0,-0.7101798485996851,-0.4281173355687518
669,2.0,1.5,3.0,3,1.0,1.0,3,466.0,-0.7693749795913807,0.9753697540096018
670,1.0,1.5,1.0,3,1.0,1.0,3,618.0,-0.8331273651983329,1.0315200704512133
671,1.0,1.5,1.5,3,1.5,1.0,4,1029.0,-0.9287532114417258,-0.14746892344143184
672,1.0,1.5,3.5,3,1.5,1.0,3,1201.0,-0.9651784623593519,0.5904163902562466
673,2.0,1.5,3.0,3,1.0,1.0,4,378.0,-1.1746482446390214,-0.21962349865751288
674,2.0,1.5,3.5,3,1.5,1.5,4,466.0,-1.0926832335732561,1.46456358808853
675,2.0,1.5,4.0,3,1.0,1.0,4,326.0,-0.7848171876761709,2.0284783531418946
676,2.5,1.5,4.0,3,1.0,1.0,3,340.0,-0.7329442643396834,0.3097034968284655
677,2.5,1.5,4.0,3,1.5,1.5,4,709.0,-0.5826750773857805,-1.7112977939986194
678,2.5,1.5,3.5,3,1.0,1.0,4,2090.0,-0.4096414746918792,-0.8130191142817377
679,2.0,1.5,3.0,3,1.0,1.0,4,2290.0,-0.05901155035474827,-0.2195719136171439
680,2.0,1.5,2.0,1,1.5,1.5,4,1097.0,-0.8331273651983329,1.9538219034679194
681,2.0,1.5,1.5,3,1.0,1.0,4,327.0,-1.129108484490882,0.11712364487104994
682,2.0,1.5,2.0,3,1.0,1.0,3,373.0,-0.9515176271817242,-0.4843321333108248
683,2.0,1.5,2.0,3,1.0,1.0,4,320.0,-0.8240183203018909,-0.25170939376700524
684,2.0,1.5,2.0,3,1.0,1.0,3,484.0,-0.9333050017229113,-0.13946034592415082
685,2.0,1.5,2.0,3,1.5,1.5,4,1313.0,-0.8376791554795183,0.4780512760725624
686,2.0,1.5,2.0,3,1.5,1.5,4,922.0,-0.6282148375339197,0.5741928950602093
687,2.0,1.5,2.0,3,1.5,1.0,4,449.0,-0.6646400884515458,-1.3904491599117699
688,2.0,1.5,2.0,3,1.0,1.0,3,534.0,-0.7784840244878226,-1.1258050065589194
689,2.0,1.5,2.0,3,1.0,1.0,3,615.0,-0.8513399906571459,-1.775456687957512
690,2.0,1.5,2.0,3,1.0,1.0,4,955.0,-0.6965190134220574,-0.5483749609288868
691,2.0,1.5,2.0,3,1.0,1.0,4,1603.0,-1.1883090798166491,2.4029341611801667
692,2.0,1.5,2.0,3,1.5,1.5,4,532.0,-1.3658999371258072,-0.5164051321602247
693,2.0,1.5,2.0,3,1.5,1.5,4,309.0,-0.9970573873298634,-1.8556817427393166
694,2.0,1.5,2.0,3,1.5,1.0,4,337.0,-1.1154476493132548,0.6063690639903472
695,2.0,1.5,2.0,3,1.0,1.0,4,123.0,-1.0881259789579996,0.26151017286376566
696,2.0,1.5,2.0,3,1.0,1.0,3,198.0,-1.1744460642783925,-0.9674905176665847
697,2.0,1.5,2.0,1,1.0,1.5,4,243.0,-1.0790223983956286,-1.7032376314409698
698,2.0,1.5,2.0,3,1.0,1.0,4,362.0,-1.0790223983956286,-1.6873313842432016
699,2.0,1.5,2.0,3,1.5,1.5,4,951.0,-0.8103574851242632,-0.853268342029618
700,1.0,1.5,1.0,3,1.5,1.5,3,892.0,-0.23660240766390675,-1.3905033242041573
701,1.0,1.5,1.5,3,1.0,1.0,3,555.0,-0.10910310078407298,-0.21167940244069303
702,1.0,1.5,3.5,3,1.0,1.0,4,551.0,-0.3140156284484863,1.7213668153052986
703,2.0,1.5,3.0,3,1.0,1.0,4,331.0,-1.311256596415297,-0.20361923988304337
704,2.0,1.5,3.5,3,1.5,1.5,4,340.0,-0.9560748817969806,-0.7730407079957947
705,2.0,1.5,4.0,3,1.0,1.0,4,349.0,-0.6236575829186632,-1.1498823241511307
706,2.5,1.5,4.0,3,1.0,1.0,3,1153.0,-0.6099967477410356,-0.4200055879707332
707,2.5,1.5,4.0,3,1.5,1.0,3,441.0,-0.32767646362611375,-0.0030308104083471383
708,2.5,1.5,3.5,3,1.0,1.0,3,329.0,-0.7784840244878226,1.3604778728840636
709,2.0,1.5,3.0,3,1.5,1.5,3,282.0,-1.0835741886768142,-0.3560143453930398
710,2.0,1.5,2.0,3,1.0,1.0,3,310.0,-1.0926832335732561,-0.21167940244069303
711,2.0,1.5,1.5,3,1.0,1.0,3,425.0,-1.170090990023765,-0.7649289603977758
712,2.0,1.5,1.5,3,1.0,1.0,4,429.0,-0.9378567920040968,-1.0857750152326073
713,2.0,1.5,1.5,3,1.5,1.5,4,767.0,-0.7283924740584979,-1.1580972418298874
714,2.0,1.5,1.5,3,1.5,1.5,4,538.0,-0.559910661645782,-1.1901276830209833
715,2.0,1.5,1.5,3,1.5,1.0,3,212.0,-0.4642848154023894,0.39799129341993833
716,2.0,1.5,1.5,3,1.0,1.0,3,433.0,-0.8923224961900286,-0.08319396314170918
717,2.0,1.5,1.5,3,1.0,1.0,4,333.0,-0.9059833313676562,-0.7490149754439521
718,2.0,1.5,1.5,3,1.0,1.0,4,314.0,-0.924195956826469,2.370848266070674
719,2.0,1.5,1.5,3,1.0,1.0,3,221.0,-1.2566132557047867,2.795947687491171
720,1.0,1.5,1.5,3,1.5,1.5,3,205.0,-1.3658999371258072,-0.7410192941867636
721,1.0,1.5,1.5,3,1.5,1.5,4,408.0,-1.4452912468441073,-1.4613089506145902
722,1.0,1.5,1.5,3,1.5,1.0,4,174.0,-1.1174312025810462,-0.2813578957190643
723,1.0,1.5,1.5,3,1.0,1.0,3,440.0,-1.3795607723034344,1.624967271115807
724,1.0,1.5,1.5,1,1.0,1.5,3,9.0,-1.3203601769776678,2.0581139588338617
725,1.0,1.5,1.5,3,1.0,1.0,1,247.0,-1.3249174315929242,-0.4522978232417015
726,1.0,1.5,1.5,3,1.0,1.0,3,644.0,-1.3249174315929242,-0.8532167569892489
727,1.0,1.5,1.5,3,1.5,1.5,3,159.0,-1.311256596415297,2.066122536351142
728,1.0,1.5,1.5,3,1.5,1.5,3,364.0,-1.5298299592573377,-0.4603579857993511
729,1.0,1.5,1.5,3,1.5,1.0,4,439.0,,
