indice,fecha,estacion,año,mes,festivo,dia_semana,dia_laboral,tiempo,temperatura,velocidad_viento,cliente_casual,cliente_registrado
1,2018-01-01,invierno,2018,January,1,Lunes,0,2,14.110847,10.749882,331,654
2,2018-02-01,invierno,2018,February,0,Jueves,1,2,14.902598,16.652113,131,670
3,2018-03-01,invierno,2018,March,0,Jueves,1,1,8.050924,16.636703,120,1229
4,2018-04-01,primavera,2018,April,0,Domingo,0,1,8.2,10.739832,108,1454
5,2018-05-01,primavera,2018,May,0,Martes,1,1,9.305237,12.5223,82,1518
6,2018-06-01,primavera,2018,June,0,Viernes,1,1,8.378268,6.0008684,88,1518
7,2018-07-01,verano,2018,July,0,Domingo,0,2,8.057402,11.304642,148,1362
8,2018-08-01,verano,2018,August,0,Miercoles,1,2,6.765,17.875868,68,891
9,2018-09-01,verano,2018,September,0,Sabado,0,1,5.671653,24.25065,54,768
10,2018-10-01,otoño,2018,October,0,Lunes,1,1,6.184153,14.958889,41,1280
11,2018-11-01,otoño,2018,November,0,Jueves,1,2,6.932731,8.182844,43,1220
12,2018-12-01,otoño,2018,December,0,Sabado,0,1,7.081807,20.410009,25,1137
13,2018-01-13,invierno,2018,January,0,Sabado,0,1,6.765,20.167,38,1368
14,2018-01-14,invierno,2018,January,0,Domingo,0,1,6.59567,8.478716,54,1367
15,2018-01-15,invierno,2018,January,1,Lunes,0,2,9.566653,10.583521,222,1026
16,2018-01-16,invierno,2018,January,0,Martes,1,1,9.498347,12.625011,251,953
17,2018-01-17,invierno,2018,January,0,Miercoles,1,2,7.209153,12.999139,117,883
18,2018-01-18,invierno,2018,January,0,Jueves,1,2,8.883347,9.833925,9,674
19,2018-01-19,invierno,2018,January,0,Viernes,1,2,11.979134,13.957239,78,1572
20,2018-01-20,invierno,2018,January,0,Sabado,0,2,10.728347,13.125568,83,1844
21,2018-01-21,invierno,2018,January,0,Domingo,0,1,7.2775,23.667214,75,1468
22,2018-01-22,invierno,2018,January,0,Lunes,1,1,2.4243464,11.52199,93,888
23,2018-01-23,invierno,2018,January,0,Martes,1,1,3.9573897,16.5222,150,836
24,2018-01-24,invierno,2018,January,0,Miercoles,1,1,3.9930433,10.60811,86,1330
25,2018-01-25,invierno,2018,January,0,Jueves,1,2,9.162598,8.696332,186,1799
26,2018-01-26,invierno,2018,January,0,Viernes,1,3,8.9175,19.68795,34,472
27,2018-01-27,invierno,2018,January,0,Sabado,0,1,7.995,7.627079,15,416
28,2018-01-28,invierno,2018,January,0,Domingo,0,2,8.342598,8.2611,38,1129
29,2018-01-29,invierno,2018,January,0,Lunes,1,1,8.057402,9.739455,123,975
30,2018-01-30,invierno,2018,January,0,Martes,1,1,8.877402,4.9568342,140,956
31,2018-01-31,invierno,2018,January,0,Miercoles,1,2,7.414153,12.541864,42,1459
32,2018-01-02,invierno,2018,January,0,Martes,1,2,7.879134,3.565271,47,1313
33,2018-02-02,invierno,2018,February,0,Viernes,1,2,10.66,17.708636,72,1454
34,2018-03-02,invierno,2018,March,0,Viernes,1,1,7.665237,18.609384,61,1489
35,2018-04-02,primavera,2018,April,0,Lunes,1,2,8.663464,8.565213,88,1620
36,2018-05-02,primavera,2018,May,0,Miercoles,1,2,9.566653,10.792293,100,905
37,2018-06-02,primavera,2018,June,0,Sabado,0,1,11.719153,9.5006,354,1269
38,2018-07-02,verano,2018,July,0,Lunes,1,1,11.138347,3.0423561,120,1592
39,2018-08-02,verano,2018,August,0,Jueves,1,1,9.054153,24.25065,64,1466
40,2018-09-02,verano,2018,September,0,Domingo,0,2,5.526103,12.652213,53,1552
41,2018-10-02,otoño,2018,October,0,Martes,1,1,5.918268,14.869645,47,1491
42,2018-11-02,otoño,2018,November,0,Viernes,1,1,7.752731,7.27285,149,1597
43,2018-12-02,otoño,2018,December,0,Domingo,0,1,9.1225,13.625589,288,1184
44,2018-02-13,invierno,2018,February,0,Martes,1,1,12.977402,17.479161,397,1192
45,2018-02-14,invierno,2018,February,0,Miercoles,1,1,17.015,27.999836,208,1705
46,2018-02-15,invierno,2018,February,0,Jueves,1,1,10.909567,19.522058,140,1675
47,2018-02-16,invierno,2018,February,0,Viernes,1,1,13.048701,16.869997,218,1897
48,2018-02-17,invierno,2018,February,0,Sabado,0,1,17.869153,15.416968,259,2216
49,2018-02-18,invierno,2018,February,0,Domingo,0,1,21.388347,17.749975,579,2348
50,2018-02-19,invierno,2018,February,1,Lunes,0,1,16.365847,34.000021,532,1103
51,2018-02-20,invierno,2018,February,0,Martes,1,1,11.693897,14.956745,639,1173
52,2018-02-21,invierno,2018,February,0,Miercoles,1,2,12.436653,20.625682,195,912
53,2018-02-22,invierno,2018,February,0,Jueves,1,1,7.471102,13.110761,74,1376
54,2018-02-23,invierno,2018,February,0,Viernes,1,1,9.091299,6.305571,139,1778
55,2018-02-24,invierno,2018,February,0,Sabado,0,2,12.121732,16.783232,100,1707
56,2018-02-25,invierno,2018,February,0,Domingo,0,2,14.938268,23.218113,120,1341
57,2018-02-26,invierno,2018,February,0,Lunes,1,1,11.5825,12.500257,424,1545
58,2018-02-27,invierno,2018,February,0,Martes,1,1,14.082598,8.391616,694,1708
59,2018-02-28,invierno,2018,February,0,Miercoles,1,2,16.698193,19.408962,81,1365
60,2018-01-03,invierno,2018,January,0,Miercoles,1,1,10.933347,14.500475,137,1714
61,2018-02-03,invierno,2018,February,0,Sabado,0,1,13.735,20.624811,231,1903
62,2018-03-03,invierno,2018,March,0,Sabado,0,1,8.131653,15.125518,123,1562
63,2018-04-03,primavera,2018,April,0,Martes,1,2,10.728347,13.624182,214,1730
64,2018-05-03,primavera,2018,May,0,Jueves,1,2,15.750847,16.875357,640,1437
65,2018-06-03,primavera,2018,June,0,Domingo,0,2,15.437402,23.000229,114,491
66,2018-07-03,verano,2018,July,0,Martes,1,1,10.731299,22.870584,244,1628
67,2018-08-03,verano,2018,August,0,Viernes,1,1,11.9925,8.08355,316,1817
68,2018-09-03,verano,2018,September,1,Lunes,0,2,12.129153,14.75005,191,1700
69,2018-10-03,otoño,2018,October,0,Miercoles,1,3,15.952731,17.545759,46,577
70,2018-11-03,otoño,2018,November,0,Sabado,0,2,12.977402,15.60899,247,1730
71,2018-12-03,otoño,2018,December,0,Lunes,1,1,13.495847,14.791925,724,1408
72,2018-03-13,invierno,2018,March,0,Martes,1,1,15.758268,18.130468,982,1435
73,2018-03-14,invierno,2018,March,0,Miercoles,1,1,13.333897,9.174042,359,1687
74,2018-03-15,invierno,2018,March,0,Jueves,1,2,13.013031,12.348703,289,1767
75,2018-03-16,invierno,2018,March,0,Viernes,1,2,14.973897,13.608839,321,1871
76,2018-03-17,invierno,2018,March,0,Sabado,0,1,17.015,14.041793,424,2320
77,2018-03-18,invierno,2018,March,0,Domingo,0,1,22.14,15.478139,884,2355
78,2018-03-19,invierno,2018,March,0,Lunes,1,1,19.3725,24.667189,1424,1693
79,2018-03-20,invierno,2018,March,0,Martes,1,1,13.6325,13.917307,1047,1424
80,2018-03-21,primavera,2018,March,0,Miercoles,1,2,17.647835,19.348461,401,1676
81,2018-03-22,primavera,2018,March,0,Jueves,1,1,18.108347,15.12525,460,2243
82,2018-03-23,primavera,2018,March,0,Viernes,1,2,14.225237,15.695487,203,1918
83,2018-03-24,primavera,2018,March,0,Sabado,0,2,11.685,16.333729,166,1699
84,2018-03-25,primavera,2018,March,0,Domingo,0,1,10.830847,15.458575,300,1910
85,2018-03-26,primavera,2018,March,0,Lunes,1,1,10.899153,14.041257,981,1515
86,2018-03-27,primavera,2018,March,0,Martes,1,2,10.374763,12.3481,472,1221
87,2018-03-28,primavera,2018,March,0,Miercoles,1,1,10.838268,14.217668,222,1806
88,2018-03-29,primavera,2018,March,0,Jueves,1,1,12.4025,15.208732,317,2108
89,2018-03-30,primavera,2018,March,0,Viernes,1,2,12.3,11.583496,168,1368
90,2018-03-31,primavera,2018,March,0,Sabado,0,3,11.001653,14.582282,179,1506
91,2018-01-04,invierno,2018,January,0,Jueves,1,2,12.3,17.333436,307,1920
92,2018-02-04,invierno,2018,February,0,Domingo,0,2,12.915,13.208782,898,1354
93,2018-03-04,invierno,2018,March,0,Domingo,0,1,15.511653,12.208271,1651,1598
94,2018-04-04,primavera,2018,April,0,Miercoles,1,1,23.506653,25.833257,734,2381
95,2018-05-04,primavera,2018,May,0,Viernes,1,2,16.980847,26.000489,167,1628
96,2018-06-04,primavera,2018,June,0,Lunes,1,1,16.024153,17.625221,413,2395
97,2018-07-04,verano,2018,July,1,Miercoles,0,1,17.9375,10.874904,571,2570
98,2018-08-04,verano,2018,August,0,Sabado,0,2,13.769153,15.208464,172,1299
99,2018-09-04,verano,2018,September,0,Martes,1,2,14.0425,8.916561,879,1576
100,2018-10-04,otoño,2018,October,0,Jueves,1,2,17.493347,9.833389,1188,1707
101,2018-11-04,otoño,2018,November,0,Domingo,0,2,24.421732,21.739758,855,2493
102,2018-12-04,otoño,2018,December,0,Martes,1,2,20.6025,18.416893,257,1777
103,2018-04-13,primavera,2018,April,0,Viernes,1,2,16.9125,16.791339,209,1953
104,2018-04-14,primavera,2018,April,0,Sabado,0,1,19.1675,7.4169,529,2738
105,2018-04-15,primavera,2018,April,0,Domingo,0,1,18.313347,15.167125,642,2484
106,2018-04-16,primavera,2018,April,0,Lunes,1,3,17.664153,22.834136,121,674
107,2018-04-17,primavera,2018,April,0,Martes,1,1,18.723347,20.334232,1558,2186
108,2018-04-18,primavera,2018,April,0,Miercoles,1,1,21.0125,10.958989,669,2760
109,2018-04-19,primavera,2018,April,0,Jueves,1,2,20.739153,10.584057,409,2795
110,2018-04-20,primavera,2018,April,0,Viernes,1,1,24.395,16.208975,613,3331
111,2018-04-21,primavera,2018,April,0,Sabado,0,1,18.825847,21.792286,745,3444
112,2018-04-22,primavera,2018,April,0,Domingo,0,2,13.803347,14.707907,177,1506
113,2018-04-23,primavera,2018,April,0,Lunes,1,2,18.86,15.458575,1462,2574
114,2018-04-24,primavera,2018,April,0,Martes,1,2,23.848347,12.875725,1710,2481
115,2018-04-25,primavera,2018,April,0,Miercoles,1,1,24.873347,12.417311,773,3300
116,2018-04-26,primavera,2018,April,0,Jueves,1,1,25.898347,21.8755,678,3722
117,2018-04-27,primavera,2018,April,0,Viernes,1,2,25.42,20.9174,547,3325
118,2018-04-28,primavera,2018,April,0,Sabado,0,2,25.3175,21.500836,569,3489
119,2018-04-29,primavera,2018,April,0,Domingo,0,1,20.91,16.084221,878,3717
120,2018-04-30,primavera,2018,April,0,Lunes,1,1,19.3725,15.750025,1965,3347
121,2018-01-05,invierno,2018,January,0,Viernes,1,2,18.518347,7.125718,1138,2213
122,2018-02-05,invierno,2018,February,0,Lunes,1,2,22.515847,12.291418,847,3554
123,2018-03-05,invierno,2018,March,0,Lunes,1,2,25.283347,22.958689,603,3848
124,2018-04-05,primavera,2018,April,0,Jueves,1,2,16.980847,22.042732,255,2378
125,2018-05-05,primavera,2018,May,0,Sabado,0,1,18.825847,19.791264,614,3819
126,2018-06-05,primavera,2018,June,0,Martes,1,1,19.645847,15.292482,894,3714
127,2018-07-05,verano,2018,July,0,Jueves,1,1,21.32,10.75015,1612,3102
128,2018-08-05,verano,2018,August,0,Domingo,0,1,21.661653,5.0007125,1401,2932
129,2018-09-05,verano,2018,September,0,Miercoles,1,1,21.8325,11.792,664,3698
130,2018-10-05,otoño,2018,October,0,Viernes,1,1,21.8325,7.749957,694,4109
131,2018-11-05,otoño,2018,November,0,Lunes,1,1,22.2425,8.083014,550,3632
132,2018-12-05,otoño,2018,December,0,Miercoles,1,1,21.935,12.707689,695,4169
133,2018-05-13,primavera,2018,May,0,Domingo,0,2,21.0125,12.041575,692,3413
134,2018-05-14,primavera,2018,May,0,Lunes,1,2,21.354153,9.04165,902,2507
135,2018-05-15,primavera,2018,May,0,Martes,1,2,23.0625,10.249593,1582,2971
136,2018-05-16,primavera,2018,May,0,Miercoles,1,1,23.6775,8.500357,773,3185
137,2018-05-17,primavera,2018,May,0,Jueves,1,2,23.028347,18.582718,678,3445
138,2018-05-18,primavera,2018,May,0,Viernes,1,2,22.55,13.499964,536,3319
139,2018-05-19,primavera,2018,May,0,Sabado,0,2,21.764153,7.250271,735,3840
140,2018-05-20,primavera,2018,May,0,Domingo,0,1,22.003347,8.375871,909,4008
141,2018-05-21,primavera,2018,May,0,Lunes,1,1,24.7025,8.08355,2258,3547
142,2018-05-22,primavera,2018,May,0,Martes,1,1,24.770847,9.916536,1576,3084
143,2018-05-23,primavera,2018,May,0,Miercoles,1,2,25.898347,15.667414,836,3438
144,2018-05-24,primavera,2018,May,0,Jueves,1,2,27.06,13.875164,659,3833
145,2018-05-25,primavera,2018,May,0,Viernes,1,1,27.094153,10.333611,740,4238
146,2018-05-26,primavera,2018,May,0,Sabado,0,1,29.041653,13.376014,758,3919
147,2018-05-27,primavera,2018,May,0,Domingo,0,1,27.948347,16.125493,871,3808
148,2018-05-28,primavera,2018,May,1,Lunes,0,1,26.889153,15.416164,2001,2757
149,2018-05-29,primavera,2018,May,0,Martes,1,1,27.3675,14.333846,2355,2433
150,2018-05-30,primavera,2018,May,0,Miercoles,1,1,30.066653,8.792075,1549,2549
151,2018-05-31,primavera,2018,May,0,Jueves,1,1,31.775,7.459043,673,3309
152,2018-01-06,invierno,2018,January,0,Sabado,0,2,31.330847,13.875164,513,3461
153,2018-02-06,invierno,2018,February,0,Martes,1,1,29.315,19.583229,736,4232
154,2018-03-06,invierno,2018,March,0,Martes,1,1,25.42,16.959107,898,4414
155,2018-04-06,primavera,2018,April,0,Viernes,1,1,26.035,8.250514,1869,3473
156,2018-05-06,primavera,2018,May,0,Domingo,0,2,26.581653,9.292364,1685,3221
157,2018-06-06,primavera,2018,June,0,Miercoles,1,1,27.811653,8.167032,673,3875
158,2018-07-06,verano,2018,July,0,Viernes,1,1,29.0075,12.583136,763,4070
159,2018-08-06,verano,2018,August,0,Lunes,1,1,31.809153,9.166739,676,3725
160,2018-09-06,verano,2018,September,0,Jueves,1,2,33.141653,10.042161,563,3352
161,2018-10-06,otoño,2018,October,0,Sabado,0,1,30.955,9.417118,815,3771
162,2018-11-06,otoño,2018,November,0,Martes,1,1,29.725,10.37495,1729,3237
163,2018-12-06,otoño,2018,December,0,Jueves,1,1,28.3925,10.958989,1467,2993
164,2018-06-13,primavera,2018,June,0,Miercoles,1,1,26.035,20.45845,863,4157
165,2018-06-14,primavera,2018,June,0,Jueves,1,1,24.770847,18.041961,727,4164
166,2018-06-15,primavera,2018,June,0,Viernes,1,1,25.693347,11.250104,769,4411
167,2018-06-16,primavera,2018,June,0,Sabado,0,2,25.761653,13.833557,545,3222
168,2018-06-17,primavera,2018,June,0,Domingo,0,1,26.615847,9.582943,863,3981
169,2018-06-18,primavera,2018,June,0,Lunes,1,1,28.563347,8.000336,1807,3312
170,2018-06-19,primavera,2018,June,0,Martes,1,2,28.665847,6.834,1639,3105
171,2018-06-20,primavera,2018,June,0,Miercoles,1,2,26.035,10.416825,699,3311
172,2018-06-21,verano,2018,June,0,Jueves,1,2,27.914153,11.458675,774,4061
173,2018-06-22,verano,2018,June,0,Viernes,1,1,30.066653,11.541554,661,3846
174,2018-06-23,verano,2018,June,0,Sabado,0,2,29.861653,15.999868,746,4044
175,2018-06-24,verano,2018,June,0,Domingo,0,1,29.690847,14.875675,969,4022
176,2018-06-25,verano,2018,June,0,Lunes,1,1,28.495,14.041257,1782,3420
177,2018-06-26,verano,2018,June,0,Martes,1,1,27.88,6.3337311,1920,3385
178,2018-06-27,verano,2018,June,0,Miercoles,1,2,27.9825,7.208396,854,3854
179,2018-06-28,verano,2018,June,0,Jueves,1,1,30.510847,9.666961,732,3916
180,2018-06-29,verano,2018,June,0,Viernes,1,1,29.861653,17.542007,848,4377
181,2018-06-30,verano,2018,June,0,Sabado,0,1,28.563347,12.415904,1027,4488
182,2018-01-07,invierno,2018,January,0,Domingo,0,1,29.6225,6.874736,1246,4116
183,2018-02-07,invierno,2018,February,0,Miercoles,1,1,30.271653,7.709154,2204,2915
184,2018-03-07,invierno,2018,March,0,Miercoles,1,2,29.383347,15.333486,2282,2367
185,2018-04-07,primavera,2018,April,0,Sabado,0,2,29.793347,5.4591064,3065,2978
186,2018-05-07,primavera,2018,May,0,Lunes,1,1,30.613347,8.459286,1031,3634
187,2018-06-07,primavera,2018,June,0,Jueves,1,1,29.52,10.042161,784,3845
188,2018-07-07,verano,2018,July,0,Sabado,0,1,30.75,10.6664,754,3838
189,2018-08-07,verano,2018,August,0,Martes,1,2,29.075847,15.083643,692,3348
190,2018-09-07,verano,2018,September,0,Viernes,1,1,30.066653,11.250104,1988,3348
191,2018-10-07,otoño,2018,October,0,Domingo,0,1,30.6475,12.292557,1743,3138
192,2018-11-07,otoño,2018,November,0,Miercoles,1,1,31.2625,18.916579,723,3363
193,2018-12-07,otoño,2018,December,0,Viernes,1,1,32.560847,13.417018,662,3596
194,2018-07-13,verano,2018,July,0,Viernes,1,1,30.613347,9.790911,748,3594
195,2018-07-14,verano,2018,July,0,Sabado,0,1,27.914153,16.124689,888,4196
196,2018-07-15,verano,2018,July,0,Domingo,0,1,27.196653,12.249811,1318,4220
197,2018-07-16,verano,2018,July,0,Lunes,1,1,28.153347,13.958914,2418,3505
198,2018-07-17,verano,2018,July,0,Martes,1,1,29.485847,16.417211,2006,3296
199,2018-07-18,verano,2018,July,0,Miercoles,1,1,30.613347,14.458868,841,3617
200,2018-07-19,verano,2018,July,0,Jueves,1,1,31.843347,8.7502,752,3789
201,2018-07-20,verano,2018,July,0,Viernes,1,1,31.501653,7.625739,644,3688
202,2018-07-21,verano,2018,July,0,Sabado,0,2,33.415,14.875407,632,3152
203,2018-07-22,verano,2018,July,0,Domingo,0,1,34.781653,8.9177,562,2825
204,2018-07-23,verano,2018,July,0,Lunes,1,1,34.815847,8.791807,987,2298
205,2018-07-24,verano,2018,July,0,Martes,1,1,34.03,11.334457,1050,2556
206,2018-07-25,verano,2018,July,0,Miercoles,1,1,30.476653,6.0841561,568,3272
207,2018-07-26,verano,2018,July,0,Jueves,1,1,31.638347,13.417286,750,3840
208,2018-07-27,verano,2018,July,0,Viernes,1,1,31.775,12.292021,755,3901
209,2018-07-28,verano,2018,July,0,Sabado,0,1,31.945847,11.958093,606,3784
210,2018-07-29,verano,2018,July,0,Domingo,0,1,34.371653,11.667246,670,3176
211,2018-07-30,verano,2018,July,0,Lunes,1,1,32.970847,11.291979,1559,2916
212,2018-07-31,verano,2018,July,0,Martes,1,1,33.039153,11.042471,1524,2778
213,2018-01-08,invierno,2018,January,0,Lunes,1,1,31.638347,10.500039,729,3537
214,2018-02-08,invierno,2018,February,0,Jueves,1,1,32.116653,13.79195,801,4044
215,2018-03-08,invierno,2018,March,0,Jueves,1,2,29.998347,9.084061,467,3107
216,2018-04-08,primavera,2018,April,0,Domingo,0,2,29.11,13.20905,799,3777
217,2018-05-08,primavera,2018,May,0,Martes,1,1,29.144153,12.374632,1023,3843
218,2018-06-08,primavera,2018,June,0,Viernes,1,2,29.383347,15.29275,1521,2773
219,2018-07-08,verano,2018,July,0,Domingo,0,1,30.4425,13.499629,1298,2487
220,2018-08-08,verano,2018,August,0,Miercoles,1,1,31.365,12.875725,846,3480
221,2018-09-08,verano,2018,September,0,Sabado,0,1,31.775,10.125107,907,3695
222,2018-10-08,otoño,2018,October,1,Lunes,0,1,31.433347,13.417286,884,3896
223,2018-11-08,otoño,2018,November,0,Jueves,1,1,29.4175,11.041332,812,3980
224,2018-12-08,otoño,2018,December,0,Sabado,0,1,29.041653,8.416607,1051,3854
225,2018-08-13,verano,2018,August,0,Lunes,1,2,28.119153,14.167418,1504,2646
226,2018-08-14,verano,2018,August,0,Martes,1,2,27.743347,14.916411,1338,2482
227,2018-08-15,verano,2018,August,0,Miercoles,1,1,27.299153,13.999918,775,3563
228,2018-08-16,verano,2018,August,0,Jueves,1,1,28.734153,15.834043,721,4004
229,2018-08-17,verano,2018,August,0,Viernes,1,1,29.656653,9.625689,668,4026
230,2018-08-18,verano,2018,August,0,Sabado,0,1,29.178347,15.624936,639,3166
231,2018-08-19,verano,2018,August,0,Domingo,0,2,28.085,9.333636,797,3356
232,2018-08-20,verano,2018,August,0,Lunes,1,1,28.5975,6.999289,1914,3277
233,2018-08-21,verano,2018,August,0,Martes,1,1,29.144153,16.666518,1249,2624
234,2018-08-22,verano,2018,August,0,Miercoles,1,1,28.358347,18.54225,833,3925
235,2018-08-23,verano,2018,August,0,Jueves,1,1,26.274153,9.833121,1281,4614
236,2018-08-24,verano,2018,August,0,Viernes,1,1,27.606653,16.958236,949,4181
237,2018-08-25,verano,2018,August,0,Sabado,0,2,28.050847,14.125811,435,3107
238,2018-08-26,verano,2018,August,0,Domingo,0,1,28.7,5.6254875,768,3893
239,2018-08-27,verano,2018,August,0,Lunes,1,2,27.88,25.166339,226,889
240,2018-08-28,verano,2018,August,0,Martes,1,1,28.989419,20.412153,1415,2919
241,2018-08-29,verano,2018,August,0,Miercoles,1,1,26.103347,10.708275,729,3905
242,2018-08-30,verano,2018,August,0,Jueves,1,1,26.205847,8.375536,775,4429
243,2018-08-31,verano,2018,August,0,Viernes,1,1,26.923347,5.5833311,688,4370
244,2018-01-09,invierno,2018,January,0,Martes,1,1,26.855,9.500332,783,4332
245,2018-02-09,invierno,2018,February,0,Viernes,1,2,26.376653,9.375243,875,3852
246,2018-03-09,invierno,2018,March,0,Viernes,1,1,27.435847,12.416775,1935,2549
247,2018-04-09,primavera,2018,April,0,Lunes,1,1,29.075847,13.833289,2521,2419
248,2018-05-09,primavera,2018,May,0,Miercoles,1,2,27.606653,14.250632,1236,2115
249,2018-06-09,primavera,2018,June,0,Sabado,0,3,22.14,23.044181,204,2506
250,2018-07-09,verano,2018,July,0,Lunes,1,3,24.565847,6.5003936,118,1878
251,2018-08-09,verano,2018,August,0,Jueves,1,3,25.990433,12.914116,153,1689
252,2018-09-09,verano,2018,September,0,Domingo,0,2,26.65,8.333393,417,3127
253,2018-10-09,otoño,2018,October,0,Martes,1,1,27.06,10.291736,1750,3595
254,2018-11-09,otoño,2018,November,0,Viernes,1,1,26.786653,7.708618,1633,3413
255,2018-12-09,otoño,2018,December,0,Domingo,0,1,26.418268,5.957171,690,4023
256,2018-09-13,verano,2018,September,0,Jueves,1,1,26.684153,9.500868,701,4062
257,2018-09-14,verano,2018,September,0,Viernes,1,1,27.606653,11.2091,647,4138
258,2018-09-15,verano,2018,September,0,Sabado,0,2,23.6775,18.166782,428,3231
259,2018-09-16,verano,2018,September,0,Domingo,0,2,19.235847,11.000261,742,4018
260,2018-09-17,verano,2018,September,0,Lunes,1,2,20.158347,12.708225,1434,3077
261,2018-09-18,verano,2018,September,0,Martes,1,1,20.8075,11.958361,1353,2921
262,2018-09-19,verano,2018,September,0,Miercoles,1,2,22.515847,10.166714,691,3848
263,2018-09-20,verano,2018,September,0,Jueves,1,2,23.028347,9.041918,438,3203
264,2018-09-21,otoño,2018,September,0,Viernes,1,2,24.395,6.4590814,539,3813
265,2018-09-22,otoño,2018,September,0,Sabado,0,2,25.761653,8.584375,555,4240
266,2018-09-23,otoño,2018,September,0,Domingo,0,2,24.975847,5.2505689,258,2137
267,2018-09-24,otoño,2018,September,0,Lunes,1,2,24.873347,5.2516811,1776,3647
268,2018-09-25,otoño,2018,September,0,Martes,1,2,26.000847,3.3754064,1544,3466
269,2018-09-26,otoño,2018,September,0,Miercoles,1,2,26.615847,7.4169,684,3946
270,2018-09-27,otoño,2018,September,0,Jueves,1,2,26.103347,7.917457,477,3643
271,2018-09-28,otoño,2018,September,0,Viernes,1,2,26.035,9.958143,480,3427
272,2018-09-29,otoño,2018,September,0,Sabado,0,1,25.283347,11.583161,653,4186
273,2018-09-30,otoño,2018,September,0,Domingo,0,1,23.130847,13.833825,830,4372
274,2018-01-10,invierno,2018,January,0,Miercoles,1,2,16.81,19.583832,480,1949
275,2018-02-10,invierno,2018,February,0,Sabado,0,2,14.623347,14.874871,616,2302
276,2018-03-10,invierno,2018,March,0,Sabado,0,2,15.750847,5.5841686,330,3240
277,2018-04-10,primavera,2018,April,0,Martes,1,1,19.850847,13.792218,486,3970
278,2018-05-10,primavera,2018,May,0,Jueves,1,1,22.071653,11.87575,559,4267
279,2018-06-10,primavera,2018,June,0,Domingo,0,1,20.260847,9.041918,639,4126
280,2018-07-10,verano,2018,July,0,Martes,1,1,20.944153,1.5002439,949,4036
281,2018-08-10,verano,2018,August,0,Viernes,1,1,21.388347,3.0420814,2235,3174
282,2018-09-10,verano,2018,September,0,Lunes,1,1,22.174153,4.25115,2397,3114
283,2018-10-10,otoño,2018,October,0,Miercoles,1,1,23.404153,2.8343814,1514,3603
284,2018-11-10,otoño,2018,November,0,Sabado,0,2,23.233347,9.583814,667,3896
285,2018-12-10,otoño,2018,December,0,Lunes,1,3,22.276653,16.62605,217,2199
286,2018-10-13,otoño,2018,October,0,Sabado,0,2,24.155847,9.499729,290,2623
287,2018-10-14,otoño,2018,October,0,Domingo,0,2,22.584153,15.000161,529,3115
288,2018-10-15,otoño,2018,October,0,Lunes,1,1,20.773347,17.291561,1899,3318
289,2018-10-16,otoño,2018,October,0,Martes,1,1,20.978347,18.875039,1748,3293
290,2018-10-17,otoño,2018,October,0,Miercoles,1,1,21.900847,11.750393,713,3857
291,2018-10-18,otoño,2018,October,0,Jueves,1,2,21.8325,7.375829,637,4111
292,2018-10-19,otoño,2018,October,0,Viernes,1,3,22.211299,16.303713,254,2170
293,2018-10-20,otoño,2018,October,0,Sabado,0,1,19.509153,28.292425,471,3724
294,2018-10-21,otoño,2018,October,0,Domingo,0,1,17.5275,14.833532,676,3628
295,2018-10-22,otoño,2018,October,0,Lunes,1,1,17.3225,6.2086689,1499,2809
296,2018-10-23,otoño,2018,October,0,Martes,1,1,17.288347,6.6673375,1619,2762
297,2018-10-24,otoño,2018,October,0,Miercoles,1,1,18.996653,7.959064,699,3488
298,2018-10-25,otoño,2018,October,0,Jueves,1,1,19.338347,11.166086,695,3992
299,2018-10-26,otoño,2018,October,0,Viernes,1,2,19.850847,9.959014,404,3490
300,2018-10-27,otoño,2018,October,0,Sabado,0,2,19.27,13.250121,240,2419
301,2018-10-28,otoño,2018,October,0,Domingo,0,2,13.564153,15.375093,456,3291
302,2018-10-29,otoño,2018,October,0,Lunes,1,3,10.420847,23.541857,57,570
303,2018-10-30,otoño,2018,October,0,Martes,1,1,13.085847,11.833339,885,2446
304,2018-10-31,otoño,2018,October,0,Miercoles,1,1,13.94,7.12545,362,3307
305,2018-01-11,invierno,2018,January,0,Jueves,1,1,16.434153,9.083257,410,3658
306,2018-02-11,invierno,2018,February,0,Domingo,0,1,15.4775,5.5001439,370,3816
307,2018-03-11,invierno,2018,March,0,Domingo,0,1,16.741653,9.166739,318,3656
308,2018-04-11,primavera,2018,April,0,Miercoles,1,2,16.536653,18.209193,470,3576
309,2018-05-11,primavera,2018,May,0,Viernes,1,1,13.393347,12.667154,1156,2770
310,2018-06-11,primavera,2018,June,0,Lunes,1,1,14.281653,6.1676314,952,2697
311,2018-07-11,verano,2018,July,0,Miercoles,1,1,16.195,3.834075,373,3662
312,2018-08-11,verano,2018,August,0,Sabado,0,1,16.741653,4.6255125,376,3829
313,2018-09-11,verano,2018,September,0,Martes,1,1,16.4,4.1671186,305,3804
314,2018-10-11,otoño,2018,October,0,Jueves,1,2,15.58,12.667489,190,2743
315,2018-11-11,otoño,2018,November,0,Domingo,0,1,13.290847,21.083225,440,2928
316,2018-12-11,otoño,2018,December,0,Martes,1,1,14.623347,14.208154,1275,2792
317,2018-11-13,otoño,2018,November,0,Martes,1,1,18.074153,18.875307,1004,2713
318,2018-11-14,otoño,2018,November,0,Miercoles,1,1,21.73,20.541932,595,3891
319,2018-11-15,otoño,2018,November,0,Jueves,1,2,21.73,13.375411,449,3746
320,2018-11-16,otoño,2018,November,0,Viernes,1,3,18.723347,9.167543,145,1672
321,2018-11-17,otoño,2018,November,0,Sabado,0,2,14.008347,20.459254,139,2914
322,2018-11-18,otoño,2018,November,0,Domingo,0,1,11.240847,11.291711,245,3147
323,2018-11-19,otoño,2018,November,0,Lunes,1,1,13.495847,15.041232,943,2720
324,2018-11-20,otoño,2018,November,0,Martes,1,2,18.996653,12.45865,787,2733
325,2018-11-21,otoño,2018,November,0,Miercoles,1,3,18.3475,9.249618,220,2545
326,2018-11-22,otoño,2018,November,1,Jueves,0,3,17.083347,7.959064,69,1538
327,2018-11-23,otoño,2018,November,0,Viernes,1,2,18.074153,22.500275,112,2454
328,2018-11-24,otoño,2018,November,0,Sabado,0,1,15.306653,11.209368,560,935
329,2018-11-25,otoño,2018,November,0,Domingo,0,1,15.375,6.6260186,1095,1697
330,2018-11-26,otoño,2018,November,0,Lunes,1,1,15.409153,4.5841936,1249,1819
331,2018-11-27,otoño,2018,November,0,Martes,1,1,18.825847,13.999918,810,2261
332,2018-11-28,otoño,2018,November,0,Miercoles,1,1,20.642598,9.522174,253,3614
333,2018-11-29,otoño,2018,November,0,Jueves,1,2,18.791653,17.292164,96,2818
334,2018-11-30,otoño,2018,November,0,Viernes,1,1,13.325,18.167586,188,3425
335,2018-01-12,invierno,2018,January,0,Viernes,1,1,12.8125,14.750586,182,3545
336,2018-02-12,invierno,2018,February,0,Lunes,1,1,12.880847,6.750518,268,3672
337,2018-03-12,invierno,2018,March,0,Lunes,1,1,12.265847,6.4174811,706,2908
338,2018-04-12,primavera,2018,April,0,Jueves,1,1,13.564153,5.6252061,634,2851
339,2018-05-12,primavera,2018,May,0,Sabado,0,2,15.819153,4.1679561,233,3578
340,2018-06-12,primavera,2018,June,0,Martes,1,3,18.9625,15.583061,126,2468
341,2018-07-12,verano,2018,July,0,Jueves,1,3,16.81,17.833725,50,655
342,2018-08-12,verano,2018,August,0,Domingo,0,1,10.899153,16.083886,150,3172
343,2018-09-12,verano,2018,September,0,Miercoles,1,1,11.924153,5.5420189,261,3359
344,2018-10-12,otoño,2018,October,0,Viernes,1,1,11.275,15.625807,502,2688
345,2018-11-12,otoño,2018,November,1,Lunes,0,1,9.054153,4.4582939,377,2366
346,2018-12-12,otoño,2018,December,0,Miercoles,1,1,9.771653,4.25115,143,3167
347,2018-12-13,otoño,2018,December,0,Jueves,1,1,11.5825,9.41685,155,3368
348,2018-12-14,otoño,2018,December,0,Viernes,1,2,13.0175,4.0842061,178,3562
349,2018-12-15,otoño,2018,December,0,Sabado,0,2,17.3225,17.958814,181,3528
350,2018-12-16,otoño,2018,December,0,Domingo,0,2,15.375,17.458525,178,3399
351,2018-12-17,otoño,2018,December,0,Lunes,1,2,10.591653,16.292189,275,2464
352,2018-12-18,otoño,2018,December,0,Martes,1,1,9.771653,11.375193,220,2211
353,2018-12-19,otoño,2018,December,0,Miercoles,1,1,11.343347,11.584032,260,3143
354,2018-12-20,otoño,2018,December,0,Jueves,1,2,15.819153,4.1252436,216,3534
355,2018-12-21,invierno,2018,December,0,Viernes,1,2,17.561653,14.8338,107,2553
356,2018-12-22,invierno,2018,December,0,Sabado,0,2,17.356653,3.167425,227,2841
357,2018-12-23,invierno,2018,December,0,Domingo,0,1,15.306653,18.374482,163,2046
358,2018-12-24,invierno,2018,December,0,Lunes,1,1,12.4025,12.750368,155,856
359,2018-12-25,invierno,2018,December,1,Martes,0,1,11.266103,10.391097,303,451
360,2018-12-26,invierno,2018,December,0,Miercoles,1,1,13.191299,16.044155,430,887
361,2018-12-27,invierno,2018,December,0,Jueves,1,2,13.325,12.62615,103,1059
362,2018-12-28,invierno,2018,December,0,Viernes,1,1,12.26433,19.695387,255,2047
363,2018-12-29,invierno,2018,December,0,Sabado,0,1,10.181653,8.000604,254,2169
364,2018-12-30,invierno,2018,December,0,Domingo,0,1,12.778347,9.000579,491,2508
365,2018-12-31,invierno,2018,December,0,Lunes,1,1,16.81,14.750318,665,1820
366,2019-01-01,invierno,2019,January,1,Martes,0,1,15.17,12.875189,686,1608
367,2019-02-01,invierno,2019,February,0,Viernes,1,1,11.194763,22.087555,244,1707
368,2019-03-01,invierno,2019,March,0,Viernes,1,1,6.15,24.499957,89,2147
369,2019-04-01,primavera,2019,April,0,Lunes,1,2,4.4075,12.3749,95,2273
370,2019-05-01,primavera,2019,May,0,Miercoles,1,1,10.899153,8.709129,140,3132
371,2019-06-01,primavera,2019,June,0,Sabado,0,1,13.700847,11.249836,307,3791
372,2019-07-01,verano,2019,July,0,Lunes,1,1,16.126653,11.708786,1070,3451
373,2019-08-01,verano,2019,August,0,Jueves,1,1,13.8375,12.833314,599,2826
374,2019-09-01,verano,2019,September,0,Domingo,0,2,9.190847,6.6263,106,2270
375,2019-10-01,otoño,2019,October,0,Martes,1,1,12.656536,12.565984,173,3425
376,2019-11-01,otoño,2019,November,0,Viernes,1,2,11.240847,8.791807,92,2085
377,2019-12-01,otoño,2019,December,0,Domingo,0,2,15.6825,12.124789,269,3828
378,2019-01-13,invierno,2019,January,0,Domingo,0,1,11.240847,25.333236,174,3040
379,2019-01-14,invierno,2019,January,0,Lunes,1,1,7.38,12.541261,333,2160
380,2019-01-15,invierno,2019,January,0,Martes,1,1,6.833347,16.834286,284,2027
381,2019-01-16,invierno,2019,January,0,Miercoles,1,1,7.79,15.500986,217,2081
382,2019-01-17,invierno,2019,January,0,Jueves,1,2,15.294763,23.39171,127,2808
383,2019-01-18,invierno,2019,January,0,Viernes,1,1,12.436653,27.833743,109,3267
384,2019-01-19,invierno,2019,January,0,Sabado,0,1,7.79,14.750586,130,3162
385,2019-01-20,invierno,2019,January,0,Domingo,0,2,8.9175,13.58425,115,3048
386,2019-01-21,invierno,2019,January,1,Lunes,0,2,7.106653,14.917014,67,1234
387,2019-01-22,invierno,2019,January,0,Martes,1,2,6.6625,13.375746,196,1781
388,2019-01-23,invierno,2019,January,0,Miercoles,1,2,8.951653,7.417436,145,2287
389,2019-01-24,invierno,2019,January,0,Jueves,1,1,14.0425,8.292389,439,3900
390,2019-01-25,invierno,2019,January,0,Viernes,1,1,12.060847,10.791757,467,3803
391,2019-01-26,invierno,2019,January,0,Sabado,0,2,14.008347,4.9175186,244,3831
392,2019-01-27,invierno,2019,January,0,Domingo,0,2,17.425,22.958689,269,3187
393,2019-01-28,invierno,2019,January,0,Lunes,1,1,12.949153,14.125543,775,3248
394,2019-01-29,invierno,2019,January,0,Martes,1,1,11.5825,16.08335,558,2685
395,2019-01-30,invierno,2019,January,0,Miercoles,1,1,11.035847,14.458064,126,3498
396,2019-01-31,invierno,2019,January,0,Jueves,1,1,15.99,17.541739,324,4185
397,2019-01-02,invierno,2019,January,0,Miercoles,1,1,19.235847,12.667489,304,4275
398,2019-02-02,invierno,2019,February,0,Sabado,0,2,16.365847,12.541529,190,3571
399,2019-03-02,invierno,2019,March,0,Sabado,0,1,12.846653,11.959232,310,3841
400,2019-04-02,primavera,2019,April,0,Martes,1,2,10.830847,8.167032,384,2448
401,2019-05-02,primavera,2019,May,0,Jueves,1,2,10.899153,11.791732,318,2629
402,2019-06-02,primavera,2019,June,0,Domingo,0,1,11.586969,10.3046,206,3578
403,2019-07-02,verano,2019,July,0,Martes,1,1,14.520847,9.874393,199,4176
404,2019-08-02,verano,2019,August,0,Viernes,1,2,10.523347,8.959307,109,2693
405,2019-09-02,verano,2019,September,1,Lunes,0,1,10.865,13.000479,163,3667
406,2019-10-02,otoño,2019,October,0,Miercoles,1,2,11.514153,7.834243,227,3604
407,2019-11-02,otoño,2019,November,0,Sabado,0,3,9.190847,19.416332,192,1977
408,2019-12-02,otoño,2019,December,0,Lunes,1,1,5.2275,27.417204,73,1456
409,2019-02-13,invierno,2019,February,0,Miercoles,1,1,9.1225,11.207961,94,3328
410,2019-02-14,invierno,2019,February,0,Jueves,1,2,13.085847,9.458993,135,3787
411,2019-02-15,invierno,2019,February,0,Viernes,1,1,14.281653,12.1672,141,4028
412,2019-02-16,invierno,2019,February,0,Sabado,0,2,12.983347,6.125475,74,2931
413,2019-02-17,invierno,2019,February,0,Domingo,0,1,14.076653,13.791682,349,3805
414,2019-02-18,invierno,2019,February,0,Lunes,1,1,14.213347,12.792243,1435,2883
415,2019-02-19,invierno,2019,February,0,Martes,1,2,11.48,16.958504,618,2071
416,2019-02-20,invierno,2019,February,0,Miercoles,1,1,11.48,15.348561,502,2627
417,2019-02-21,invierno,2019,February,0,Jueves,1,1,11.800866,13.783039,163,3614
418,2019-02-22,invierno,2019,February,0,Viernes,1,1,16.229153,15.709557,394,4379
419,2019-02-23,invierno,2019,February,0,Sabado,0,1,18.620847,12.791171,516,4546
420,2019-02-24,invierno,2019,February,0,Domingo,0,2,16.7075,15.916989,246,3241
421,2019-02-25,invierno,2019,February,0,Lunes,1,1,11.924153,28.250014,317,2415
422,2019-02-26,invierno,2019,February,0,Martes,1,1,11.445847,13.750343,515,2874
423,2019-02-27,invierno,2019,February,0,Miercoles,1,1,15.033347,17.958211,253,4069
424,2019-02-28,invierno,2019,February,0,Jueves,1,1,14.725847,12.958939,229,4134
425,2019-01-03,invierno,2019,January,0,Jueves,1,1,19.919153,15.208129,325,4665
426,2019-02-03,invierno,2019,February,0,Domingo,0,2,14.486653,9.708568,246,2948
427,2019-03-03,invierno,2019,March,0,Domingo,0,2,16.980847,10.792293,956,3110
428,2019-04-03,primavera,2019,April,0,Miercoles,1,1,13.359153,22.416257,710,2713
429,2019-05-03,primavera,2019,May,0,Viernes,1,1,9.976653,15.333486,203,3130
430,2019-06-03,primavera,2019,June,0,Lunes,1,1,10.591653,13.458625,221,3735
431,2019-07-03,verano,2019,July,0,Miercoles,1,1,16.570847,23.167193,432,4484
432,2019-08-03,verano,2019,August,0,Sabado,0,1,21.6275,29.584721,486,4896
433,2019-09-03,verano,2019,September,0,Martes,1,2,16.844153,27.7916,447,4122
434,2019-10-03,otoño,2019,October,0,Jueves,1,1,11.7875,15.12525,968,3150
435,2019-11-03,otoño,2019,November,0,Domingo,0,1,14.831299,14.913329,1658,3253
436,2019-12-03,otoño,2019,December,0,Martes,1,1,19.133347,13.916771,838,4460
437,2019-03-13,invierno,2019,March,0,Miercoles,1,1,23.165,15.87565,762,5085
438,2019-03-14,invierno,2019,March,0,Jueves,1,1,23.4725,7.709154,997,5315
439,2019-03-15,invierno,2019,March,0,Viernes,1,1,22.8575,10.042161,1005,5187
440,2019-03-16,invierno,2019,March,0,Sabado,0,2,17.869153,7.583864,548,3830
441,2019-03-17,invierno,2019,March,0,Domingo,0,2,21.080847,7.417168,3155,4681
442,2019-03-18,invierno,2019,March,0,Lunes,1,2,19.3725,8.501161,2207,3685
443,2019-03-19,invierno,2019,March,0,Martes,1,1,22.345,10.875239,982,5171
444,2019-03-20,invierno,2019,March,0,Miercoles,1,1,22.994153,8.125157,1051,5042
445,2019-03-21,primavera,2019,March,0,Jueves,1,2,21.798347,6.0004061,1122,5108
446,2019-03-22,primavera,2019,March,0,Viernes,1,1,22.720847,7.876654,1334,5537
447,2019-03-23,primavera,2019,March,0,Sabado,0,2,24.668347,7.7921,2469,5893
448,2019-03-24,primavera,2019,March,0,Domingo,0,2,20.6025,12.916461,1033,2339
449,2019-03-25,primavera,2019,March,0,Lunes,1,2,17.9375,14.791925,1532,3464
450,2019-03-26,primavera,2019,March,0,Martes,1,1,18.279153,25.917007,795,4763
451,2019-03-27,primavera,2019,March,0,Miercoles,1,1,13.256653,12.541864,531,4571
452,2019-03-28,primavera,2019,March,0,Jueves,1,1,19.850847,19.541957,674,5024
453,2019-03-29,primavera,2019,March,0,Viernes,1,1,20.260847,21.41655,834,5299
454,2019-03-30,primavera,2019,March,0,Sabado,0,2,15.17,9.250489,796,4663
455,2019-03-31,primavera,2019,March,0,Domingo,0,2,17.390847,16.791339,2301,3934
456,2019-01-04,invierno,2019,January,0,Viernes,1,2,17.459153,11.541889,2347,3694
457,2019-02-04,invierno,2019,February,0,Lunes,1,1,17.790433,20.913313,1208,4728
458,2019-03-04,invierno,2019,March,0,Lunes,1,1,19.133347,6.708911,1348,5424
459,2019-04-04,primavera,2019,April,0,Jueves,1,1,22.208347,12.125325,1058,5378
460,2019-05-04,primavera,2019,May,0,Sabado,0,1,17.835,14.708443,1192,5265
461,2019-06-04,primavera,2019,June,0,Martes,1,1,16.536653,20.125996,1807,4653
462,2019-07-04,verano,2019,July,1,Jueves,0,1,17.9375,18.416357,3252,3605
463,2019-08-04,verano,2019,August,0,Domingo,0,1,20.5,15.583932,2230,2939
464,2019-09-04,verano,2019,September,0,Miercoles,1,1,20.055847,23.999132,905,4680
465,2019-10-04,otoño,2019,October,0,Viernes,1,1,18.313347,16.708125,819,5099
466,2019-11-04,otoño,2019,November,0,Lunes,1,1,14.296536,19.783358,482,4380
467,2019-12-04,otoño,2019,December,0,Miercoles,1,1,16.2975,19.458743,663,4746
468,2019-04-13,primavera,2019,April,0,Sabado,0,1,18.1425,10.416557,1252,5146
469,2019-04-14,primavera,2019,April,0,Domingo,0,1,20.295,12.791439,2795,4665
470,2019-04-15,primavera,2019,April,0,Lunes,1,1,24.873347,15.083643,2846,4286
471,2019-04-16,primavera,2019,April,0,Martes,1,1,27.230847,19.083543,1198,5172
472,2019-04-17,primavera,2019,April,0,Miercoles,1,1,24.941653,18.333143,989,5702
473,2019-04-18,primavera,2019,April,0,Jueves,1,2,18.996653,11.250104,347,4020
474,2019-04-19,primavera,2019,April,0,Viernes,1,1,20.431653,4.4172564,846,5719
475,2019-04-20,primavera,2019,April,0,Sabado,0,1,21.593347,10.041357,1340,5950
476,2019-04-21,primavera,2019,April,0,Domingo,0,1,23.37,19.000329,2541,4083
477,2019-04-22,primavera,2019,April,0,Lunes,1,3,16.263347,23.084582,120,907
478,2019-04-23,primavera,2019,April,0,Martes,1,2,13.188347,20.334232,195,3019
479,2019-04-24,primavera,2019,April,0,Miercoles,1,1,16.946653,16.708661,518,5115
480,2019-04-25,primavera,2019,April,0,Jueves,1,1,19.543347,7.959064,655,5541
481,2019-04-26,primavera,2019,April,0,Viernes,1,2,20.431653,11.833875,475,4551
482,2019-04-27,primavera,2019,April,0,Sabado,0,1,18.7575,23.291411,1014,5219
483,2019-04-28,primavera,2019,April,0,Domingo,0,2,15.443347,8.708325,1120,3100
484,2019-04-29,primavera,2019,April,0,Lunes,1,1,18.791653,7.832836,2229,4075
485,2019-04-30,primavera,2019,April,0,Martes,1,2,19.030847,11.499746,665,4907
486,2019-01-05,invierno,2019,January,0,Sabado,0,2,25.146653,10.458432,653,5087
487,2019-02-05,invierno,2019,February,0,Martes,1,1,23.130847,9.249886,667,5502
488,2019-03-05,invierno,2019,March,0,Martes,1,2,22.96,8.957632,764,5657
489,2019-04-05,primavera,2019,April,0,Viernes,1,1,25.7275,10.916846,1069,5227
490,2019-05-05,primavera,2019,May,0,Domingo,0,2,25.488347,10.250464,2496,4387
491,2019-06-05,primavera,2019,June,0,Miercoles,1,2,23.0625,10.041893,2135,4224
492,2019-07-05,verano,2019,July,0,Viernes,1,2,22.0375,15.458307,1008,5265
493,2019-08-05,verano,2019,August,0,Lunes,1,2,23.848347,19.833943,738,4990
494,2019-09-05,verano,2019,September,0,Jueves,1,2,23.575,14.499604,620,4097
495,2019-10-05,otoño,2019,October,0,Sabado,0,1,20.739153,21.042221,1026,5546
496,2019-11-05,otoño,2019,November,0,Martes,1,1,21.866653,15.874779,1319,5711
497,2019-12-05,otoño,2019,December,0,Jueves,1,1,23.130847,8.249911,2622,4807
498,2019-05-13,primavera,2019,May,0,Lunes,1,1,25.1125,15.082839,2172,3946
499,2019-05-14,primavera,2019,May,0,Martes,1,2,23.506653,14.250364,342,2501
500,2019-05-15,primavera,2019,May,0,Miercoles,1,2,25.078347,9.875264,625,4490
501,2019-05-16,primavera,2019,May,0,Jueves,1,1,26.103347,8.208304,991,6433
502,2019-05-17,primavera,2019,May,0,Viernes,1,1,24.326653,15.374825,1242,6142
503,2019-05-18,primavera,2019,May,0,Sabado,0,1,23.130847,9.166739,1521,6118
504,2019-05-19,primavera,2019,May,0,Domingo,0,1,24.6,5.626325,3410,4884
505,2019-05-20,primavera,2019,May,0,Lunes,1,1,25.454153,17.042589,2704,4425
506,2019-05-21,primavera,2019,May,0,Martes,1,2,24.531653,15.624668,630,3729
507,2019-05-22,primavera,2019,May,0,Miercoles,1,2,25.215,7.917189,819,5254
508,2019-05-23,primavera,2019,May,0,Jueves,1,2,25.488347,6.834,766,4494
509,2019-05-24,primavera,2019,May,0,Viernes,1,1,26.855,11.584032,1059,5711
510,2019-05-25,primavera,2019,May,0,Sabado,0,1,27.88,9.41685,1417,5317
511,2019-05-26,primavera,2019,May,0,Domingo,0,1,28.3925,13.332464,2855,3681
512,2019-05-27,primavera,2019,May,1,Lunes,0,1,28.29,14.416457,3283,3308
513,2019-05-28,primavera,2019,May,0,Martes,1,1,29.2125,13.166907,2557,3486
514,2019-05-29,primavera,2019,May,0,Miercoles,1,1,29.6225,19.7918,880,4863
515,2019-05-30,primavera,2019,May,0,Jueves,1,2,26.923347,9.000043,745,6110
516,2019-05-31,primavera,2019,May,0,Viernes,1,1,27.88,13.083693,1100,6238
517,2019-01-06,invierno,2019,January,0,Domingo,0,2,26.820847,15.916721,533,3594
518,2019-02-06,invierno,2019,February,0,Miercoles,1,1,23.916653,12.499654,2795,5325
519,2019-03-06,invierno,2019,March,0,Miercoles,1,1,24.7025,12.333829,2494,5147
520,2019-04-06,primavera,2019,April,0,Sabado,0,1,24.4975,19.083811,1071,5927
521,2019-05-06,primavera,2019,May,0,Lunes,1,2,22.174153,14.041525,968,6033
522,2019-06-06,primavera,2019,June,0,Jueves,1,1,22.720847,5.167375,1027,6028
523,2019-07-06,verano,2019,July,0,Sabado,0,1,24.7025,10.54245,1038,6456
524,2019-08-06,verano,2019,August,0,Martes,1,1,26.615847,11.750661,1488,6248
525,2019-09-06,verano,2019,September,0,Viernes,1,1,29.144153,9.667229,2708,4790
526,2019-10-06,otoño,2019,October,0,Domingo,0,1,29.793347,8.959307,2224,4374
527,2019-11-06,otoño,2019,November,0,Miercoles,1,2,29.554153,13.916771,1017,5647
528,2019-12-06,otoño,2019,December,0,Viernes,1,2,26.786653,14.374582,477,4495
529,2019-06-13,primavera,2019,June,0,Jueves,1,1,26.889153,22.999693,1173,6248
530,2019-06-14,primavera,2019,June,0,Viernes,1,1,26.581653,17.000111,1180,6183
531,2019-06-15,primavera,2019,June,0,Sabado,0,1,26.205847,11.833339,1563,6102
532,2019-06-16,primavera,2019,June,0,Domingo,0,1,25.898347,11.166689,2963,4739
533,2019-06-17,primavera,2019,June,0,Lunes,1,1,24.2925,9.708568,2634,4344
534,2019-06-18,primavera,2019,June,0,Martes,1,2,23.301653,11.707982,653,4446
535,2019-06-19,primavera,2019,June,0,Miercoles,1,1,28.221653,9.917139,968,5857
536,2019-06-20,primavera,2019,June,0,Jueves,1,1,32.0825,7.625404,872,5339
537,2019-06-21,verano,2019,June,0,Viernes,1,1,33.039153,7.958729,778,5127
538,2019-06-22,verano,2019,June,0,Sabado,0,1,31.8775,12.250414,964,4859
539,2019-06-23,verano,2019,June,0,Domingo,0,1,29.998347,12.041307,2657,4801
540,2019-06-24,verano,2019,June,0,Lunes,1,1,30.476653,9.750175,2551,4340
541,2019-06-25,verano,2019,June,0,Martes,1,1,29.349153,20.125661,1139,5640
542,2019-06-26,verano,2019,June,0,Miercoles,1,1,25.864153,23.292014,1077,6365
543,2019-06-27,verano,2019,June,0,Jueves,1,1,28.5975,18.208925,1077,6258
544,2019-06-28,verano,2019,June,0,Viernes,1,1,30.715847,11.50055,921,5958
545,2019-06-29,verano,2019,June,0,Sabado,0,1,34.200847,11.082939,829,4634
546,2019-06-30,verano,2019,June,0,Domingo,0,1,31.365,10.791757,1455,4232
547,2019-01-07,invierno,2019,January,0,Lunes,1,1,33.449153,11.291443,1421,4110
548,2019-02-07,invierno,2019,February,0,Jueves,1,1,32.048347,13.082889,904,5323
549,2019-03-07,invierno,2019,March,0,Jueves,1,1,32.014153,8.457879,1052,5608
550,2019-04-07,primavera,2019,April,0,Domingo,0,1,32.355847,9.04165,2562,4841
551,2019-05-07,primavera,2019,May,0,Martes,1,1,33.9275,12.999943,1405,4836
552,2019-06-07,primavera,2019,June,0,Viernes,1,1,33.961653,9.791514,1366,4841
553,2019-07-07,verano,2019,July,0,Domingo,0,1,35.328347,10.958118,1448,3392
554,2019-08-07,verano,2019,August,0,Miercoles,1,1,33.7225,8.417143,1203,3469
555,2019-09-07,verano,2019,September,0,Sabado,0,2,29.144153,12.125325,998,5571
556,2019-10-07,otoño,2019,October,0,Lunes,1,2,29.554153,10.166379,954,5336
557,2019-11-07,otoño,2019,November,0,Jueves,1,1,29.383347,10.166111,975,6289
558,2019-12-07,otoño,2019,December,0,Sabado,0,1,29.349153,9.833925,1032,6414
559,2019-07-13,verano,2019,July,0,Sabado,0,2,29.998347,5.41695,1511,5988
560,2019-07-14,verano,2019,July,0,Domingo,0,2,28.836653,9.626493,2355,4614
561,2019-07-15,verano,2019,July,0,Lunes,1,1,30.579153,11.166689,1920,4111
562,2019-07-16,verano,2019,July,0,Martes,1,1,31.296653,11.000529,1088,5742
563,2019-07-17,verano,2019,July,0,Miercoles,1,1,33.551653,7.666743,921,5865
564,2019-07-18,verano,2019,July,0,Jueves,1,1,32.526653,9.208614,799,4914
565,2019-07-19,verano,2019,July,0,Viernes,1,1,31.57,11.083743,888,5703
566,2019-07-20,verano,2019,July,0,Sabado,0,2,27.299153,14.000789,747,5123
567,2019-07-21,verano,2019,July,0,Domingo,0,3,24.429153,14.2911,1264,3195
568,2019-07-22,verano,2019,July,0,Lunes,1,2,27.3675,6.2926936,2544,4866
569,2019-07-23,verano,2019,July,0,Martes,1,1,30.408347,9.291761,1135,5831
570,2019-07-24,verano,2019,July,0,Miercoles,1,1,30.784153,14.167418,1140,6452
571,2019-07-25,verano,2019,July,0,Jueves,1,1,29.690847,11.0416,1383,6790
572,2019-07-26,verano,2019,July,0,Viernes,1,1,31.843347,19.082471,1036,5825
573,2019-07-27,verano,2019,July,0,Sabado,0,1,32.048347,10.250464,1259,5645
574,2019-07-28,verano,2019,July,0,Domingo,0,1,30.989153,10.54245,2234,4451
575,2019-07-29,verano,2019,July,0,Lunes,1,1,29.588347,11.416532,2153,4444
576,2019-07-30,verano,2019,July,0,Martes,1,1,29.964153,10.292339,1040,6065
577,2019-07-31,verano,2019,July,0,Miercoles,1,1,29.246653,11.083475,968,6248
578,2019-01-08,invierno,2019,January,0,Martes,1,1,29.4175,9.458993,1074,6506
579,2019-02-08,invierno,2019,February,0,Viernes,1,1,30.8525,8.666718,983,6278
580,2019-03-08,invierno,2019,March,0,Viernes,1,2,31.399153,14.458064,1328,5847
581,2019-04-08,primavera,2019,April,0,Lunes,1,1,32.526653,17.249686,2345,4479
582,2019-05-08,primavera,2019,May,0,Miercoles,1,1,31.535847,19.458207,1707,3757
583,2019-06-08,primavera,2019,June,0,Sabado,0,2,30.8525,8.666718,1233,5780
584,2019-07-08,verano,2019,July,0,Lunes,1,2,30.169153,7.832836,1278,5995
585,2019-08-08,verano,2019,August,0,Jueves,1,2,30.75,7.4169,1263,6271
586,2019-09-08,verano,2019,September,0,Domingo,0,1,30.989153,10.4587,1196,6090
587,2019-10-08,otoño,2019,October,0,Martes,1,2,29.349153,16.000471,1065,4721
588,2019-11-08,otoño,2019,November,0,Viernes,1,2,28.3925,13.834093,2247,4052
589,2019-12-08,otoño,2019,December,0,Domingo,0,1,28.734153,8.208304,2182,4362
590,2019-08-13,verano,2019,August,0,Martes,1,1,29.554153,9.126204,1207,5676
591,2019-08-14,verano,2019,August,0,Miercoles,1,1,29.793347,11.333586,1128,5656
592,2019-08-15,verano,2019,August,0,Jueves,1,1,28.973347,11.374657,1198,6149
593,2019-08-16,verano,2019,August,0,Viernes,1,1,29.485847,9.500332,1338,6267
594,2019-08-17,verano,2019,August,0,Sabado,0,1,29.656653,15.500718,1483,5665
595,2019-08-18,verano,2019,August,0,Domingo,0,1,27.811653,11.917089,2827,5038
596,2019-08-19,verano,2019,August,0,Lunes,1,2,26.069153,5.79215,1208,3341
597,2019-08-20,verano,2019,August,0,Martes,1,2,26.069153,8.708593,1026,5504
598,2019-08-21,verano,2019,August,0,Miercoles,1,1,26.615847,4.8756436,1081,5925
599,2019-08-22,verano,2019,August,0,Jueves,1,1,27.3675,4.7089811,1094,6281
600,2019-08-23,verano,2019,August,0,Viernes,1,1,28.529153,5.6679186,1363,6402
601,2019-08-24,verano,2019,August,0,Sabado,0,2,28.8025,4.8337686,1325,6257
602,2019-08-25,verano,2019,August,0,Domingo,0,2,27.128347,16.375336,1829,4224
603,2019-08-26,verano,2019,August,0,Lunes,1,2,26.786653,15.333486,1483,3772
604,2019-08-27,verano,2019,August,0,Martes,1,1,28.836653,8.625111,989,5928
605,2019-08-28,verano,2019,August,0,Miercoles,1,1,29.861653,12.791975,935,6105
606,2019-08-29,verano,2019,August,0,Jueves,1,1,28.085,7.541654,1177,6520
607,2019-08-30,verano,2019,August,0,Viernes,1,1,28.973347,5.1668189,1172,6541
608,2019-08-31,verano,2019,August,0,Sabado,0,1,31.330847,11.291711,1433,5917
609,2019-01-09,invierno,2019,January,0,Miercoles,1,2,30.886653,7.583529,2352,3788
610,2019-02-09,invierno,2019,February,0,Sabado,0,2,28.563347,4.2927436,2613,3197
611,2019-03-09,invierno,2019,March,0,Sabado,0,1,29.0075,10.125107,1965,4069
612,2019-04-09,primavera,2019,April,0,Martes,1,1,29.759153,15.833507,867,5997
613,2019-05-09,primavera,2019,May,0,Jueves,1,1,30.203347,12.583136,832,6280
614,2019-06-09,primavera,2019,June,0,Domingo,0,2,28.563347,9.542207,611,5592
615,2019-07-09,verano,2019,July,0,Martes,1,1,28.836653,11.500282,1045,6459
616,2019-08-09,verano,2019,August,0,Viernes,1,2,27.025847,18.833968,1557,4419
617,2019-09-09,verano,2019,September,0,Lunes,1,1,25.01,15.041232,2570,5657
618,2019-10-09,otoño,2019,October,0,Miercoles,1,1,23.916653,17.333771,1118,6407
619,2019-11-09,otoño,2019,November,0,Sabado,0,1,23.6775,6.1676314,1070,6697
620,2019-12-09,otoño,2019,December,0,Lunes,1,1,24.565847,8.833682,1050,6820
621,2019-09-13,verano,2019,September,0,Viernes,1,1,25.1125,5.5422936,1054,6750
622,2019-09-14,verano,2019,September,0,Sabado,0,1,25.966653,6.958821,1379,6630
623,2019-09-15,verano,2019,September,0,Domingo,0,1,24.941653,16.583907,3160,5554
624,2019-09-16,verano,2019,September,0,Lunes,1,1,23.78,6.0422811,2166,5167
625,2019-09-17,verano,2019,September,0,Martes,1,2,23.814153,10.166714,1022,5847
626,2019-09-18,verano,2019,September,0,Miercoles,1,2,25.556653,23.958329,371,3702
627,2019-09-19,verano,2019,September,0,Jueves,1,1,22.6525,14.416725,788,6803
628,2019-09-20,verano,2019,September,0,Viernes,1,1,22.413347,7.917189,939,6781
629,2019-09-21,otoño,2019,September,0,Sabado,0,1,24.565847,10.333343,1250,6917
630,2019-09-22,otoño,2019,September,0,Domingo,0,1,26.65,19.000061,2512,5883
631,2019-09-23,otoño,2019,September,0,Lunes,1,1,21.695847,14.958286,2454,5453
632,2019-09-24,otoño,2019,September,0,Martes,1,1,21.080847,9.541068,1001,6435
633,2019-09-25,otoño,2019,September,0,Miercoles,1,1,22.55,15.833507,845,6693
634,2019-09-26,otoño,2019,September,0,Jueves,1,1,26.035,16.3748,787,6946
635,2019-09-27,otoño,2019,September,0,Viernes,1,2,26.65,9.000914,751,6642
636,2019-09-28,otoño,2019,September,0,Sabado,0,2,25.385847,10.999993,1045,6370
637,2019-09-29,otoño,2019,September,0,Domingo,0,1,22.2425,15.249468,2589,5966
638,2019-09-30,otoño,2019,September,0,Lunes,1,1,21.593347,9.042186,2015,4874
639,2019-01-10,invierno,2019,January,0,Jueves,1,2,21.354153,6.0838814,763,6015
640,2019-02-10,invierno,2019,February,0,Domingo,0,3,24.224153,6.999825,315,4324
641,2019-03-10,invierno,2019,March,0,Domingo,0,2,26.9575,4.4585686,728,6844
642,2019-04-10,primavera,2019,April,0,Miercoles,1,2,26.9575,7.875582,891,6437
643,2019-05-10,primavera,2019,May,0,Viernes,1,1,25.215,7.12545,1516,6640
644,2019-06-10,primavera,2019,June,0,Lunes,1,1,22.720847,17.957675,3031,4934
645,2019-07-10,verano,2019,July,0,Miercoles,1,2,17.049153,9.457854,781,2729
646,2019-08-10,verano,2019,August,0,Sabado,0,2,15.716653,12.708493,874,4604
647,2019-09-10,verano,2019,September,0,Martes,1,2,18.313347,12.7501,601,5791
648,2019-10-10,otoño,2019,October,0,Jueves,1,1,21.080847,12.584007,780,6911
649,2019-11-10,otoño,2019,November,0,Domingo,0,1,17.835,12.166932,834,6736
650,2019-12-10,otoño,2019,December,0,Martes,1,1,17.9375,15.751164,1060,6222
651,2019-10-13,otoño,2019,October,0,Domingo,0,1,16.126653,9.791514,2252,4857
652,2019-10-14,otoño,2019,October,1,Lunes,0,1,21.388347,18.667004,2080,4559
653,2019-10-15,otoño,2019,October,0,Martes,1,2,23.028347,19.834479,760,5115
654,2019-10-16,otoño,2019,October,0,Miercoles,1,1,19.201653,12.208807,922,6612
655,2019-10-17,otoño,2019,October,0,Jueves,1,1,18.689153,6.791857,979,6482
656,2019-10-18,otoño,2019,October,0,Viernes,1,2,21.4225,15.874779,1008,6501
657,2019-10-19,otoño,2019,October,0,Sabado,0,2,23.096653,9.041918,753,4671
658,2019-10-20,otoño,2019,October,0,Domingo,0,1,19.850847,7.874979,2806,5284
659,2019-10-21,otoño,2019,October,0,Lunes,1,1,19.030847,11.125618,2132,4692
660,2019-10-22,otoño,2019,October,0,Martes,1,1,19.9875,5.4593811,830,6228
661,2019-10-23,otoño,2019,October,0,Miercoles,1,1,22.310847,6.3345686,841,6625
662,2019-10-24,otoño,2019,October,0,Jueves,1,1,24.0875,4.8762064,795,6898
663,2019-10-25,otoño,2019,October,0,Viernes,1,2,22.55,8.333125,875,6484
664,2019-10-26,otoño,2019,October,0,Sabado,0,2,22.379153,8.875289,1182,6262
665,2019-10-27,otoño,2019,October,0,Domingo,0,2,21.73,15.791364,2643,5209
666,2019-10-28,otoño,2019,October,0,Lunes,1,2,19.5775,26.666536,998,3461
667,2019-10-29,otoño,2019,October,0,Martes,1,3,18.04,23.9994,2,20
668,2019-10-30,otoño,2019,October,0,Miercoles,1,2,13.045462,14.271603,87,1009
669,2019-10-31,otoño,2019,October,0,Jueves,1,2,14.6575,11.166689,419,5147
670,2019-01-11,invierno,2019,January,0,Viernes,1,2,14.999153,10.542182,466,5520
671,2019-02-11,invierno,2019,February,0,Lunes,1,1,14.555,17.833725,618,5229
672,2019-03-11,invierno,2019,March,0,Lunes,1,2,14.076653,18.125443,1029,4109
673,2019-04-11,primavera,2019,April,0,Jueves,1,1,13.359153,12.000236,1201,3906
674,2019-05-11,primavera,2019,May,0,Sabado,0,1,13.085847,15.833775,378,4881
675,2019-06-11,primavera,2019,June,0,Martes,1,1,11.514153,11.625371,466,5220
676,2019-07-11,verano,2019,July,0,Jueves,1,2,12.129153,20.375236,326,4709
677,2019-08-11,verano,2019,August,0,Domingo,0,1,14.439134,23.304945,340,4975
678,2019-09-11,verano,2019,September,0,Miercoles,1,1,14.828347,14.375386,709,5283
679,2019-10-11,otoño,2019,October,0,Viernes,1,1,15.955847,3.8756686,2090,4446
680,2019-11-11,otoño,2019,November,1,Lunes,0,1,17.254153,8.5425,2290,4562
681,2019-12-11,otoño,2019,December,0,Miercoles,1,1,19.885,11.625639,1097,5172
682,2019-11-13,otoño,2019,November,0,Miercoles,1,2,14.076653,22.917082,327,3767
683,2019-11-14,otoño,2019,November,0,Jueves,1,1,11.855847,13.374875,373,5122
684,2019-11-15,otoño,2019,November,0,Viernes,1,2,13.188347,10.250129,320,5125
685,2019-11-16,otoño,2019,November,0,Sabado,0,1,14.145,11.458675,484,5214
686,2019-11-17,otoño,2019,November,0,Domingo,0,1,13.325,12.041843,1313,4316
687,2019-11-18,otoño,2019,November,0,Lunes,1,1,14.0425,15.250004,922,3747
688,2019-11-19,otoño,2019,November,0,Martes,1,2,15.614153,15.749489,449,5050
689,2019-11-20,otoño,2019,November,0,Miercoles,1,2,15.340847,5.542575,534,5100
690,2019-11-21,otoño,2019,November,0,Jueves,1,1,14.486653,6.917482,615,4531
691,2019-11-22,otoño,2019,November,0,Viernes,1,1,13.94,3.5423436,955,1470
692,2019-11-23,otoño,2019,November,0,Sabado,0,1,15.101653,9.917407,1603,2307
693,2019-11-24,otoño,2019,November,0,Domingo,0,1,11.411653,25.250357,532,1745
694,2019-11-25,otoño,2019,November,0,Lunes,1,1,10.079153,10.0835,309,2115
695,2019-11-26,otoño,2019,November,0,Martes,1,1,12.846653,3.12555,337,4750
696,2019-11-27,otoño,2019,November,0,Miercoles,1,2,11.958347,15.916654,123,3836
697,2019-11-28,otoño,2019,November,1,Jueves,0,1,12.163347,14.125007,198,5062
698,2019-11-29,otoño,2019,November,0,Viernes,1,1,11.51567,7.739974,243,5080
699,2019-11-30,otoño,2019,November,0,Sabado,0,1,12.231653,3.9175436,362,5306
700,2019-01-12,invierno,2019,January,0,Sabado,0,2,12.231653,4.0001814,951,4240
701,2019-02-12,invierno,2019,February,0,Martes,1,2,14.2475,8.333393,892,3757
702,2019-03-12,invierno,2019,March,0,Martes,1,1,18.5525,5.5422936,555,5679
703,2019-04-12,primavera,2019,April,0,Viernes,1,1,19.509153,11.666643,551,6055
704,2019-05-12,primavera,2019,May,0,Domingo,0,1,17.971653,21.709407,331,5398
705,2019-06-12,primavera,2019,June,0,Miercoles,1,1,10.489153,11.708518,340,5035
706,2019-07-12,verano,2019,July,0,Viernes,1,2,13.154153,8.7502,349,4659
707,2019-08-12,verano,2019,August,0,Lunes,1,2,15.648347,6.792393,1153,4429
708,2019-09-12,verano,2019,September,0,Jueves,1,2,15.750847,10.584325,441,2787
709,2019-10-12,otoño,2019,October,0,Sabado,0,2,17.869153,12.750636,329,4841
710,2019-11-12,otoño,2019,November,0,Martes,1,2,14.486653,19.834479,282,5219
711,2019-12-12,otoño,2019,December,0,Jueves,1,2,12.1975,10.916779,310,5009
712,2019-12-13,otoño,2019,December,0,Viernes,1,1,12.129153,11.666643,425,5107
713,2019-12-14,otoño,2019,December,0,Sabado,0,1,11.548347,8.792343,429,5182
714,2019-12-15,otoño,2019,December,0,Domingo,0,1,13.290847,7.12545,767,4280
715,2019-12-16,otoño,2019,December,0,Lunes,1,2,14.8625,6.749714,538,3248
716,2019-12-17,otoño,2019,December,0,Martes,1,2,16.126653,6.5833061,212,4373
717,2019-12-18,otoño,2019,December,0,Miercoles,1,1,16.844153,14.834068,433,5124
718,2019-12-19,otoño,2019,December,0,Jueves,1,1,13.6325,12.334164,333,4934
719,2019-12-20,otoño,2019,December,0,Viernes,1,2,13.53,8.875021,314,3814
720,2019-12-21,invierno,2019,December,0,Sabado,0,2,13.393347,25.083661,221,3402
721,2019-12-22,invierno,2019,December,0,Domingo,0,1,10.899153,27.292182,205,1544
722,2019-12-23,invierno,2019,December,0,Lunes,1,1,10.079153,8.916561,408,1379
723,2019-12-24,invierno,2019,December,0,Martes,1,2,9.483464,5.1744368,174,746
724,2019-12-25,invierno,2019,December,1,Miercoles,0,2,11.943464,11.304642,440,573
725,2019-12-26,invierno,2019,December,0,Jueves,1,3,9.976653,21.208582,9,432
726,2019-12-27,invierno,2019,December,0,Viernes,1,2,10.420847,23.458911,247,1867
727,2019-12-28,invierno,2019,December,0,Sabado,0,2,10.386653,10.416557,644,2451
728,2019-12-29,invierno,2019,December,0,Domingo,0,2,10.386653,8.333661,159,1182
729,2019-12-30,invierno,2019,December,0,Lunes,1,1,10.489153,23.500518,364,1432
730,2019-12-31,invierno,2019,December,0,Martes,1,2,8.849153,10.374682,439,2290
