,estacion,año,mes,festivo,dia_semana,dia_laboral,tiempo,temperatura,velocidad_viento,cliente_casual,cliente_registrado
1,invierno,2018,January,1,Lunes,0,2,14.902598,16.652113,131.0,670.0
2,invierno,2018,February,0,Jueves,1,2,8.050924,16.636703,120.0,1229.0
3,invierno,2018,March,0,Jueves,1,1,8.2,10.739832,108.0,1454.0
4,primavera,2018,April,0,Domingo,0,1,9.305237,12.5223,82.0,1518.0
5,primavera,2018,May,0,Martes,1,1,8.378268,6.0008684,88.0,1518.0
6,primavera,2018,June,0,Viernes,1,1,8.057402,11.304642,148.0,1362.0
7,verano,2018,July,0,Domingo,0,2,6.765,17.875868,68.0,891.0
8,verano,2018,August,0,Miercoles,1,2,5.671653,24.25065,54.0,768.0
9,verano,2018,September,0,Sabado,0,1,6.184153,14.958889,41.0,1280.0
10,otoño,2018,October,0,Lunes,1,1,6.932731,8.182844,43.0,1220.0
11,otoño,2018,November,0,Jueves,1,2,7.081807,20.410009,25.0,1137.0
12,otoño,2018,December,0,Sabado,0,1,6.765,20.167,38.0,1368.0
13,invierno,2018,January,0,Sabado,0,1,6.59567,8.478716,54.0,1367.0
14,invierno,2018,January,0,Domingo,0,1,9.566653,10.583521,222.0,1026.0
15,invierno,2018,January,1,Lunes,0,2,9.498347,12.625011,251.0,953.0
16,invierno,2018,January,0,Martes,1,1,7.209153,12.999139,117.0,883.0
17,invierno,2018,January,0,Miercoles,1,2,8.883347,9.833925,9.0,674.0
18,invierno,2018,January,0,Jueves,1,2,11.979134,13.957239,78.0,1572.0
19,invierno,2018,January,0,Viernes,1,2,10.728347,13.125568,83.0,1844.0
20,invierno,2018,January,0,Sabado,0,2,7.2775,23.667214,75.0,1468.0
21,invierno,2018,January,0,Domingo,0,1,2.4243464,11.52199,93.0,888.0
22,invierno,2018,January,0,Lunes,1,1,3.9573897,16.5222,150.0,836.0
23,invierno,2018,January,0,Martes,1,1,3.9930433,10.60811,86.0,1330.0
24,invierno,2018,January,0,Miercoles,1,1,9.162598,8.696332,186.0,1799.0
25,invierno,2018,January,0,Jueves,1,2,8.9175,19.68795,34.0,472.0
26,invierno,2018,January,0,Viernes,1,3,7.995,7.627079,15.0,416.0
27,invierno,2018,January,0,Sabado,0,1,8.342598,8.2611,38.0,1129.0
28,invierno,2018,January,0,Domingo,0,2,8.057402,9.739455,123.0,975.0
29,invierno,2018,January,0,Lunes,1,1,8.877402,4.9568342,140.0,956.0
30,invierno,2018,January,0,Martes,1,1,7.414153,12.541864,42.0,1459.0
31,invierno,2018,January,0,Miercoles,1,2,7.879134,3.565271,47.0,1313.0
32,invierno,2018,January,0,Martes,1,2,10.66,17.708636,72.0,1454.0
33,invierno,2018,February,0,Viernes,1,2,7.665237,18.609384,61.0,1489.0
34,invierno,2018,March,0,Viernes,1,1,8.663464,8.565213,88.0,1620.0
35,primavera,2018,April,0,Lunes,1,2,9.566653,10.792293,100.0,905.0
36,primavera,2018,May,0,Miercoles,1,2,11.719153,9.5006,354.0,1269.0
37,primavera,2018,June,0,Sabado,0,1,11.138347,3.0423561,120.0,1592.0
38,verano,2018,July,0,Lunes,1,1,9.054153,24.25065,64.0,1466.0
39,verano,2018,August,0,Jueves,1,1,5.526103,12.652213,53.0,1552.0
40,verano,2018,September,0,Domingo,0,2,5.918268,14.869645,47.0,1491.0
41,otoño,2018,October,0,Martes,1,1,7.752731,7.27285,149.0,1597.0
42,otoño,2018,November,0,Viernes,1,1,9.1225,13.625589,288.0,1184.0
43,otoño,2018,December,0,Domingo,0,1,12.977402,17.479161,397.0,1192.0
44,invierno,2018,February,0,Martes,1,1,17.015,27.999836,208.0,1705.0
45,invierno,2018,February,0,Miercoles,1,1,10.909567,19.522058,140.0,1675.0
46,invierno,2018,February,0,Jueves,1,1,13.048701,16.869997,218.0,1897.0
47,invierno,2018,February,0,Viernes,1,1,17.869153,15.416968,259.0,2216.0
48,invierno,2018,February,0,Sabado,0,1,21.388347,17.749975,579.0,2348.0
49,invierno,2018,February,0,Domingo,0,1,16.365847,34.000021,532.0,1103.0
50,invierno,2018,February,1,Lunes,0,1,11.693897,14.956745,639.0,1173.0
51,invierno,2018,February,0,Martes,1,1,12.436653,20.625682,195.0,912.0
52,invierno,2018,February,0,Miercoles,1,2,7.471102,13.110761,74.0,1376.0
53,invierno,2018,February,0,Jueves,1,1,9.091299,6.305571,139.0,1778.0
54,invierno,2018,February,0,Viernes,1,1,12.121732,16.783232,100.0,1707.0
55,invierno,2018,February,0,Sabado,0,2,14.938268,23.218113,120.0,1341.0
56,invierno,2018,February,0,Domingo,0,2,11.5825,12.500257,424.0,1545.0
57,invierno,2018,February,0,Lunes,1,1,14.082598,8.391616,694.0,1708.0
58,invierno,2018,February,0,Martes,1,1,16.698193,19.408962,81.0,1365.0
59,invierno,2018,February,0,Miercoles,1,2,10.933347,14.500475,137.0,1714.0
60,invierno,2018,January,0,Miercoles,1,1,13.735,20.624811,231.0,1903.0
61,invierno,2018,February,0,Sabado,0,1,8.131653,15.125518,123.0,1562.0
62,invierno,2018,March,0,Sabado,0,1,10.728347,13.624182,214.0,1730.0
63,primavera,2018,April,0,Martes,1,2,15.750847,16.875357,640.0,1437.0
64,primavera,2018,May,0,Jueves,1,2,15.437402,23.000229,114.0,491.0
65,primavera,2018,June,0,Domingo,0,2,10.731299,22.870584,244.0,1628.0
66,verano,2018,July,0,Martes,1,1,11.9925,8.08355,316.0,1817.0
67,verano,2018,August,0,Viernes,1,1,12.129153,14.75005,191.0,1700.0
68,verano,2018,September,1,Lunes,0,2,15.952731,17.545759,46.0,577.0
69,otoño,2018,October,0,Miercoles,1,3,12.977402,15.60899,247.0,1730.0
70,otoño,2018,November,0,Sabado,0,2,13.495847,14.791925,724.0,1408.0
71,otoño,2018,December,0,Lunes,1,1,15.758268,18.130468,982.0,1435.0
72,invierno,2018,March,0,Martes,1,1,13.333897,9.174042,359.0,1687.0
73,invierno,2018,March,0,Miercoles,1,1,13.013031,12.348703,289.0,1767.0
74,invierno,2018,March,0,Jueves,1,2,14.973897,13.608839,321.0,1871.0
75,invierno,2018,March,0,Viernes,1,2,17.015,14.041793,424.0,2320.0
76,invierno,2018,March,0,Sabado,0,1,22.14,15.478139,884.0,2355.0
77,invierno,2018,March,0,Domingo,0,1,19.3725,24.667189,1424.0,1693.0
78,invierno,2018,March,0,Lunes,1,1,13.6325,13.917307,1047.0,1424.0
79,invierno,2018,March,0,Martes,1,1,17.647835,19.348461,401.0,1676.0
80,primavera,2018,March,0,Miercoles,1,2,18.108347,15.12525,460.0,2243.0
81,primavera,2018,March,0,Jueves,1,1,14.225237,15.695487,203.0,1918.0
82,primavera,2018,March,0,Viernes,1,2,11.685,16.333729,166.0,1699.0
83,primavera,2018,March,0,Sabado,0,2,10.830847,15.458575,300.0,1910.0
84,primavera,2018,March,0,Domingo,0,1,10.899153,14.041257,981.0,1515.0
85,primavera,2018,March,0,Lunes,1,1,10.374763,12.3481,472.0,1221.0
86,primavera,2018,March,0,Martes,1,2,10.838268,14.217668,222.0,1806.0
87,primavera,2018,March,0,Miercoles,1,1,12.4025,15.208732,317.0,2108.0
88,primavera,2018,March,0,Jueves,1,1,12.3,11.583496,168.0,1368.0
89,primavera,2018,March,0,Viernes,1,2,11.001653,14.582282,179.0,1506.0
90,primavera,2018,March,0,Sabado,0,3,12.3,17.333436,307.0,1920.0
91,invierno,2018,January,0,Jueves,1,2,12.915,13.208782,898.0,1354.0
92,invierno,2018,February,0,Domingo,0,2,15.511653,12.208271,1651.0,1598.0
93,invierno,2018,March,0,Domingo,0,1,23.506653,25.833257,734.0,2381.0
94,primavera,2018,April,0,Miercoles,1,1,16.980847,26.000489,167.0,1628.0
95,primavera,2018,May,0,Viernes,1,2,16.024153,17.625221,413.0,2395.0
96,primavera,2018,June,0,Lunes,1,1,17.9375,10.874904,571.0,2570.0
97,verano,2018,July,1,Miercoles,0,1,13.769153,15.208464,172.0,1299.0
98,verano,2018,August,0,Sabado,0,2,14.0425,8.916561,879.0,1576.0
99,verano,2018,September,0,Martes,1,2,17.493347,9.833389,1188.0,1707.0
100,otoño,2018,October,0,Jueves,1,2,24.421732,21.739758,855.0,2493.0
101,otoño,2018,November,0,Domingo,0,2,20.6025,18.416893,257.0,1777.0
102,otoño,2018,December,0,Martes,1,2,16.9125,16.791339,209.0,1953.0
103,primavera,2018,April,0,Viernes,1,2,19.1675,7.4169,529.0,2738.0
104,primavera,2018,April,0,Sabado,0,1,18.313347,15.167125,642.0,2484.0
105,primavera,2018,April,0,Domingo,0,1,17.664153,22.834136,121.0,674.0
106,primavera,2018,April,0,Lunes,1,3,18.723347,20.334232,1558.0,2186.0
107,primavera,2018,April,0,Martes,1,1,21.0125,10.958989,669.0,2760.0
108,primavera,2018,April,0,Miercoles,1,1,20.739153,10.584057,409.0,2795.0
109,primavera,2018,April,0,Jueves,1,2,24.395,16.208975,613.0,3331.0
110,primavera,2018,April,0,Viernes,1,1,18.825847,21.792286,745.0,3444.0
111,primavera,2018,April,0,Sabado,0,1,13.803347,14.707907,177.0,1506.0
112,primavera,2018,April,0,Domingo,0,2,18.86,15.458575,1462.0,2574.0
113,primavera,2018,April,0,Lunes,1,2,23.848347,12.875725,1710.0,2481.0
114,primavera,2018,April,0,Martes,1,2,24.873347,12.417311,773.0,3300.0
115,primavera,2018,April,0,Miercoles,1,1,25.898347,21.8755,678.0,3722.0
116,primavera,2018,April,0,Jueves,1,1,25.42,20.9174,547.0,3325.0
117,primavera,2018,April,0,Viernes,1,2,25.3175,21.500836,569.0,3489.0
118,primavera,2018,April,0,Sabado,0,2,20.91,16.084221,878.0,3717.0
119,primavera,2018,April,0,Domingo,0,1,19.3725,15.750025,1965.0,3347.0
120,primavera,2018,April,0,Lunes,1,1,18.518347,7.125718,1138.0,2213.0
121,invierno,2018,January,0,Viernes,1,2,22.515847,12.291418,847.0,3554.0
122,invierno,2018,February,0,Lunes,1,2,25.283347,22.958689,603.0,3848.0
123,invierno,2018,March,0,Lunes,1,2,16.980847,22.042732,255.0,2378.0
124,primavera,2018,April,0,Jueves,1,2,18.825847,19.791264,614.0,3819.0
125,primavera,2018,May,0,Sabado,0,1,19.645847,15.292482,894.0,3714.0
126,primavera,2018,June,0,Martes,1,1,21.32,10.75015,1612.0,3102.0
127,verano,2018,July,0,Jueves,1,1,21.661653,5.0007125,1401.0,2932.0
128,verano,2018,August,0,Domingo,0,1,21.8325,11.792,664.0,3698.0
129,verano,2018,September,0,Miercoles,1,1,21.8325,7.749957,694.0,4109.0
130,otoño,2018,October,0,Viernes,1,1,22.2425,8.083014,550.0,3632.0
131,otoño,2018,November,0,Lunes,1,1,21.935,12.707689,695.0,4169.0
132,otoño,2018,December,0,Miercoles,1,1,21.0125,12.041575,692.0,3413.0
133,primavera,2018,May,0,Domingo,0,2,21.354153,9.04165,902.0,2507.0
134,primavera,2018,May,0,Lunes,1,2,23.0625,10.249593,1582.0,2971.0
135,primavera,2018,May,0,Martes,1,2,23.6775,8.500357,773.0,3185.0
136,primavera,2018,May,0,Miercoles,1,1,23.028347,18.582718,678.0,3445.0
137,primavera,2018,May,0,Jueves,1,2,22.55,13.499964,536.0,3319.0
138,primavera,2018,May,0,Viernes,1,2,21.764153,7.250271,735.0,3840.0
139,primavera,2018,May,0,Sabado,0,2,22.003347,8.375871,909.0,4008.0
140,primavera,2018,May,0,Domingo,0,1,24.7025,8.08355,2258.0,3547.0
141,primavera,2018,May,0,Lunes,1,1,24.770847,9.916536,1576.0,3084.0
142,primavera,2018,May,0,Martes,1,1,25.898347,15.667414,836.0,3438.0
143,primavera,2018,May,0,Miercoles,1,2,27.06,13.875164,659.0,3833.0
144,primavera,2018,May,0,Jueves,1,2,27.094153,10.333611,740.0,4238.0
145,primavera,2018,May,0,Viernes,1,1,29.041653,13.376014,758.0,3919.0
146,primavera,2018,May,0,Sabado,0,1,27.948347,16.125493,871.0,3808.0
147,primavera,2018,May,0,Domingo,0,1,26.889153,15.416164,2001.0,2757.0
148,primavera,2018,May,1,Lunes,0,1,27.3675,14.333846,2355.0,2433.0
149,primavera,2018,May,0,Martes,1,1,30.066653,8.792075,1549.0,2549.0
150,primavera,2018,May,0,Miercoles,1,1,31.775,7.459043,673.0,3309.0
151,primavera,2018,May,0,Jueves,1,1,31.330847,13.875164,513.0,3461.0
152,invierno,2018,January,0,Sabado,0,2,29.315,19.583229,736.0,4232.0
153,invierno,2018,February,0,Martes,1,1,25.42,16.959107,898.0,4414.0
154,invierno,2018,March,0,Martes,1,1,26.035,8.250514,1869.0,3473.0
155,primavera,2018,April,0,Viernes,1,1,26.581653,9.292364,1685.0,3221.0
156,primavera,2018,May,0,Domingo,0,2,27.811653,8.167032,673.0,3875.0
157,primavera,2018,June,0,Miercoles,1,1,29.0075,12.583136,763.0,4070.0
158,verano,2018,July,0,Viernes,1,1,31.809153,9.166739,676.0,3725.0
159,verano,2018,August,0,Lunes,1,1,33.141653,10.042161,563.0,3352.0
160,verano,2018,September,0,Jueves,1,2,30.955,9.417118,815.0,3771.0
161,otoño,2018,October,0,Sabado,0,1,29.725,10.37495,1729.0,3237.0
162,otoño,2018,November,0,Martes,1,1,28.3925,10.958989,1467.0,2993.0
163,otoño,2018,December,0,Jueves,1,1,26.035,20.45845,863.0,4157.0
164,primavera,2018,June,0,Miercoles,1,1,24.770847,18.041961,727.0,4164.0
165,primavera,2018,June,0,Jueves,1,1,25.693347,11.250104,769.0,4411.0
166,primavera,2018,June,0,Viernes,1,1,25.761653,13.833557,545.0,3222.0
167,primavera,2018,June,0,Sabado,0,2,26.615847,9.582943,863.0,3981.0
168,primavera,2018,June,0,Domingo,0,1,28.563347,8.000336,1807.0,3312.0
169,primavera,2018,June,0,Lunes,1,1,28.665847,6.834,1639.0,3105.0
170,primavera,2018,June,0,Martes,1,2,26.035,10.416825,699.0,3311.0
171,primavera,2018,June,0,Miercoles,1,2,27.914153,11.458675,774.0,4061.0
172,verano,2018,June,0,Jueves,1,2,30.066653,11.541554,661.0,3846.0
173,verano,2018,June,0,Viernes,1,1,29.861653,15.999868,746.0,4044.0
174,verano,2018,June,0,Sabado,0,2,29.690847,14.875675,969.0,4022.0
175,verano,2018,June,0,Domingo,0,1,28.495,14.041257,1782.0,3420.0
176,verano,2018,June,0,Lunes,1,1,27.88,6.3337311,1920.0,3385.0
177,verano,2018,June,0,Martes,1,1,27.9825,7.208396,854.0,3854.0
178,verano,2018,June,0,Miercoles,1,2,30.510847,9.666961,732.0,3916.0
179,verano,2018,June,0,Jueves,1,1,29.861653,17.542007,848.0,4377.0
180,verano,2018,June,0,Viernes,1,1,28.563347,12.415904,1027.0,4488.0
181,verano,2018,June,0,Sabado,0,1,29.6225,6.874736,1246.0,4116.0
182,invierno,2018,January,0,Domingo,0,1,30.271653,7.709154,2204.0,2915.0
183,invierno,2018,February,0,Miercoles,1,1,29.383347,15.333486,2282.0,2367.0
184,invierno,2018,March,0,Miercoles,1,2,29.793347,5.4591064,3065.0,2978.0
185,primavera,2018,April,0,Sabado,0,2,30.613347,8.459286,1031.0,3634.0
186,primavera,2018,May,0,Lunes,1,1,29.52,10.042161,784.0,3845.0
187,primavera,2018,June,0,Jueves,1,1,30.75,10.6664,754.0,3838.0
188,verano,2018,July,0,Sabado,0,1,29.075847,15.083643,692.0,3348.0
189,verano,2018,August,0,Martes,1,2,30.066653,11.250104,1988.0,3348.0
190,verano,2018,September,0,Viernes,1,1,30.6475,12.292557,1743.0,3138.0
191,otoño,2018,October,0,Domingo,0,1,31.2625,18.916579,723.0,3363.0
192,otoño,2018,November,0,Miercoles,1,1,32.560847,13.417018,662.0,3596.0
193,otoño,2018,December,0,Viernes,1,1,30.613347,9.790911,748.0,3594.0
194,verano,2018,July,0,Viernes,1,1,27.914153,16.124689,888.0,4196.0
195,verano,2018,July,0,Sabado,0,1,27.196653,12.249811,1318.0,4220.0
196,verano,2018,July,0,Domingo,0,1,28.153347,13.958914,2418.0,3505.0
197,verano,2018,July,0,Lunes,1,1,29.485847,16.417211,2006.0,3296.0
198,verano,2018,July,0,Martes,1,1,30.613347,14.458868,841.0,3617.0
199,verano,2018,July,0,Miercoles,1,1,31.843347,8.7502,752.0,3789.0
200,verano,2018,July,0,Jueves,1,1,31.501653,7.625739,644.0,3688.0
201,verano,2018,July,0,Viernes,1,1,33.415,14.875407,632.0,3152.0
202,verano,2018,July,0,Sabado,0,2,34.781653,8.9177,562.0,2825.0
203,verano,2018,July,0,Domingo,0,1,34.815847,8.791807,987.0,2298.0
204,verano,2018,July,0,Lunes,1,1,34.03,11.334457,1050.0,2556.0
205,verano,2018,July,0,Martes,1,1,30.476653,6.0841561,568.0,3272.0
206,verano,2018,July,0,Miercoles,1,1,31.638347,13.417286,750.0,3840.0
207,verano,2018,July,0,Jueves,1,1,31.775,12.292021,755.0,3901.0
208,verano,2018,July,0,Viernes,1,1,31.945847,11.958093,606.0,3784.0
209,verano,2018,July,0,Sabado,0,1,34.371653,11.667246,670.0,3176.0
210,verano,2018,July,0,Domingo,0,1,32.970847,11.291979,1559.0,2916.0
211,verano,2018,July,0,Lunes,1,1,33.039153,11.042471,1524.0,2778.0
212,verano,2018,July,0,Martes,1,1,31.638347,10.500039,729.0,3537.0
213,invierno,2018,January,0,Lunes,1,1,32.116653,13.79195,801.0,4044.0
214,invierno,2018,February,0,Jueves,1,1,29.998347,9.084061,467.0,3107.0
215,invierno,2018,March,0,Jueves,1,2,29.11,13.20905,799.0,3777.0
216,primavera,2018,April,0,Domingo,0,2,29.144153,12.374632,1023.0,3843.0
217,primavera,2018,May,0,Martes,1,1,29.383347,15.29275,1521.0,2773.0
218,primavera,2018,June,0,Viernes,1,2,30.4425,13.499629,1298.0,2487.0
219,verano,2018,July,0,Domingo,0,1,31.365,12.875725,846.0,3480.0
220,verano,2018,August,0,Miercoles,1,1,31.775,10.125107,907.0,3695.0
221,verano,2018,September,0,Sabado,0,1,31.433347,13.417286,884.0,3896.0
222,otoño,2018,October,1,Lunes,0,1,29.4175,11.041332,812.0,3980.0
223,otoño,2018,November,0,Jueves,1,1,29.041653,8.416607,1051.0,3854.0
224,otoño,2018,December,0,Sabado,0,1,28.119153,14.167418,1504.0,2646.0
225,verano,2018,August,0,Lunes,1,2,27.743347,14.916411,1338.0,2482.0
226,verano,2018,August,0,Martes,1,2,27.299153,13.999918,775.0,3563.0
227,verano,2018,August,0,Miercoles,1,1,28.734153,15.834043,721.0,4004.0
228,verano,2018,August,0,Jueves,1,1,29.656653,9.625689,668.0,4026.0
229,verano,2018,August,0,Viernes,1,1,29.178347,15.624936,639.0,3166.0
230,verano,2018,August,0,Sabado,0,1,28.085,9.333636,797.0,3356.0
231,verano,2018,August,0,Domingo,0,2,28.5975,6.999289,1914.0,3277.0
232,verano,2018,August,0,Lunes,1,1,29.144153,16.666518,1249.0,2624.0
233,verano,2018,August,0,Martes,1,1,28.358347,18.54225,833.0,3925.0
234,verano,2018,August,0,Miercoles,1,1,26.274153,9.833121,1281.0,4614.0
235,verano,2018,August,0,Jueves,1,1,27.606653,16.958236,949.0,4181.0
236,verano,2018,August,0,Viernes,1,1,28.050847,14.125811,435.0,3107.0
237,verano,2018,August,0,Sabado,0,2,28.7,5.6254875,768.0,3893.0
238,verano,2018,August,0,Domingo,0,1,27.88,25.166339,226.0,889.0
239,verano,2018,August,0,Lunes,1,2,28.989419,20.412153,1415.0,2919.0
240,verano,2018,August,0,Martes,1,1,26.103347,10.708275,729.0,3905.0
241,verano,2018,August,0,Miercoles,1,1,26.205847,8.375536,775.0,4429.0
242,verano,2018,August,0,Jueves,1,1,26.923347,5.5833311,688.0,4370.0
243,verano,2018,August,0,Viernes,1,1,26.855,9.500332,783.0,4332.0
244,invierno,2018,January,0,Martes,1,1,26.376653,9.375243,875.0,3852.0
245,invierno,2018,February,0,Viernes,1,2,27.435847,12.416775,1935.0,2549.0
246,invierno,2018,March,0,Viernes,1,1,29.075847,13.833289,2521.0,2419.0
247,primavera,2018,April,0,Lunes,1,1,27.606653,14.250632,1236.0,2115.0
248,primavera,2018,May,0,Miercoles,1,2,22.14,23.044181,204.0,2506.0
249,primavera,2018,June,0,Sabado,0,3,24.565847,6.5003936,118.0,1878.0
250,verano,2018,July,0,Lunes,1,3,25.990433,12.914116,153.0,1689.0
251,verano,2018,August,0,Jueves,1,3,26.65,8.333393,417.0,3127.0
252,verano,2018,September,0,Domingo,0,2,27.06,10.291736,1750.0,3595.0
253,otoño,2018,October,0,Martes,1,1,26.786653,7.708618,1633.0,3413.0
254,otoño,2018,November,0,Viernes,1,1,26.418268,5.957171,690.0,4023.0
255,otoño,2018,December,0,Domingo,0,1,26.684153,9.500868,701.0,4062.0
256,verano,2018,September,0,Jueves,1,1,27.606653,11.2091,647.0,4138.0
257,verano,2018,September,0,Viernes,1,1,23.6775,18.166782,428.0,3231.0
258,verano,2018,September,0,Sabado,0,2,19.235847,11.000261,742.0,4018.0
259,verano,2018,September,0,Domingo,0,2,20.158347,12.708225,1434.0,3077.0
260,verano,2018,September,0,Lunes,1,2,20.8075,11.958361,1353.0,2921.0
261,verano,2018,September,0,Martes,1,1,22.515847,10.166714,691.0,3848.0
262,verano,2018,September,0,Miercoles,1,2,23.028347,9.041918,438.0,3203.0
263,verano,2018,September,0,Jueves,1,2,24.395,6.4590814,539.0,3813.0
264,otoño,2018,September,0,Viernes,1,2,25.761653,8.584375,555.0,4240.0
265,otoño,2018,September,0,Sabado,0,2,24.975847,5.2505689,258.0,2137.0
266,otoño,2018,September,0,Domingo,0,2,24.873347,5.2516811,1776.0,3647.0
267,otoño,2018,September,0,Lunes,1,2,26.000847,3.3754064,1544.0,3466.0
268,otoño,2018,September,0,Martes,1,2,26.615847,7.4169,684.0,3946.0
269,otoño,2018,September,0,Miercoles,1,2,26.103347,7.917457,477.0,3643.0
270,otoño,2018,September,0,Jueves,1,2,26.035,9.958143,480.0,3427.0
271,otoño,2018,September,0,Viernes,1,2,25.283347,11.583161,653.0,4186.0
272,otoño,2018,September,0,Sabado,0,1,23.130847,13.833825,830.0,4372.0
273,otoño,2018,September,0,Domingo,0,1,16.81,19.583832,480.0,1949.0
274,invierno,2018,January,0,Miercoles,1,2,14.623347,14.874871,616.0,2302.0
275,invierno,2018,February,0,Sabado,0,2,15.750847,5.5841686,330.0,3240.0
276,invierno,2018,March,0,Sabado,0,2,19.850847,13.792218,486.0,3970.0
277,primavera,2018,April,0,Martes,1,1,22.071653,11.87575,559.0,4267.0
278,primavera,2018,May,0,Jueves,1,1,20.260847,9.041918,639.0,4126.0
279,primavera,2018,June,0,Domingo,0,1,20.944153,1.5002439,949.0,4036.0
280,verano,2018,July,0,Martes,1,1,21.388347,3.0420814,2235.0,3174.0
281,verano,2018,August,0,Viernes,1,1,22.174153,4.25115,2397.0,3114.0
282,verano,2018,September,0,Lunes,1,1,23.404153,2.8343814,1514.0,3603.0
283,otoño,2018,October,0,Miercoles,1,1,23.233347,9.583814,667.0,3896.0
284,otoño,2018,November,0,Sabado,0,2,22.276653,16.62605,217.0,2199.0
285,otoño,2018,December,0,Lunes,1,3,24.155847,9.499729,290.0,2623.0
286,otoño,2018,October,0,Sabado,0,2,22.584153,15.000161,529.0,3115.0
287,otoño,2018,October,0,Domingo,0,2,20.773347,17.291561,1899.0,3318.0
288,otoño,2018,October,0,Lunes,1,1,20.978347,18.875039,1748.0,3293.0
289,otoño,2018,October,0,Martes,1,1,21.900847,11.750393,713.0,3857.0
290,otoño,2018,October,0,Miercoles,1,1,21.8325,7.375829,637.0,4111.0
291,otoño,2018,October,0,Jueves,1,2,22.211299,16.303713,254.0,2170.0
292,otoño,2018,October,0,Viernes,1,3,19.509153,28.292425,471.0,3724.0
293,otoño,2018,October,0,Sabado,0,1,17.5275,14.833532,676.0,3628.0
294,otoño,2018,October,0,Domingo,0,1,17.3225,6.2086689,1499.0,2809.0
295,otoño,2018,October,0,Lunes,1,1,17.288347,6.6673375,1619.0,2762.0
296,otoño,2018,October,0,Martes,1,1,18.996653,7.959064,699.0,3488.0
297,otoño,2018,October,0,Miercoles,1,1,19.338347,11.166086,695.0,3992.0
298,otoño,2018,October,0,Jueves,1,1,19.850847,9.959014,404.0,3490.0
299,otoño,2018,October,0,Viernes,1,2,19.27,13.250121,240.0,2419.0
300,otoño,2018,October,0,Sabado,0,2,13.564153,15.375093,456.0,3291.0
301,otoño,2018,October,0,Domingo,0,2,10.420847,23.541857,57.0,570.0
302,otoño,2018,October,0,Lunes,1,3,13.085847,11.833339,885.0,2446.0
303,otoño,2018,October,0,Martes,1,1,13.94,7.12545,362.0,3307.0
304,otoño,2018,October,0,Miercoles,1,1,16.434153,9.083257,410.0,3658.0
305,invierno,2018,January,0,Jueves,1,1,15.4775,5.5001439,370.0,3816.0
306,invierno,2018,February,0,Domingo,0,1,16.741653,9.166739,318.0,3656.0
307,invierno,2018,March,0,Domingo,0,1,16.536653,18.209193,470.0,3576.0
308,primavera,2018,April,0,Miercoles,1,2,13.393347,12.667154,1156.0,2770.0
309,primavera,2018,May,0,Viernes,1,1,14.281653,6.1676314,952.0,2697.0
310,primavera,2018,June,0,Lunes,1,1,16.195,3.834075,373.0,3662.0
311,verano,2018,July,0,Miercoles,1,1,16.741653,4.6255125,376.0,3829.0
312,verano,2018,August,0,Sabado,0,1,16.4,4.1671186,305.0,3804.0
313,verano,2018,September,0,Martes,1,1,15.58,12.667489,190.0,2743.0
314,otoño,2018,October,0,Jueves,1,2,13.290847,21.083225,440.0,2928.0
315,otoño,2018,November,0,Domingo,0,1,14.623347,14.208154,1275.0,2792.0
316,otoño,2018,December,0,Martes,1,1,18.074153,18.875307,1004.0,2713.0
317,otoño,2018,November,0,Martes,1,1,21.73,20.541932,595.0,3891.0
318,otoño,2018,November,0,Miercoles,1,1,21.73,13.375411,449.0,3746.0
319,otoño,2018,November,0,Jueves,1,2,18.723347,9.167543,145.0,1672.0
320,otoño,2018,November,0,Viernes,1,3,14.008347,20.459254,139.0,2914.0
321,otoño,2018,November,0,Sabado,0,2,11.240847,11.291711,245.0,3147.0
322,otoño,2018,November,0,Domingo,0,1,13.495847,15.041232,943.0,2720.0
323,otoño,2018,November,0,Lunes,1,1,18.996653,12.45865,787.0,2733.0
324,otoño,2018,November,0,Martes,1,2,18.3475,9.249618,220.0,2545.0
325,otoño,2018,November,0,Miercoles,1,3,17.083347,7.959064,69.0,1538.0
326,otoño,2018,November,1,Jueves,0,3,18.074153,22.500275,112.0,2454.0
327,otoño,2018,November,0,Viernes,1,2,15.306653,11.209368,560.0,935.0
328,otoño,2018,November,0,Sabado,0,1,15.375,6.6260186,1095.0,1697.0
329,otoño,2018,November,0,Domingo,0,1,15.409153,4.5841936,1249.0,1819.0
330,otoño,2018,November,0,Lunes,1,1,18.825847,13.999918,810.0,2261.0
331,otoño,2018,November,0,Martes,1,1,20.642598,9.522174,253.0,3614.0
332,otoño,2018,November,0,Miercoles,1,1,18.791653,17.292164,96.0,2818.0
333,otoño,2018,November,0,Jueves,1,2,13.325,18.167586,188.0,3425.0
334,otoño,2018,November,0,Viernes,1,1,12.8125,14.750586,182.0,3545.0
335,invierno,2018,January,0,Viernes,1,1,12.880847,6.750518,268.0,3672.0
336,invierno,2018,February,0,Lunes,1,1,12.265847,6.4174811,706.0,2908.0
337,invierno,2018,March,0,Lunes,1,1,13.564153,5.6252061,634.0,2851.0
338,primavera,2018,April,0,Jueves,1,1,15.819153,4.1679561,233.0,3578.0
339,primavera,2018,May,0,Sabado,0,2,18.9625,15.583061,126.0,2468.0
340,primavera,2018,June,0,Martes,1,3,16.81,17.833725,50.0,655.0
341,verano,2018,July,0,Jueves,1,3,10.899153,16.083886,150.0,3172.0
342,verano,2018,August,0,Domingo,0,1,11.924153,5.5420189,261.0,3359.0
343,verano,2018,September,0,Miercoles,1,1,11.275,15.625807,502.0,2688.0
344,otoño,2018,October,0,Viernes,1,1,9.054153,4.4582939,377.0,2366.0
345,otoño,2018,November,1,Lunes,0,1,9.771653,4.25115,143.0,3167.0
346,otoño,2018,December,0,Miercoles,1,1,11.5825,9.41685,155.0,3368.0
347,otoño,2018,December,0,Jueves,1,1,13.0175,4.0842061,178.0,3562.0
348,otoño,2018,December,0,Viernes,1,2,17.3225,17.958814,181.0,3528.0
349,otoño,2018,December,0,Sabado,0,2,15.375,17.458525,178.0,3399.0
350,otoño,2018,December,0,Domingo,0,2,10.591653,16.292189,275.0,2464.0
351,otoño,2018,December,0,Lunes,1,2,9.771653,11.375193,220.0,2211.0
352,otoño,2018,December,0,Martes,1,1,11.343347,11.584032,260.0,3143.0
353,otoño,2018,December,0,Miercoles,1,1,15.819153,4.1252436,216.0,3534.0
354,otoño,2018,December,0,Jueves,1,2,17.561653,14.8338,107.0,2553.0
355,invierno,2018,December,0,Viernes,1,2,17.356653,3.167425,227.0,2841.0
356,invierno,2018,December,0,Sabado,0,2,15.306653,18.374482,163.0,2046.0
357,invierno,2018,December,0,Domingo,0,1,12.4025,12.750368,155.0,856.0
358,invierno,2018,December,0,Lunes,1,1,11.266103,10.391097,303.0,451.0
359,invierno,2018,December,1,Martes,0,1,13.191299,16.044155,430.0,887.0
360,invierno,2018,December,0,Miercoles,1,1,13.325,12.62615,103.0,1059.0
361,invierno,2018,December,0,Jueves,1,2,12.26433,19.695387,255.0,2047.0
362,invierno,2018,December,0,Viernes,1,1,10.181653,8.000604,254.0,2169.0
363,invierno,2018,December,0,Sabado,0,1,12.778347,9.000579,491.0,2508.0
364,invierno,2018,December,0,Domingo,0,1,16.81,14.750318,665.0,1820.0
365,invierno,2018,December,0,Lunes,1,1,15.17,12.875189,686.0,1608.0
366,invierno,2019,January,1,Martes,0,1,11.194763,22.087555,244.0,1707.0
367,invierno,2019,February,0,Viernes,1,1,6.15,24.499957,89.0,2147.0
368,invierno,2019,March,0,Viernes,1,1,4.4075,12.3749,95.0,2273.0
369,primavera,2019,April,0,Lunes,1,2,10.899153,8.709129,140.0,3132.0
370,primavera,2019,May,0,Miercoles,1,1,13.700847,11.249836,307.0,3791.0
371,primavera,2019,June,0,Sabado,0,1,16.126653,11.708786,1070.0,3451.0
372,verano,2019,July,0,Lunes,1,1,13.8375,12.833314,599.0,2826.0
373,verano,2019,August,0,Jueves,1,1,9.190847,6.6263,106.0,2270.0
374,verano,2019,September,0,Domingo,0,2,12.656536,12.565984,173.0,3425.0
375,otoño,2019,October,0,Martes,1,1,11.240847,8.791807,92.0,2085.0
376,otoño,2019,November,0,Viernes,1,2,15.6825,12.124789,269.0,3828.0
377,otoño,2019,December,0,Domingo,0,2,11.240847,25.333236,174.0,3040.0
378,invierno,2019,January,0,Domingo,0,1,7.38,12.541261,333.0,2160.0
379,invierno,2019,January,0,Lunes,1,1,6.833347,16.834286,284.0,2027.0
380,invierno,2019,January,0,Martes,1,1,7.79,15.500986,217.0,2081.0
381,invierno,2019,January,0,Miercoles,1,1,15.294763,23.39171,127.0,2808.0
382,invierno,2019,January,0,Jueves,1,2,12.436653,27.833743,109.0,3267.0
383,invierno,2019,January,0,Viernes,1,1,7.79,14.750586,130.0,3162.0
384,invierno,2019,January,0,Sabado,0,1,8.9175,13.58425,115.0,3048.0
385,invierno,2019,January,0,Domingo,0,2,7.106653,14.917014,67.0,1234.0
386,invierno,2019,January,1,Lunes,0,2,6.6625,13.375746,196.0,1781.0
387,invierno,2019,January,0,Martes,1,2,8.951653,7.417436,145.0,2287.0
388,invierno,2019,January,0,Miercoles,1,2,14.0425,8.292389,439.0,3900.0
389,invierno,2019,January,0,Jueves,1,1,12.060847,10.791757,467.0,3803.0
390,invierno,2019,January,0,Viernes,1,1,14.008347,4.9175186,244.0,3831.0
391,invierno,2019,January,0,Sabado,0,2,17.425,22.958689,269.0,3187.0
392,invierno,2019,January,0,Domingo,0,2,12.949153,14.125543,775.0,3248.0
393,invierno,2019,January,0,Lunes,1,1,11.5825,16.08335,558.0,2685.0
394,invierno,2019,January,0,Martes,1,1,11.035847,14.458064,126.0,3498.0
395,invierno,2019,January,0,Miercoles,1,1,15.99,17.541739,324.0,4185.0
396,invierno,2019,January,0,Jueves,1,1,19.235847,12.667489,304.0,4275.0
397,invierno,2019,January,0,Miercoles,1,1,16.365847,12.541529,190.0,3571.0
398,invierno,2019,February,0,Sabado,0,2,12.846653,11.959232,310.0,3841.0
399,invierno,2019,March,0,Sabado,0,1,10.830847,8.167032,384.0,2448.0
400,primavera,2019,April,0,Martes,1,2,10.899153,11.791732,318.0,2629.0
401,primavera,2019,May,0,Jueves,1,2,11.586969,10.3046,206.0,3578.0
402,primavera,2019,June,0,Domingo,0,1,14.520847,9.874393,199.0,4176.0
403,verano,2019,July,0,Martes,1,1,10.523347,8.959307,109.0,2693.0
404,verano,2019,August,0,Viernes,1,2,10.865,13.000479,163.0,3667.0
405,verano,2019,September,1,Lunes,0,1,11.514153,7.834243,227.0,3604.0
406,otoño,2019,October,0,Miercoles,1,2,9.190847,19.416332,192.0,1977.0
407,otoño,2019,November,0,Sabado,0,3,5.2275,27.417204,73.0,1456.0
408,otoño,2019,December,0,Lunes,1,1,9.1225,11.207961,94.0,3328.0
409,invierno,2019,February,0,Miercoles,1,1,13.085847,9.458993,135.0,3787.0
410,invierno,2019,February,0,Jueves,1,2,14.281653,12.1672,141.0,4028.0
411,invierno,2019,February,0,Viernes,1,1,12.983347,6.125475,74.0,2931.0
412,invierno,2019,February,0,Sabado,0,2,14.076653,13.791682,349.0,3805.0
413,invierno,2019,February,0,Domingo,0,1,14.213347,12.792243,1435.0,2883.0
414,invierno,2019,February,0,Lunes,1,1,11.48,16.958504,618.0,2071.0
415,invierno,2019,February,0,Martes,1,2,11.48,15.348561,502.0,2627.0
416,invierno,2019,February,0,Miercoles,1,1,11.800866,13.783039,163.0,3614.0
417,invierno,2019,February,0,Jueves,1,1,16.229153,15.709557,394.0,4379.0
418,invierno,2019,February,0,Viernes,1,1,18.620847,12.791171,516.0,4546.0
419,invierno,2019,February,0,Sabado,0,1,16.7075,15.916989,246.0,3241.0
420,invierno,2019,February,0,Domingo,0,2,11.924153,28.250014,317.0,2415.0
421,invierno,2019,February,0,Lunes,1,1,11.445847,13.750343,515.0,2874.0
422,invierno,2019,February,0,Martes,1,1,15.033347,17.958211,253.0,4069.0
423,invierno,2019,February,0,Miercoles,1,1,14.725847,12.958939,229.0,4134.0
424,invierno,2019,February,0,Jueves,1,1,19.919153,15.208129,325.0,4665.0
425,invierno,2019,January,0,Jueves,1,1,14.486653,9.708568,246.0,2948.0
426,invierno,2019,February,0,Domingo,0,2,16.980847,10.792293,956.0,3110.0
427,invierno,2019,March,0,Domingo,0,2,13.359153,22.416257,710.0,2713.0
428,primavera,2019,April,0,Miercoles,1,1,9.976653,15.333486,203.0,3130.0
429,primavera,2019,May,0,Viernes,1,1,10.591653,13.458625,221.0,3735.0
430,primavera,2019,June,0,Lunes,1,1,16.570847,23.167193,432.0,4484.0
431,verano,2019,July,0,Miercoles,1,1,21.6275,29.584721,486.0,4896.0
432,verano,2019,August,0,Sabado,0,1,16.844153,27.7916,447.0,4122.0
433,verano,2019,September,0,Martes,1,2,11.7875,15.12525,968.0,3150.0
434,otoño,2019,October,0,Jueves,1,1,14.831299,14.913329,1658.0,3253.0
435,otoño,2019,November,0,Domingo,0,1,19.133347,13.916771,838.0,4460.0
436,otoño,2019,December,0,Martes,1,1,23.165,15.87565,762.0,5085.0
437,invierno,2019,March,0,Miercoles,1,1,23.4725,7.709154,997.0,5315.0
438,invierno,2019,March,0,Jueves,1,1,22.8575,10.042161,1005.0,5187.0
439,invierno,2019,March,0,Viernes,1,1,17.869153,7.583864,548.0,3830.0
440,invierno,2019,March,0,Sabado,0,2,21.080847,7.417168,3155.0,4681.0
441,invierno,2019,March,0,Domingo,0,2,19.3725,8.501161,2207.0,3685.0
442,invierno,2019,March,0,Lunes,1,2,22.345,10.875239,982.0,5171.0
443,invierno,2019,March,0,Martes,1,1,22.994153,8.125157,1051.0,5042.0
444,invierno,2019,March,0,Miercoles,1,1,21.798347,6.0004061,1122.0,5108.0
445,primavera,2019,March,0,Jueves,1,2,22.720847,7.876654,1334.0,5537.0
446,primavera,2019,March,0,Viernes,1,1,24.668347,7.7921,2469.0,5893.0
447,primavera,2019,March,0,Sabado,0,2,20.6025,12.916461,1033.0,2339.0
448,primavera,2019,March,0,Domingo,0,2,17.9375,14.791925,1532.0,3464.0
449,primavera,2019,March,0,Lunes,1,2,18.279153,25.917007,795.0,4763.0
450,primavera,2019,March,0,Martes,1,1,13.256653,12.541864,531.0,4571.0
451,primavera,2019,March,0,Miercoles,1,1,19.850847,19.541957,674.0,5024.0
452,primavera,2019,March,0,Jueves,1,1,20.260847,21.41655,834.0,5299.0
453,primavera,2019,March,0,Viernes,1,1,15.17,9.250489,796.0,4663.0
454,primavera,2019,March,0,Sabado,0,2,17.390847,16.791339,2301.0,3934.0
455,primavera,2019,March,0,Domingo,0,2,17.459153,11.541889,2347.0,3694.0
456,invierno,2019,January,0,Viernes,1,2,17.790433,20.913313,1208.0,4728.0
457,invierno,2019,February,0,Lunes,1,1,19.133347,6.708911,1348.0,5424.0
458,invierno,2019,March,0,Lunes,1,1,22.208347,12.125325,1058.0,5378.0
459,primavera,2019,April,0,Jueves,1,1,17.835,14.708443,1192.0,5265.0
460,primavera,2019,May,0,Sabado,0,1,16.536653,20.125996,1807.0,4653.0
461,primavera,2019,June,0,Martes,1,1,17.9375,18.416357,3252.0,3605.0
462,verano,2019,July,1,Jueves,0,1,20.5,15.583932,2230.0,2939.0
463,verano,2019,August,0,Domingo,0,1,20.055847,23.999132,905.0,4680.0
464,verano,2019,September,0,Miercoles,1,1,18.313347,16.708125,819.0,5099.0
465,otoño,2019,October,0,Viernes,1,1,14.296536,19.783358,482.0,4380.0
466,otoño,2019,November,0,Lunes,1,1,16.2975,19.458743,663.0,4746.0
467,otoño,2019,December,0,Miercoles,1,1,18.1425,10.416557,1252.0,5146.0
468,primavera,2019,April,0,Sabado,0,1,20.295,12.791439,2795.0,4665.0
469,primavera,2019,April,0,Domingo,0,1,24.873347,15.083643,2846.0,4286.0
470,primavera,2019,April,0,Lunes,1,1,27.230847,19.083543,1198.0,5172.0
471,primavera,2019,April,0,Martes,1,1,24.941653,18.333143,989.0,5702.0
472,primavera,2019,April,0,Miercoles,1,1,18.996653,11.250104,347.0,4020.0
473,primavera,2019,April,0,Jueves,1,2,20.431653,4.4172564,846.0,5719.0
474,primavera,2019,April,0,Viernes,1,1,21.593347,10.041357,1340.0,5950.0
475,primavera,2019,April,0,Sabado,0,1,23.37,19.000329,2541.0,4083.0
476,primavera,2019,April,0,Domingo,0,1,16.263347,23.084582,120.0,907.0
477,primavera,2019,April,0,Lunes,1,3,13.188347,20.334232,195.0,3019.0
478,primavera,2019,April,0,Martes,1,2,16.946653,16.708661,518.0,5115.0
479,primavera,2019,April,0,Miercoles,1,1,19.543347,7.959064,655.0,5541.0
480,primavera,2019,April,0,Jueves,1,1,20.431653,11.833875,475.0,4551.0
481,primavera,2019,April,0,Viernes,1,2,18.7575,23.291411,1014.0,5219.0
482,primavera,2019,April,0,Sabado,0,1,15.443347,8.708325,1120.0,3100.0
483,primavera,2019,April,0,Domingo,0,2,18.791653,7.832836,2229.0,4075.0
484,primavera,2019,April,0,Lunes,1,1,19.030847,11.499746,665.0,4907.0
485,primavera,2019,April,0,Martes,1,2,25.146653,10.458432,653.0,5087.0
486,invierno,2019,January,0,Sabado,0,2,23.130847,9.249886,667.0,5502.0
487,invierno,2019,February,0,Martes,1,1,22.96,8.957632,764.0,5657.0
488,invierno,2019,March,0,Martes,1,2,25.7275,10.916846,1069.0,5227.0
489,primavera,2019,April,0,Viernes,1,1,25.488347,10.250464,2496.0,4387.0
490,primavera,2019,May,0,Domingo,0,2,23.0625,10.041893,2135.0,4224.0
491,primavera,2019,June,0,Miercoles,1,2,22.0375,15.458307,1008.0,5265.0
492,verano,2019,July,0,Viernes,1,2,23.848347,19.833943,738.0,4990.0
493,verano,2019,August,0,Lunes,1,2,23.575,14.499604,620.0,4097.0
494,verano,2019,September,0,Jueves,1,2,20.739153,21.042221,1026.0,5546.0
495,otoño,2019,October,0,Sabado,0,1,21.866653,15.874779,1319.0,5711.0
496,otoño,2019,November,0,Martes,1,1,23.130847,8.249911,2622.0,4807.0
497,otoño,2019,December,0,Jueves,1,1,25.1125,15.082839,2172.0,3946.0
498,primavera,2019,May,0,Lunes,1,1,23.506653,14.250364,342.0,2501.0
499,primavera,2019,May,0,Martes,1,2,25.078347,9.875264,625.0,4490.0
500,primavera,2019,May,0,Miercoles,1,2,26.103347,8.208304,991.0,6433.0
501,primavera,2019,May,0,Jueves,1,1,24.326653,15.374825,1242.0,6142.0
502,primavera,2019,May,0,Viernes,1,1,23.130847,9.166739,1521.0,6118.0
503,primavera,2019,May,0,Sabado,0,1,24.6,5.626325,3410.0,4884.0
504,primavera,2019,May,0,Domingo,0,1,25.454153,17.042589,2704.0,4425.0
505,primavera,2019,May,0,Lunes,1,1,24.531653,15.624668,630.0,3729.0
506,primavera,2019,May,0,Martes,1,2,25.215,7.917189,819.0,5254.0
507,primavera,2019,May,0,Miercoles,1,2,25.488347,6.834,766.0,4494.0
508,primavera,2019,May,0,Jueves,1,2,26.855,11.584032,1059.0,5711.0
509,primavera,2019,May,0,Viernes,1,1,27.88,9.41685,1417.0,5317.0
510,primavera,2019,May,0,Sabado,0,1,28.3925,13.332464,2855.0,3681.0
511,primavera,2019,May,0,Domingo,0,1,28.29,14.416457,3283.0,3308.0
512,primavera,2019,May,1,Lunes,0,1,29.2125,13.166907,2557.0,3486.0
513,primavera,2019,May,0,Martes,1,1,29.6225,19.7918,880.0,4863.0
514,primavera,2019,May,0,Miercoles,1,1,26.923347,9.000043,745.0,6110.0
515,primavera,2019,May,0,Jueves,1,2,27.88,13.083693,1100.0,6238.0
516,primavera,2019,May,0,Viernes,1,1,26.820847,15.916721,533.0,3594.0
517,invierno,2019,January,0,Domingo,0,2,23.916653,12.499654,2795.0,5325.0
518,invierno,2019,February,0,Miercoles,1,1,24.7025,12.333829,2494.0,5147.0
519,invierno,2019,March,0,Miercoles,1,1,24.4975,19.083811,1071.0,5927.0
520,primavera,2019,April,0,Sabado,0,1,22.174153,14.041525,968.0,6033.0
521,primavera,2019,May,0,Lunes,1,2,22.720847,5.167375,1027.0,6028.0
522,primavera,2019,June,0,Jueves,1,1,24.7025,10.54245,1038.0,6456.0
523,verano,2019,July,0,Sabado,0,1,26.615847,11.750661,1488.0,6248.0
524,verano,2019,August,0,Martes,1,1,29.144153,9.667229,2708.0,4790.0
525,verano,2019,September,0,Viernes,1,1,29.793347,8.959307,2224.0,4374.0
526,otoño,2019,October,0,Domingo,0,1,29.554153,13.916771,1017.0,5647.0
527,otoño,2019,November,0,Miercoles,1,2,26.786653,14.374582,477.0,4495.0
528,otoño,2019,December,0,Viernes,1,2,26.889153,22.999693,1173.0,6248.0
529,primavera,2019,June,0,Jueves,1,1,26.581653,17.000111,1180.0,6183.0
530,primavera,2019,June,0,Viernes,1,1,26.205847,11.833339,1563.0,6102.0
531,primavera,2019,June,0,Sabado,0,1,25.898347,11.166689,2963.0,4739.0
532,primavera,2019,June,0,Domingo,0,1,24.2925,9.708568,2634.0,4344.0
533,primavera,2019,June,0,Lunes,1,1,23.301653,11.707982,653.0,4446.0
534,primavera,2019,June,0,Martes,1,2,28.221653,9.917139,968.0,5857.0
535,primavera,2019,June,0,Miercoles,1,1,32.0825,7.625404,872.0,5339.0
536,primavera,2019,June,0,Jueves,1,1,33.039153,7.958729,778.0,5127.0
537,verano,2019,June,0,Viernes,1,1,31.8775,12.250414,964.0,4859.0
538,verano,2019,June,0,Sabado,0,1,29.998347,12.041307,2657.0,4801.0
539,verano,2019,June,0,Domingo,0,1,30.476653,9.750175,2551.0,4340.0
540,verano,2019,June,0,Lunes,1,1,29.349153,20.125661,1139.0,5640.0
541,verano,2019,June,0,Martes,1,1,25.864153,23.292014,1077.0,6365.0
542,verano,2019,June,0,Miercoles,1,1,28.5975,18.208925,1077.0,6258.0
543,verano,2019,June,0,Jueves,1,1,30.715847,11.50055,921.0,5958.0
544,verano,2019,June,0,Viernes,1,1,34.200847,11.082939,829.0,4634.0
545,verano,2019,June,0,Sabado,0,1,31.365,10.791757,1455.0,4232.0
546,verano,2019,June,0,Domingo,0,1,33.449153,11.291443,1421.0,4110.0
547,invierno,2019,January,0,Lunes,1,1,32.048347,13.082889,904.0,5323.0
548,invierno,2019,February,0,Jueves,1,1,32.014153,8.457879,1052.0,5608.0
549,invierno,2019,March,0,Jueves,1,1,32.355847,9.04165,2562.0,4841.0
550,primavera,2019,April,0,Domingo,0,1,33.9275,12.999943,1405.0,4836.0
551,primavera,2019,May,0,Martes,1,1,33.961653,9.791514,1366.0,4841.0
552,primavera,2019,June,0,Viernes,1,1,35.328347,10.958118,1448.0,3392.0
553,verano,2019,July,0,Domingo,0,1,33.7225,8.417143,1203.0,3469.0
554,verano,2019,August,0,Miercoles,1,1,29.144153,12.125325,998.0,5571.0
555,verano,2019,September,0,Sabado,0,2,29.554153,10.166379,954.0,5336.0
556,otoño,2019,October,0,Lunes,1,2,29.383347,10.166111,975.0,6289.0
557,otoño,2019,November,0,Jueves,1,1,29.349153,9.833925,1032.0,6414.0
558,otoño,2019,December,0,Sabado,0,1,29.998347,5.41695,1511.0,5988.0
559,verano,2019,July,0,Sabado,0,2,28.836653,9.626493,2355.0,4614.0
560,verano,2019,July,0,Domingo,0,2,30.579153,11.166689,1920.0,4111.0
561,verano,2019,July,0,Lunes,1,1,31.296653,11.000529,1088.0,5742.0
562,verano,2019,July,0,Martes,1,1,33.551653,7.666743,921.0,5865.0
563,verano,2019,July,0,Miercoles,1,1,32.526653,9.208614,799.0,4914.0
564,verano,2019,July,0,Jueves,1,1,31.57,11.083743,888.0,5703.0
565,verano,2019,July,0,Viernes,1,1,27.299153,14.000789,747.0,5123.0
566,verano,2019,July,0,Sabado,0,2,24.429153,14.2911,1264.0,3195.0
567,verano,2019,July,0,Domingo,0,3,27.3675,6.2926936,2544.0,4866.0
568,verano,2019,July,0,Lunes,1,2,30.408347,9.291761,1135.0,5831.0
569,verano,2019,July,0,Martes,1,1,30.784153,14.167418,1140.0,6452.0
570,verano,2019,July,0,Miercoles,1,1,29.690847,11.0416,1383.0,6790.0
571,verano,2019,July,0,Jueves,1,1,31.843347,19.082471,1036.0,5825.0
572,verano,2019,July,0,Viernes,1,1,32.048347,10.250464,1259.0,5645.0
573,verano,2019,July,0,Sabado,0,1,30.989153,10.54245,2234.0,4451.0
574,verano,2019,July,0,Domingo,0,1,29.588347,11.416532,2153.0,4444.0
575,verano,2019,July,0,Lunes,1,1,29.964153,10.292339,1040.0,6065.0
576,verano,2019,July,0,Martes,1,1,29.246653,11.083475,968.0,6248.0
577,verano,2019,July,0,Miercoles,1,1,29.4175,9.458993,1074.0,6506.0
578,invierno,2019,January,0,Martes,1,1,30.8525,8.666718,983.0,6278.0
579,invierno,2019,February,0,Viernes,1,1,31.399153,14.458064,1328.0,5847.0
580,invierno,2019,March,0,Viernes,1,2,32.526653,17.249686,2345.0,4479.0
581,primavera,2019,April,0,Lunes,1,1,31.535847,19.458207,1707.0,3757.0
582,primavera,2019,May,0,Miercoles,1,1,30.8525,8.666718,1233.0,5780.0
583,primavera,2019,June,0,Sabado,0,2,30.169153,7.832836,1278.0,5995.0
584,verano,2019,July,0,Lunes,1,2,30.75,7.4169,1263.0,6271.0
585,verano,2019,August,0,Jueves,1,2,30.989153,10.4587,1196.0,6090.0
586,verano,2019,September,0,Domingo,0,1,29.349153,16.000471,1065.0,4721.0
587,otoño,2019,October,0,Martes,1,2,28.3925,13.834093,2247.0,4052.0
588,otoño,2019,November,0,Viernes,1,2,28.734153,8.208304,2182.0,4362.0
589,otoño,2019,December,0,Domingo,0,1,29.554153,9.126204,1207.0,5676.0
590,verano,2019,August,0,Martes,1,1,29.793347,11.333586,1128.0,5656.0
591,verano,2019,August,0,Miercoles,1,1,28.973347,11.374657,1198.0,6149.0
592,verano,2019,August,0,Jueves,1,1,29.485847,9.500332,1338.0,6267.0
593,verano,2019,August,0,Viernes,1,1,29.656653,15.500718,1483.0,5665.0
594,verano,2019,August,0,Sabado,0,1,27.811653,11.917089,2827.0,5038.0
595,verano,2019,August,0,Domingo,0,1,26.069153,5.79215,1208.0,3341.0
596,verano,2019,August,0,Lunes,1,2,26.069153,8.708593,1026.0,5504.0
597,verano,2019,August,0,Martes,1,2,26.615847,4.8756436,1081.0,5925.0
598,verano,2019,August,0,Miercoles,1,1,27.3675,4.7089811,1094.0,6281.0
599,verano,2019,August,0,Jueves,1,1,28.529153,5.6679186,1363.0,6402.0
600,verano,2019,August,0,Viernes,1,1,28.8025,4.8337686,1325.0,6257.0
601,verano,2019,August,0,Sabado,0,2,27.128347,16.375336,1829.0,4224.0
602,verano,2019,August,0,Domingo,0,2,26.786653,15.333486,1483.0,3772.0
603,verano,2019,August,0,Lunes,1,2,28.836653,8.625111,989.0,5928.0
604,verano,2019,August,0,Martes,1,1,29.861653,12.791975,935.0,6105.0
605,verano,2019,August,0,Miercoles,1,1,28.085,7.541654,1177.0,6520.0
606,verano,2019,August,0,Jueves,1,1,28.973347,5.1668189,1172.0,6541.0
607,verano,2019,August,0,Viernes,1,1,31.330847,11.291711,1433.0,5917.0
608,verano,2019,August,0,Sabado,0,1,30.886653,7.583529,2352.0,3788.0
609,invierno,2019,January,0,Miercoles,1,2,28.563347,4.2927436,2613.0,3197.0
610,invierno,2019,February,0,Sabado,0,2,29.0075,10.125107,1965.0,4069.0
611,invierno,2019,March,0,Sabado,0,1,29.759153,15.833507,867.0,5997.0
612,primavera,2019,April,0,Martes,1,1,30.203347,12.583136,832.0,6280.0
613,primavera,2019,May,0,Jueves,1,1,28.563347,9.542207,611.0,5592.0
614,primavera,2019,June,0,Domingo,0,2,28.836653,11.500282,1045.0,6459.0
615,verano,2019,July,0,Martes,1,1,27.025847,18.833968,1557.0,4419.0
616,verano,2019,August,0,Viernes,1,2,25.01,15.041232,2570.0,5657.0
617,verano,2019,September,0,Lunes,1,1,23.916653,17.333771,1118.0,6407.0
618,otoño,2019,October,0,Miercoles,1,1,23.6775,6.1676314,1070.0,6697.0
619,otoño,2019,November,0,Sabado,0,1,24.565847,8.833682,1050.0,6820.0
620,otoño,2019,December,0,Lunes,1,1,25.1125,5.5422936,1054.0,6750.0
621,verano,2019,September,0,Viernes,1,1,25.966653,6.958821,1379.0,6630.0
622,verano,2019,September,0,Sabado,0,1,24.941653,16.583907,3160.0,5554.0
623,verano,2019,September,0,Domingo,0,1,23.78,6.0422811,2166.0,5167.0
624,verano,2019,September,0,Lunes,1,1,23.814153,10.166714,1022.0,5847.0
625,verano,2019,September,0,Martes,1,2,25.556653,23.958329,371.0,3702.0
626,verano,2019,September,0,Miercoles,1,2,22.6525,14.416725,788.0,6803.0
627,verano,2019,September,0,Jueves,1,1,22.413347,7.917189,939.0,6781.0
628,verano,2019,September,0,Viernes,1,1,24.565847,10.333343,1250.0,6917.0
629,otoño,2019,September,0,Sabado,0,1,26.65,19.000061,2512.0,5883.0
630,otoño,2019,September,0,Domingo,0,1,21.695847,14.958286,2454.0,5453.0
631,otoño,2019,September,0,Lunes,1,1,21.080847,9.541068,1001.0,6435.0
632,otoño,2019,September,0,Martes,1,1,22.55,15.833507,845.0,6693.0
633,otoño,2019,September,0,Miercoles,1,1,26.035,16.3748,787.0,6946.0
634,otoño,2019,September,0,Jueves,1,1,26.65,9.000914,751.0,6642.0
635,otoño,2019,September,0,Viernes,1,2,25.385847,10.999993,1045.0,6370.0
636,otoño,2019,September,0,Sabado,0,2,22.2425,15.249468,2589.0,5966.0
637,otoño,2019,September,0,Domingo,0,1,21.593347,9.042186,2015.0,4874.0
638,otoño,2019,September,0,Lunes,1,1,21.354153,6.0838814,763.0,6015.0
639,invierno,2019,January,0,Jueves,1,2,24.224153,6.999825,315.0,4324.0
640,invierno,2019,February,0,Domingo,0,3,26.9575,4.4585686,728.0,6844.0
641,invierno,2019,March,0,Domingo,0,2,26.9575,7.875582,891.0,6437.0
642,primavera,2019,April,0,Miercoles,1,2,25.215,7.12545,1516.0,6640.0
643,primavera,2019,May,0,Viernes,1,1,22.720847,17.957675,3031.0,4934.0
644,primavera,2019,June,0,Lunes,1,1,17.049153,9.457854,781.0,2729.0
645,verano,2019,July,0,Miercoles,1,2,15.716653,12.708493,874.0,4604.0
646,verano,2019,August,0,Sabado,0,2,18.313347,12.7501,601.0,5791.0
647,verano,2019,September,0,Martes,1,2,21.080847,12.584007,780.0,6911.0
648,otoño,2019,October,0,Jueves,1,1,17.835,12.166932,834.0,6736.0
649,otoño,2019,November,0,Domingo,0,1,17.9375,15.751164,1060.0,6222.0
650,otoño,2019,December,0,Martes,1,1,16.126653,9.791514,2252.0,4857.0
651,otoño,2019,October,0,Domingo,0,1,21.388347,18.667004,2080.0,4559.0
652,otoño,2019,October,1,Lunes,0,1,23.028347,19.834479,760.0,5115.0
653,otoño,2019,October,0,Martes,1,2,19.201653,12.208807,922.0,6612.0
654,otoño,2019,October,0,Miercoles,1,1,18.689153,6.791857,979.0,6482.0
655,otoño,2019,October,0,Jueves,1,1,21.4225,15.874779,1008.0,6501.0
656,otoño,2019,October,0,Viernes,1,2,23.096653,9.041918,753.0,4671.0
657,otoño,2019,October,0,Sabado,0,2,19.850847,7.874979,2806.0,5284.0
658,otoño,2019,October,0,Domingo,0,1,19.030847,11.125618,2132.0,4692.0
659,otoño,2019,October,0,Lunes,1,1,19.9875,5.4593811,830.0,6228.0
660,otoño,2019,October,0,Martes,1,1,22.310847,6.3345686,841.0,6625.0
661,otoño,2019,October,0,Miercoles,1,1,24.0875,4.8762064,795.0,6898.0
662,otoño,2019,October,0,Jueves,1,1,22.55,8.333125,875.0,6484.0
663,otoño,2019,October,0,Viernes,1,2,22.379153,8.875289,1182.0,6262.0
664,otoño,2019,October,0,Sabado,0,2,21.73,15.791364,2643.0,5209.0
665,otoño,2019,October,0,Domingo,0,2,19.5775,26.666536,998.0,3461.0
666,otoño,2019,October,0,Lunes,1,2,18.04,23.9994,2.0,20.0
667,otoño,2019,October,0,Martes,1,3,13.045462,14.271603,87.0,1009.0
668,otoño,2019,October,0,Miercoles,1,2,14.6575,11.166689,419.0,5147.0
669,otoño,2019,October,0,Jueves,1,2,14.999153,10.542182,466.0,5520.0
670,invierno,2019,January,0,Viernes,1,2,14.555,17.833725,618.0,5229.0
671,invierno,2019,February,0,Lunes,1,1,14.076653,18.125443,1029.0,4109.0
672,invierno,2019,March,0,Lunes,1,2,13.359153,12.000236,1201.0,3906.0
673,primavera,2019,April,0,Jueves,1,1,13.085847,15.833775,378.0,4881.0
674,primavera,2019,May,0,Sabado,0,1,11.514153,11.625371,466.0,5220.0
675,primavera,2019,June,0,Martes,1,1,12.129153,20.375236,326.0,4709.0
676,verano,2019,July,0,Jueves,1,2,14.439134,23.304945,340.0,4975.0
677,verano,2019,August,0,Domingo,0,1,14.828347,14.375386,709.0,5283.0
678,verano,2019,September,0,Miercoles,1,1,15.955847,3.8756686,2090.0,4446.0
679,otoño,2019,October,0,Viernes,1,1,17.254153,8.5425,2290.0,4562.0
680,otoño,2019,November,1,Lunes,0,1,19.885,11.625639,1097.0,5172.0
681,otoño,2019,December,0,Miercoles,1,1,14.076653,22.917082,327.0,3767.0
682,otoño,2019,November,0,Miercoles,1,2,11.855847,13.374875,373.0,5122.0
683,otoño,2019,November,0,Jueves,1,1,13.188347,10.250129,320.0,5125.0
684,otoño,2019,November,0,Viernes,1,2,14.145,11.458675,484.0,5214.0
685,otoño,2019,November,0,Sabado,0,1,13.325,12.041843,1313.0,4316.0
686,otoño,2019,November,0,Domingo,0,1,14.0425,15.250004,922.0,3747.0
687,otoño,2019,November,0,Lunes,1,1,15.614153,15.749489,449.0,5050.0
688,otoño,2019,November,0,Martes,1,2,15.340847,5.542575,534.0,5100.0
689,otoño,2019,November,0,Miercoles,1,2,14.486653,6.917482,615.0,4531.0
690,otoño,2019,November,0,Jueves,1,1,13.94,3.5423436,955.0,1470.0
691,otoño,2019,November,0,Viernes,1,1,15.101653,9.917407,1603.0,2307.0
692,otoño,2019,November,0,Sabado,0,1,11.411653,25.250357,532.0,1745.0
693,otoño,2019,November,0,Domingo,0,1,10.079153,10.0835,309.0,2115.0
694,otoño,2019,November,0,Lunes,1,1,12.846653,3.12555,337.0,4750.0
695,otoño,2019,November,0,Martes,1,1,11.958347,15.916654,123.0,3836.0
696,otoño,2019,November,0,Miercoles,1,2,12.163347,14.125007,198.0,5062.0
697,otoño,2019,November,1,Jueves,0,1,11.51567,7.739974,243.0,5080.0
698,otoño,2019,November,0,Viernes,1,1,12.231653,3.9175436,362.0,5306.0
699,otoño,2019,November,0,Sabado,0,1,12.231653,4.0001814,951.0,4240.0
700,invierno,2019,January,0,Sabado,0,2,14.2475,8.333393,892.0,3757.0
701,invierno,2019,February,0,Martes,1,2,18.5525,5.5422936,555.0,5679.0
702,invierno,2019,March,0,Martes,1,1,19.509153,11.666643,551.0,6055.0
703,primavera,2019,April,0,Viernes,1,1,17.971653,21.709407,331.0,5398.0
704,primavera,2019,May,0,Domingo,0,1,10.489153,11.708518,340.0,5035.0
705,primavera,2019,June,0,Miercoles,1,1,13.154153,8.7502,349.0,4659.0
706,verano,2019,July,0,Viernes,1,2,15.648347,6.792393,1153.0,4429.0
707,verano,2019,August,0,Lunes,1,2,15.750847,10.584325,441.0,2787.0
708,verano,2019,September,0,Jueves,1,2,17.869153,12.750636,329.0,4841.0
709,otoño,2019,October,0,Sabado,0,2,14.486653,19.834479,282.0,5219.0
710,otoño,2019,November,0,Martes,1,2,12.1975,10.916779,310.0,5009.0
711,otoño,2019,December,0,Jueves,1,2,12.129153,11.666643,425.0,5107.0
712,otoño,2019,December,0,Viernes,1,1,11.548347,8.792343,429.0,5182.0
713,otoño,2019,December,0,Sabado,0,1,13.290847,7.12545,767.0,4280.0
714,otoño,2019,December,0,Domingo,0,1,14.8625,6.749714,538.0,3248.0
715,otoño,2019,December,0,Lunes,1,2,16.126653,6.5833061,212.0,4373.0
716,otoño,2019,December,0,Martes,1,2,16.844153,14.834068,433.0,5124.0
717,otoño,2019,December,0,Miercoles,1,1,13.6325,12.334164,333.0,4934.0
718,otoño,2019,December,0,Jueves,1,1,13.53,8.875021,314.0,3814.0
719,otoño,2019,December,0,Viernes,1,2,13.393347,25.083661,221.0,3402.0
720,invierno,2019,December,0,Sabado,0,2,10.899153,27.292182,205.0,1544.0
721,invierno,2019,December,0,Domingo,0,1,10.079153,8.916561,408.0,1379.0
722,invierno,2019,December,0,Lunes,1,1,9.483464,5.1744368,174.0,746.0
723,invierno,2019,December,0,Martes,1,2,11.943464,11.304642,440.0,573.0
724,invierno,2019,December,1,Miercoles,0,2,9.976653,21.208582,9.0,432.0
725,invierno,2019,December,0,Jueves,1,3,10.420847,23.458911,247.0,1867.0
726,invierno,2019,December,0,Viernes,1,2,10.386653,10.416557,644.0,2451.0
727,invierno,2019,December,0,Sabado,0,2,10.386653,8.333661,159.0,1182.0
728,invierno,2019,December,0,Domingo,0,2,10.489153,23.500518,364.0,1432.0
729,invierno,2019,December,0,Lunes,1,1,8.849153,10.374682,439.0,2290.0
