,temperatura,velocidad_viento,estacion,a√±o,mes,festivo,tiempo,cliente_registrado,dia_semana_Domingo,dia_semana_Jueves,dia_semana_Lunes,dia_semana_Martes,dia_semana_Miercoles,dia_semana_Sabado,dia_semana_Viernes,no_dia_laboral,si_dia_laboral
1,-1.6362150792866297,0.7449651712016473,1.0,1,1,1,2,670.0,0,0,1,0,0,0,0,1,0
2,-1.6163467606042883,-0.3900733682966448,1.0,1,1,2,2,1229.0,0,1,0,0,0,0,0,0,1
3,-1.469044707050966,-0.04698126480270011,1.0,1,2,2,2,1454.0,0,1,0,0,0,0,0,0,1
4,-1.5925878360633585,-1.302236161628832,1.5,1,2,2,2,1518.0,1,0,0,0,0,0,0,1,0
5,-1.6353517145034038,-0.2813578957190643,1.5,1,2,2,2,1518.0,0,0,0,1,0,0,0,0,1
6,-1.8075984530910738,0.9834815016076204,1.5,1,2,2,2,1362.0,0,0,0,0,0,0,1,0,1
7,-1.9533158497637915,2.210509064343858,1.5,1,2,2,2,891.0,1,0,0,0,0,0,0,1,0
8,-1.8850116738756535,0.4220170259717807,1.5,1,3,2,2,768.0,0,0,0,0,1,0,0,0,1
9,-1.7852438624064042,-0.8822462384568805,1.5,1,3,2,2,1280.0,0,0,0,0,0,1,0,1,0
10,-1.7653755437240626,1.471256747076402,1.5,1,2,2,2,1220.0,0,0,1,0,0,0,0,0,1
11,-1.8075984530910738,1.424482011721849,1.5,1,2,2,2,1137.0,0,1,0,0,0,0,0,0,1
12,-1.8301661528045146,-0.8252963538895498,1.5,1,1,2,2,1368.0,0,0,0,0,0,1,0,1,0
13,-1.4342041130139447,-0.42016034309184014,1.0,1,1,2,2,1367.0,0,0,0,0,0,1,0,1,0
14,-1.4433076935763156,-0.02721129808129645,1.0,1,1,2,2,1026.0,1,0,0,0,0,0,0,1,0
15,-1.7484033220993782,0.04480141827376978,1.0,1,1,1,2,953.0,0,0,1,0,0,0,0,1,0
16,-1.5252727046420809,-0.5644437010038175,1.0,1,1,2,2,883.0,0,0,0,1,0,0,0,0,1
17,-1.1126772319392317,0.22921793759279735,1.0,1,1,2,2,674.0,0,0,0,0,1,0,0,0,1
18,-1.2793776714447853,0.06913666106782605,1.0,1,1,2,2,1572.0,0,1,0,0,0,0,0,0,1
19,-1.7392942772029363,2.098208431460635,1.0,1,1,2,2,1844.0,0,0,0,0,0,0,1,0,1
20,-2.3861053154596163,-0.2395224279798385,1.0,1,1,2,2,1468.0,0,0,0,0,0,1,0,1,0
21,-2.1817867609087265,0.7229254627040099,1.0,1,1,2,2,888.0,1,0,0,0,0,0,0,1,0
22,-2.1770349760005407,-0.415427415637988,1.0,1,1,2,2,836.0,0,0,1,0,0,0,0,0,1
23,-1.4880551252841527,-0.7834093011099554,1.0,1,1,2,2,1330.0,0,0,0,1,0,0,0,0,1
24,-1.5207209143608955,1.3322737520623351,1.0,1,1,2,2,1799.0,0,0,0,0,1,0,0,0,1
25,-1.6436684309595433,-0.9892207159220086,1.0,1,1,2,2,472.0,0,1,0,0,0,0,0,0,1
26,-1.5973418067051728,-0.8671834066691443,1.0,1,1,2,1,416.0,0,0,0,0,0,0,1,0,1
27,-1.6353517145034038,-0.5826274277338757,1.0,1,1,2,2,1129.0,0,0,0,0,0,1,0,1,0
28,-1.5260650330823833,-1.503193424142166,1.0,1,1,2,2,975.0,1,0,0,0,0,0,0,1,0
29,-1.7210816517441232,-0.04321555685576597,1.0,1,1,2,2,956.0,0,0,1,0,0,0,0,0,1
30,-1.6591106390443335,-1.7710435877539479,1.0,1,1,2,2,1459.0,0,0,0,1,0,0,0,0,1
31,-1.2884867163412272,0.9512924364173897,1.0,1,1,2,2,1313.0,0,0,0,0,1,0,0,0,1
32,-1.6876180698930066,1.1246697570974602,1.0,1,1,2,2,1454.0,0,0,0,1,0,0,0,0,1
33,-1.5545779282651278,-0.8086472821104684,1.0,1,1,2,2,1489.0,0,0,0,0,0,0,1,0,1
34,-1.4342041130139447,-0.37997559664442093,1.0,1,2,2,2,1620.0,0,0,0,0,0,0,1,0,1
35,-1.1473265742837664,-0.6286025949627101,1.5,1,2,2,2,905.0,0,0,1,0,0,0,0,0,1
36,-1.224734330734275,-1.871695028895851,1.5,1,2,2,2,1269.0,0,0,0,0,1,0,0,0,1
37,-1.5025082889020824,2.210509064343858,1.5,1,2,2,2,1592.0,0,0,0,0,0,1,0,1,0
38,-1.9727142357160226,-0.021975416483847317,1.5,1,2,2,2,1466.0,0,0,1,0,0,0,0,0,1
39,-1.9204478803264193,0.4048392075289176,1.5,1,3,2,2,1552.0,0,1,0,0,0,0,0,0,1
40,-1.6759571809853837,-1.0574032430296798,1.5,1,3,2,2,1491.0,1,0,0,0,0,0,0,1,0
41,-1.4933992440056403,0.16538145013621092,1.5,1,2,2,2,1597.0,0,0,0,1,0,0,0,0,1
42,-0.9796316259772817,0.9071227456014693,1.5,1,2,2,2,1184.0,0,0,0,0,0,0,1,0,1
43,-0.4415149353283196,2.9321579865854064,1.5,1,1,2,2,1192.0,1,0,0,0,0,0,0,1,0
44,-1.25522531485074,1.3003426120739499,1.0,1,1,2,2,1705.0,0,0,0,1,0,0,0,0,1
45,-0.9701291490277241,0.7898699488428261,1.0,1,1,2,2,1675.0,0,0,0,0,1,0,0,0,1
46,-0.32767646362611375,0.5101887562224238,1.0,1,1,2,2,1897.0,0,1,0,0,0,0,0,0,1
47,0.1413491870284791,0.9592494288943018,1.0,1,1,2,2,2216.0,0,0,0,0,0,0,1,0,1
48,-0.5280317366752706,4.087082559145932,1.0,1,1,2,2,2348.0,0,0,0,0,0,1,0,1,0
49,-1.1506926040715337,0.42160434564882915,1.0,1,1,2,2,1103.0,1,0,0,0,0,0,0,1,0
50,-1.0517007280403736,1.5127698083133219,1.0,1,1,1,2,1173.0,0,0,1,0,0,0,0,1,0
51,-1.7134916917194332,0.06628658758744121,1.0,1,1,2,2,912.0,0,0,0,1,0,0,0,0,1
52,-1.4975576022337103,-1.2435865499813443,1.0,1,1,2,2,1376.0,0,0,0,0,1,0,0,0,1
53,-1.0936722780401165,0.7731692920233757,1.0,1,1,2,2,1778.0,0,1,0,0,0,0,0,0,1
54,-0.7182943846951957,2.011764800062352,1.0,1,1,2,2,1707.0,0,0,0,0,0,0,1,0,1
55,-1.1655391997425795,-0.05122413437304698,1.0,1,1,2,2,1341.0,0,0,0,0,0,1,0,1,0
56,-0.8323350367580303,-0.8420614920094613,1.0,1,1,2,2,1545.0,1,0,0,0,0,0,0,1,0
57,-0.4837378446953309,1.2785737250382487,1.0,1,1,2,2,1708.0,0,0,1,0,0,0,0,0,1
58,-1.2520560010895303,0.3337808144206768,1.0,1,1,2,2,1365.0,0,0,0,1,0,0,0,0,1
59,-0.8786616610124011,1.5126021569321229,1.0,1,1,2,2,1714.0,0,0,0,0,1,0,0,0,1
60,-1.6254558055007304,0.4540900248211809,1.0,1,1,2,2,1903.0,0,0,0,0,1,0,0,0,1
61,-1.2793776714447853,0.1651106286742738,1.0,1,1,2,2,1562.0,0,0,0,0,0,1,0,1,0
62,-0.6099967477410356,0.7909016496502052,1.0,1,2,2,2,1730.0,0,0,0,0,0,1,0,1,0
63,-0.6517715817142207,1.9698261622423887,1.5,1,2,2,2,1437.0,0,0,0,1,0,0,0,0,1
64,-1.2789842393916695,1.944871898963905,1.5,1,2,2,2,491.0,0,1,0,0,0,0,0,0,1
65,-1.1108958590320692,-0.9013584959135794,1.5,1,2,2,2,1628.0,1,0,0,0,0,0,0,1,0
66,-1.0926832335732561,0.38181938326426973,1.5,1,2,2,2,1817.0,0,0,0,1,0,0,0,0,1
67,-0.5830903667751804,0.9199416281331554,1.5,1,3,2,2,1700.0,0,0,0,0,0,0,1,0,1
68,-0.9796316259772817,0.5471494376467827,1.5,1,3,1,2,577.0,0,0,1,0,0,0,0,1,0
69,-0.9105351216488416,0.3898795458219197,1.5,1,2,2,1,1730.0,0,0,0,0,1,0,0,0,1
70,-0.6090077032741755,1.0324872899581312,1.5,1,2,2,2,1408.0,0,0,0,0,0,1,0,1,0
71,-0.9321192412294931,-0.6914589666522863,1.5,1,1,2,2,1435.0,0,0,1,0,0,0,0,0,1
72,-0.9748831196695384,-0.08039547470169298,1.0,1,2,2,2,1687.0,0,0,0,1,0,0,0,0,1
73,-0.7135458783874525,0.162157385113151,1.0,1,2,2,2,1767.0,0,0,0,0,1,0,0,0,1
74,-0.4415149353283196,0.245493017829204,1.0,1,2,2,2,1871.0,0,1,0,0,0,0,0,0,1
75,0.24152682355305752,0.5219630416866385,1.0,1,2,2,2,2320.0,0,0,0,0,0,0,1,0,1
76,-0.12731572624288637,2.2906851133373123,1.0,1,2,2,2,2355.0,0,0,0,0,0,1,0,1,0
77,-0.8923224961900286,0.22153176657782245,1.0,1,2,2,2,1693.0,1,0,0,0,0,0,0,1,0
78,-0.35717293894164714,1.2669284021749565,1.0,1,2,2,2,1424.0,0,0,1,0,0,0,0,0,1
79,-0.29579753865560243,0.4540384397808119,1.0,1,2,2,2,1676.0,0,0,0,1,0,0,0,0,1
80,-0.8133246185248441,0.563798509425864,1.5,1,2,2,2,2243.0,0,0,0,0,1,0,0,0,1
81,-1.1518783645649517,0.6866482830645396,1.5,1,2,2,2,1918.0,0,1,0,0,0,0,0,0,1
82,-1.2657168362671576,0.5181973337397044,1.5,1,2,2,2,1699.0,0,0,0,0,0,0,1,0,1
83,-1.2566132557047867,0.245389847748466,1.5,1,2,2,2,1910.0,0,0,0,0,0,1,0,1,0
84,-1.3265020884735292,-0.08051154104252312,1.5,1,2,2,2,1515.0,1,0,0,0,0,0,0,1,0
85,-1.2647277918002975,0.27934570057133307,1.5,1,2,2,2,1221.0,0,0,1,0,0,0,0,0,1
86,-1.056252518321559,0.4701071798557426,1.5,1,2,2,2,1806.0,0,0,0,1,0,0,0,0,1
87,-1.0699133534991865,-0.22768366121516254,1.5,1,2,2,2,2108.0,0,0,0,0,1,0,0,0,1
88,-1.2429524205271592,0.3495271479933014,1.5,1,2,2,2,1368.0,0,1,0,0,0,0,0,0,1
89,-1.0699133534991865,0.8790733799008476,1.5,1,2,2,2,1506.0,0,0,0,0,0,0,1,0,1
90,-0.9879483424334214,0.08515381610238773,1.5,1,2,2,1,1920.0,0,0,0,0,0,1,0,1,0
91,-0.6418756727115472,-0.10742603585502748,1.0,1,1,2,2,1354.0,0,1,0,0,0,0,0,0,1
92,0.423669471143401,2.5151316239826516,1.0,1,1,2,2,1598.0,1,0,0,0,0,0,0,1,0
93,-0.44606672560950505,2.5473206891728823,1.0,1,2,2,2,2381.0,1,0,0,0,0,0,0,1,0
94,-0.5735714968234098,0.9352365926025515,1.5,1,2,2,2,1628.0,0,0,0,0,1,0,0,0,1
95,-0.31856741872967176,-0.3640745079506894,1.5,1,2,2,2,2395.0,0,0,0,0,0,0,1,0,1
96,-0.8741098707312156,0.47005559481537357,1.5,1,2,2,2,2570.0,0,0,1,0,0,0,0,0,1
97,-0.8376791554795183,-0.7410192941867636,1.5,1,2,1,2,1299.0,0,0,0,0,1,0,0,1,0
98,-0.37776254972136747,-0.5645468710845555,1.5,1,3,2,2,1576.0,0,0,0,0,0,1,0,1,0
99,0.5456279432751885,1.727208821127083,1.5,1,3,2,2,1707.0,0,0,0,1,0,0,0,0,1
100,0.036614295888644205,1.0876188018524562,1.5,1,2,2,2,2493.0,0,1,0,0,0,0,0,0,1
101,-0.455175770505947,0.7747297394945365,1.5,1,2,2,2,1777.0,1,0,0,0,0,0,0,1,0
102,-0.1546373965981412,-1.0296762838313644,1.5,1,1,2,2,1953.0,0,0,0,1,0,0,0,0,1
103,-0.2684758683003471,0.4620986023384619,1.5,1,2,2,2,2738.0,0,0,0,0,0,0,1,0,1
104,-0.35499813398136904,1.9378563334737267,1.5,1,2,2,2,2484.0,0,0,0,0,0,1,0,1,0
105,-0.2138325275898369,1.4566710769120792,1.5,1,2,2,2,674.0,1,0,0,0,0,0,0,1,0
106,0.0912576365991544,-0.3478897015349286,1.5,1,2,2,1,2186.0,0,0,1,0,0,0,0,0,1
107,0.054826921347457584,-0.4200571730111021,1.5,1,2,2,2,2760.0,0,0,0,1,0,0,0,0,1
108,0.5420651974608633,0.6626354467727887,1.5,1,2,2,2,2795.0,0,0,0,0,1,0,0,0,1
109,-0.20017169241220945,1.7373194890393995,1.5,1,2,2,2,3331.0,0,1,0,0,0,0,0,0,1
110,-0.8695526161159589,0.37370763566625104,1.5,1,2,2,2,3444.0,0,0,0,0,0,0,1,0,1
111,-0.19561990213102398,0.5181973337397044,1.5,1,2,2,2,1506.0,0,0,0,0,0,1,0,1,0
112,0.46920923129154024,0.021046507183864197,1.5,1,2,2,2,2574.0,1,0,0,0,0,0,0,1,0
113,0.6058175830678154,-0.06718970436723967,1.5,1,2,2,2,2481.0,0,0,1,0,0,0,0,0,1
114,0.7424259348440911,1.7533366440739606,1.5,1,2,2,2,3300.0,0,0,0,1,0,0,0,0,1
115,0.6786735492371391,1.5689201247549334,1.5,1,2,2,2,3722.0,0,0,0,0,1,0,0,0,1
116,0.6650127140595111,1.6812207576381566,1.5,1,2,2,2,3325.0,0,1,0,0,0,0,0,0,1
117,0.07759680142152696,0.6386226104810386,1.5,1,2,2,2,3489.0,0,0,0,0,0,0,1,0,1
118,-0.12731572624288637,0.5742960651409473,1.5,1,2,2,2,3717.0,0,0,0,0,0,1,0,1,0
119,-0.2411541979450922,-1.0857234301922383,1.5,1,2,2,2,3347.0,1,0,0,0,0,0,0,1,0
120,0.2916183739823822,-0.09142177708055797,1.5,1,2,2,2,2213.0,0,0,1,0,0,0,0,0,1
121,0.6604609237783257,1.9618304809852,1.0,1,1,2,2,3554.0,0,0,0,0,0,0,1,0,1
122,-0.44606672560950505,1.7855257092641914,1.0,1,1,2,2,3848.0,0,0,1,0,0,0,0,0,1
123,-0.20017169241220945,1.352159785124569,1.0,1,2,2,2,2378.0,0,0,1,0,0,0,0,0,1
124,-0.09088501099118908,0.4862275049710422,1.5,1,2,2,2,3819.0,0,1,0,0,0,0,0,0,1
125,0.13224014213203714,-0.38808734424243996,1.5,1,2,2,2,3714.0,0,0,0,0,0,1,0,1,0
126,0.1777744379461054,-1.4947476634077586,1.5,1,2,2,2,3102.0,0,0,0,1,0,0,0,0,1
127,0.20054431802017478,-0.1875504998081127,1.5,1,2,2,2,2932.0,0,1,0,0,0,0,0,0,1
128,0.20054431802017478,-0.965568974912841,1.5,1,3,2,2,3698.0,1,0,0,0,0,0,0,1,0
129,0.25518765873068494,-0.9014616659943174,1.5,1,3,2,2,4109.0,0,0,0,0,1,0,0,0,1
130,0.2142051531978022,-0.011297313127472751,1.5,1,2,2,2,3632.0,0,0,0,0,0,0,1,0,1
131,0.0912576365991544,-0.13951193096451983,1.5,1,2,2,2,4169.0,0,0,1,0,0,0,0,0,1
132,0.13679193241322263,-0.7169419765945518,1.5,1,1,2,2,3413.0,0,0,0,0,1,0,0,0,1
133,0.3644743401517053,-0.48443530339156243,1.5,1,2,2,2,2507.0,1,0,0,0,0,0,0,1,0
134,0.44643935121747036,-0.8211308618797566,1.5,1,2,2,2,2971.0,0,0,1,0,0,0,0,0,1
135,0.35992254987051986,1.119537045580749,1.5,1,2,2,2,3185.0,0,0,0,1,0,0,0,0,1
136,0.29617016426356774,0.1412009624632616,1.5,1,2,2,2,3445.0,0,0,0,0,1,0,0,0,1
137,0.19143527312373282,-1.0617492826807646,1.5,1,2,2,2,3319.0,0,1,0,0,0,0,0,0,1
138,0.2233141980942446,-0.8450921131311379,1.5,1,2,2,2,3840.0,0,0,0,0,0,0,1,0,1
139,0.5830477029937461,-0.9013584959135794,1.5,1,2,2,2,4008.0,0,0,0,0,0,1,0,1,0
140,0.592156747890188,-0.5485426123100859,1.5,1,2,2,2,3547.0,1,0,0,0,0,0,0,1,0
141,0.7424259348440911,0.5583949764472157,1.5,1,2,2,2,3084.0,0,0,1,0,0,0,0,0,1
142,0.8972469120791793,0.2134200189798038,1.5,1,2,2,2,3438.0,0,0,0,1,0,0,0,0,1
143,0.9017987023603647,-0.46826339323589417,1.5,1,2,2,2,3833.0,0,0,0,0,1,0,0,0,1
144,1.1613545707352884,0.11734288129261805,1.5,1,2,2,2,4238.0,0,1,0,0,0,0,0,0,1
145,1.0156426383966417,0.6465667066978581,1.5,1,2,2,2,3919.0,0,0,0,0,0,0,1,0,1
146,0.87447703200511,0.5100340011013168,1.5,1,2,2,2,3808.0,0,0,0,0,0,1,0,1,0
147,0.938229417612062,0.3017078155712766,1.5,1,2,2,2,2757.0,1,0,0,0,0,0,0,1,0
148,1.2979629225115634,-0.7649805454381448,1.5,1,2,1,2,2433.0,0,0,1,0,0,0,0,1,0
149,1.5256453302500461,-1.0215645362333456,1.5,1,2,2,2,2549.0,0,0,0,1,0,0,0,0,1
150,1.4664501992583505,0.2134200189798038,1.5,1,2,2,2,3309.0,0,0,0,0,1,0,0,0,1
151,1.1977852859869855,1.3121168975381643,1.5,1,2,2,2,3461.0,0,1,0,0,0,0,0,0,1
152,0.6786735492371391,0.8070219747655045,1.0,1,1,2,2,4232.0,0,0,0,0,0,1,0,1,0
153,0.7606385603029041,-0.8692210157637181,1.0,1,1,2,2,4414.0,0,0,0,1,0,0,0,0,1
154,0.8334945264722272,-0.6686841713293913,1.0,1,2,2,2,3473.0,0,0,0,1,0,0,0,0,1
155,0.9974245486037577,-0.8852897558386488,1.5,1,2,2,2,3221.0,0,0,0,0,0,0,1,0,1
156,1.1568027804541028,-0.03527146063894645,1.5,1,2,2,2,3875.0,1,0,0,0,0,0,0,1,0
157,1.5301971205312317,-0.6928646590023405,1.5,1,2,2,2,4070.0,0,0,0,0,1,0,0,0,1
158,1.7077879778403897,-0.5243621246371367,1.5,1,2,2,2,3725.0,0,0,0,0,0,0,1,0,1
159,1.4163586488290258,-0.6446713350376407,1.5,1,3,2,2,3352.0,0,0,1,0,0,0,0,0,1
160,1.2524286266974958,-0.4603064007589821,1.5,1,3,2,2,3771.0,0,1,0,0,0,0,0,0,1
161,1.0748377693883373,-0.3478897015349286,1.5,1,2,2,2,3237.0,0,0,0,0,0,1,0,1,0
162,0.7606385603029041,1.4805807431230913,1.5,1,2,2,2,2993.0,0,0,0,1,0,0,0,0,1
163,0.592156747890188,1.0154513303762827,1.5,1,1,2,2,4157.0,0,1,0,0,0,0,0,0,1
164,0.7151042644888358,-0.2918554514341472,1.5,1,2,2,2,4164.0,0,0,0,0,1,0,0,0,1
165,0.7242078450512068,0.20541144146252313,1.5,1,2,2,2,4411.0,0,1,0,0,0,0,0,0,1
166,0.8380517810874837,-0.6127530913093475,1.5,1,2,2,2,3222.0,0,0,0,0,0,0,1,0,1
167,1.0976076494624072,-0.9173756509481411,1.5,1,2,2,2,3981.0,0,0,0,0,0,1,0,1,0
168,1.1112684846400345,-1.14187374663385,1.5,1,2,2,2,3312.0,1,0,0,0,0,0,0,1,0
169,0.7606385603029041,-0.4522462382013325,1.5,1,2,2,2,3105.0,0,0,1,0,0,0,0,0,1
170,1.0110853837813851,-0.25170939376700524,1.5,1,2,2,2,3311.0,0,0,0,1,0,0,0,0,1
171,1.2979629225115634,-0.2357567200329047,1.5,1,2,2,2,4061.0,0,0,0,0,1,0,0,0,1
172,1.2706412521563086,0.6223862190249088,1.5,1,2,2,2,3846.0,0,1,0,0,0,0,0,0,1
173,1.2478768364163102,0.405999870937219,1.5,1,2,2,2,4044.0,0,0,0,0,0,0,1,0,1
174,1.0884986045659653,0.245389847748466,1.5,1,2,2,2,4022.0,0,0,0,0,0,1,0,1,0
175,1.0065335935001998,-1.238166251864576,1.5,1,2,2,2,3420.0,1,0,0,0,0,0,0,1,0
176,1.0201944286778275,-1.0698094452384146,1.5,1,2,2,2,3385.0,0,0,1,0,0,0,0,0,1
177,1.3571635178373302,-0.5965811811536789,1.5,1,2,2,2,3854.0,0,0,0,1,0,0,0,0,1
178,1.2706412521563086,0.9192194375679903,1.5,1,2,2,2,3916.0,0,0,0,0,1,0,0,0,1
179,1.0976076494624072,-0.06746052582917678,1.5,1,2,2,2,4377.0,0,1,0,0,0,0,0,0,1
180,1.2387677915198678,-1.134032820497768,1.5,1,2,2,2,4488.0,0,0,0,0,0,0,1,0,1
181,1.3252845928668189,-0.973422797309015,1.5,1,2,2,2,4116.0,0,0,0,0,0,1,0,1,0
182,1.2068943308834275,0.49412001614749307,1.0,1,1,2,2,2915.0,1,0,0,0,0,0,0,1,0
183,1.2615376715939377,-1.406515320734682,1.0,1,1,2,2,2367.0,0,0,0,0,1,0,0,0,1
184,1.370824353014958,-0.8290362693162993,1.0,1,2,2,2,2978.0,0,0,0,0,1,0,0,0,1
185,1.2251069563422405,-0.5243621246371367,1.5,1,2,2,2,3634.0,0,0,0,0,0,1,0,1,0
186,1.389036978473771,-0.4042076693577396,1.5,1,2,2,2,3845.0,0,0,1,0,0,0,0,0,1
187,1.1659118253505447,0.4460298622635312,1.5,1,2,2,2,3838.0,0,1,0,0,0,0,0,0,1
188,1.2979629225115634,-0.2918554514341472,1.5,1,2,2,2,3348.0,0,0,0,0,0,1,0,1,0
189,1.3753761432961435,-0.09120254065898985,1.5,1,3,2,2,3348.0,0,0,0,1,0,0,0,0,1
190,1.4573411543619086,1.1837991096203793,1.5,1,3,2,2,3138.0,0,0,0,0,0,0,1,0,1
191,1.6303802213898817,0.12523539246906892,1.5,1,2,2,2,3363.0,1,0,0,0,0,0,0,1,0
192,1.370824353014958,-0.5727230999830356,1.5,1,2,2,2,3596.0,0,0,0,0,1,0,0,0,1
193,1.0110853837813851,0.6464119515767515,1.5,1,1,2,2,3594.0,0,0,0,0,0,0,1,0,1
194,0.9154595375379927,-0.09943035459783897,1.5,1,2,2,2,4196.0,0,0,0,0,0,0,1,0,1
195,1.042964308751897,0.22954034409510346,1.5,1,2,2,2,4220.0,0,0,0,0,0,1,0,1,0
196,1.220555166061055,0.7027170231394703,1.5,1,2,2,2,3505.0,1,0,0,0,0,0,0,1,0
197,1.370824353014958,0.3257722369033962,1.5,1,2,2,2,3296.0,0,0,1,0,0,0,0,0,1
198,1.5347543751464887,-0.7730407079957947,1.5,1,2,2,2,3617.0,0,0,0,1,0,0,0,0,1
199,1.4892146149983494,-0.9894786411238533,1.5,1,2,2,2,3789.0,0,0,0,0,1,0,0,0,1
200,1.7442186930920869,0.40594828589685,1.5,1,2,2,2,3688.0,0,1,0,0,0,0,0,0,1
201,1.9263613406824305,-0.7408000577651954,1.5,1,2,2,2,3152.0,0,0,0,0,0,0,1,0,1
202,1.9309185952976868,-0.7650321304785137,1.5,1,2,2,2,2825.0,0,0,0,0,0,1,0,1,0
203,1.8261837041578526,-0.27561905997801744,1.5,1,2,2,2,2298.0,1,0,0,0,0,0,0,1,0
204,1.3526062632220737,-1.2862048207081687,1.5,1,2,2,2,2556.0,0,0,1,0,0,0,0,0,1
205,1.5074327047912333,0.1252869775094379,1.5,1,2,2,2,3272.0,0,0,0,1,0,0,0,0,1
206,1.5256453302500461,-0.09130571073972783,1.5,1,2,2,2,3840.0,0,0,0,0,1,0,0,0,1
207,1.548415210324116,-0.1555806710394505,1.5,1,2,2,2,3901.0,0,1,0,0,0,0,0,0,1
208,1.8717179999719207,-0.2115633360998629,1.5,1,2,2,2,3784.0,0,0,0,0,0,0,1,0,1
209,1.6850235621003913,-0.2837952888764976,1.5,1,2,2,2,3176.0,0,0,0,0,0,1,0,1,0
210,1.6941271426627622,-0.33182096145999795,1.5,1,2,2,2,2916.0,1,0,0,0,0,0,0,1,0
211,1.5074327047912333,-0.4362290831667708,1.5,1,2,2,2,2778.0,0,0,1,0,0,0,0,0,1
212,1.5711796260641144,0.19740286394524212,1.5,1,2,2,2,3537.0,0,0,0,1,0,0,0,0,1
213,1.2888593419491925,-0.7087786439561643,1.0,1,1,2,2,4044.0,0,0,1,0,0,0,0,0,1
214,1.1704636156317303,0.08520540114275672,1.0,1,1,2,2,3107.0,0,1,0,0,0,0,0,0,1
215,1.1750154059129156,-0.0754046220459963,1.0,1,2,2,2,3777.0,0,1,0,0,0,0,0,0,1
216,1.2068943308834275,0.4862790900114112,1.5,1,2,2,2,3843.0,1,0,0,0,0,0,0,1,0
217,1.3480544729408883,0.14113648116280048,1.5,1,2,2,2,2773.0,0,0,0,1,0,0,0,0,1
218,1.471001989539536,0.021046507183864197,1.5,1,2,2,2,2487.0,0,0,0,0,0,0,1,0,1
219,1.5256453302500461,-0.508396554642944,1.5,1,2,2,2,3480.0,1,0,0,0,0,0,0,1,0
220,1.4801110344359785,0.1252869775094379,1.5,1,3,2,2,3695.0,0,0,0,0,1,0,0,0,1
221,1.211446121164613,-0.3320401978815661,1.5,1,3,2,2,3896.0,0,0,0,0,0,1,0,1,0
222,1.1613545707352884,-0.837251186995056,1.5,1,2,1,2,3980.0,0,0,1,0,0,0,0,1,0
223,1.0384070541366406,0.2696735055021533,1.5,1,2,2,2,3854.0,0,1,0,0,0,0,0,0,1
224,0.9883209680413868,0.4138407970733009,1.5,1,1,2,2,2646.0,0,0,0,0,0,1,0,1,0
225,0.9291203727156201,0.23743285527155397,1.5,1,3,2,2,2482.0,0,0,1,0,0,0,0,0,1
226,1.1203720652024056,0.5904679752966155,1.5,1,3,2,2,3563.0,0,0,0,1,0,0,0,0,1
227,1.2433195818010534,-0.6045252773704987,1.5,1,3,2,2,4004.0,0,0,0,0,1,0,0,0,1
228,1.1795726605281722,0.5502187475487356,1.5,1,3,2,2,4026.0,0,1,0,0,0,0,0,0,1
229,1.033855263855455,-0.6607400751125714,1.5,1,3,2,2,3166.0,0,0,0,0,0,0,1,0,1
230,1.1021594397435925,-1.1100586729862945,1.5,1,3,2,2,3356.0,0,0,0,0,0,1,0,1,0
231,1.1750154059129156,0.7507040069426939,1.5,1,3,2,2,3277.0,1,0,0,0,0,0,0,1,0
232,1.0702859791071517,1.1117477044850361,1.5,1,3,2,2,2624.0,0,0,1,0,0,0,0,0,1
233,0.7925120209393444,-0.5645984561249245,1.5,1,3,2,2,3925.0,0,0,0,1,0,0,0,0,1
234,0.9701028782485028,0.8068543233843054,1.5,1,3,2,2,4614.0,0,0,0,0,1,0,0,0,1
235,1.0293034735742694,0.2616649279848726,1.5,1,3,2,2,4181.0,0,1,0,0,0,0,0,0,1
236,1.11582027492122,-1.3744900380476233,1.5,1,3,2,2,3107.0,0,0,0,0,0,0,1,0,1
237,1.0065335935001998,2.386762251024498,1.5,1,3,2,2,3893.0,0,0,0,0,0,1,0,1,0
238,1.1543930091287695,1.4716694273993538,1.5,1,3,2,2,889.0,1,0,0,0,0,0,0,1,0
239,0.769747605199346,-0.3961475068000896,1.5,1,3,2,2,2919.0,0,0,1,0,0,0,0,0,1
240,0.7834084403769734,-0.845156594431599,1.5,1,3,2,2,3905.0,0,0,0,1,0,0,0,0,1
241,0.8790342866203664,-1.3826043648976605,1.5,1,3,2,2,4429.0,0,0,0,0,1,0,0,0,1
242,0.8699252417239245,-0.628654180003079,1.5,1,3,2,2,4370.0,0,1,0,0,0,0,0,0,1
243,0.8061728561169723,-0.6527314975952907,1.5,1,3,2,2,4332.0,0,0,0,0,0,0,1,0,1
244,0.9473384625085041,-0.06729287444797764,1.0,1,1,2,2,3852.0,0,0,0,1,0,0,0,0,1
245,1.1659118253505447,0.20535985642215415,1.0,1,1,2,2,2549.0,0,0,0,0,0,0,1,0,1
246,0.9701028782485028,0.285690660536715,1.0,1,2,2,2,2419.0,0,0,0,0,0,0,1,0,1
247,0.24152682355305752,1.9782861088628976,1.5,1,2,2,2,2115.0,0,0,1,0,0,0,0,0,1
248,0.5648350775349331,-1.2060868048851299,1.5,1,2,2,2,2506.0,0,0,0,0,1,0,0,0,1
249,0.7546988291676715,0.02843606421671768,1.5,1,2,2,1,1878.0,0,0,0,0,0,1,0,1,0
250,0.8426035713686691,-0.853268342029618,1.5,1,2,2,1,1689.0,0,0,1,0,0,0,0,0,1
251,0.8972469120791793,-0.4763235557935438,1.5,1,3,2,1,3127.0,0,1,0,0,0,0,0,0,1
252,0.8608161968274824,-0.9735259673897528,1.5,1,3,2,2,3595.0,1,0,0,0,0,0,0,1,0
253,0.8117191551990891,-1.3106471024609907,1.5,1,2,2,2,3413.0,0,0,0,1,0,0,0,0,1
254,0.8471553616498546,-0.628551009922341,1.5,1,2,2,2,4023.0,0,0,0,0,0,0,1,0,1
255,0.9701028782485028,-0.2997479626105981,1.5,1,1,2,2,4062.0,1,0,0,0,0,0,0,1,0
256,0.44643935121747036,1.0394770629281254,1.5,1,3,2,2,4138.0,0,1,0,0,0,0,0,0,1
257,-0.14552835170169928,-0.3399456053181091,1.5,1,3,2,2,3231.0,0,0,0,0,0,0,1,0,1
258,-0.022580835103051467,-0.011194143046734772,1.5,1,3,2,2,4018.0,0,0,0,0,0,1,0,1,0
259,0.06393596624389954,-0.1555290859990815,1.5,1,3,2,2,3077.0,1,0,0,0,0,0,0,1,0
260,0.2916183739823822,-0.500387977125663,1.5,1,3,2,2,2921.0,0,0,1,0,0,0,0,0,1
261,0.35992254987051986,-0.7168903915541829,1.5,1,3,2,2,3848.0,0,0,0,1,0,0,0,0,1
262,0.5420651974608633,-1.214038638858005,1.5,1,3,2,2,3203.0,0,0,0,0,1,0,0,0,1
263,0.7242078450512068,-0.8049589517240879,1.5,1,3,2,2,3813.0,0,1,0,0,0,0,0,0,1
264,0.6194784182454434,-1.4466549302717782,1.5,1,3,2,2,4240.0,0,0,0,0,0,0,1,0,1
265,0.6058175830678154,-1.446440852354247,1.5,1,3,2,2,2137.0,0,0,0,0,0,1,0,1,0
266,0.7560867700217185,-1.8075890096033367,1.5,1,3,2,2,3647.0,1,0,0,0,0,0,0,1,0
267,0.8380517810874837,-1.0296762838313644,1.5,1,3,2,2,3466.0,0,0,1,0,0,0,0,0,1
268,0.769747605199346,-0.9333283246822418,1.5,1,3,2,2,3946.0,0,0,0,1,0,0,0,0,1
269,0.7606385603029041,-0.5405340347928053,1.5,1,3,2,2,3643.0,0,0,0,0,1,0,0,0,1
270,0.6604609237783257,-0.2277481425156237,1.5,1,3,2,2,3427.0,0,1,0,0,0,0,0,0,1
271,0.37358338504814725,0.20546302650289178,1.5,1,3,2,2,4186.0,0,0,0,0,0,0,1,0,1
272,-0.46883660568357494,1.3122329638789947,1.5,1,3,2,2,4372.0,0,0,0,0,0,1,0,1,0
273,-0.7602659346949385,0.4058451158161124,1.5,1,3,2,2,1949.0,1,0,0,0,0,0,0,1,0
274,-0.6099967477410356,-1.3824431616465076,1.0,1,1,2,2,2302.0,0,0,0,0,1,0,0,0,1
275,-0.06356334063593375,0.1974544489856111,1.0,1,1,2,2,3240.0,0,0,0,0,0,1,0,1,0
276,0.2324177786566156,-0.17143017469281305,1.0,1,2,2,2,3970.0,0,0,0,0,0,1,0,1,0
277,-0.008919999925424037,-0.7168903915541829,1.5,1,2,2,2,4267.0,0,0,0,1,0,0,0,0,1
278,0.08214859170271244,-2.1685230889348945,1.5,1,2,2,2,4126.0,0,1,0,0,0,0,0,0,1
279,0.1413491870284791,-1.8717479035622289,1.5,1,2,2,2,4036.0,1,0,0,0,0,0,0,1,0
280,0.246078613834243,-1.6390245731896902,1.5,1,2,2,2,3174.0,0,0,0,1,0,0,0,0,1
281,0.4100086359657736,-1.911726309848172,1.5,1,3,2,2,3114.0,0,0,0,0,0,0,1,0,1
282,0.3872442202257747,-0.6125854399281484,1.5,1,3,2,2,3603.0,0,0,1,0,0,0,0,0,1
283,0.25973944901187046,0.742914665846981,1.5,1,2,2,2,3896.0,0,0,0,0,1,0,0,0,1
284,0.510191736824423,-0.6287702463439092,1.5,1,2,2,2,2199.0,0,0,0,0,0,1,0,1,0
285,0.3007219545447532,0.42996112218860055,1.5,1,1,2,1,2623.0,0,0,1,0,0,0,0,0,1
286,0.05938417596271405,0.8710132173431983,1.5,1,2,2,2,3115.0,0,0,0,0,0,1,0,1,0
287,0.0867058463179689,1.175803428363191,1.5,1,2,2,2,3318.0,1,0,0,0,0,0,0,1,0
288,0.2096533629166167,-0.19555907732539338,1.5,1,2,2,2,3293.0,0,0,1,0,0,0,0,0,1
289,0.20054431802017478,-1.0375816912679074,1.5,1,2,2,2,3857.0,0,0,0,1,0,0,0,0,1
290,0.25102930050261524,0.6808707585432157,1.5,1,2,2,2,4111.0,0,0,0,0,1,0,0,0,1
291,-0.10910310078407298,2.9884759544082176,1.5,1,2,2,2,2170.0,0,1,0,0,0,0,0,0,1
292,-0.37321075944018195,0.3978881233392004,1.5,1,2,2,1,3724.0,0,0,0,0,0,0,1,0,1
293,-0.40053242979543685,-1.2622384109527505,1.5,1,2,2,2,3628.0,0,0,0,0,0,1,0,1,0
294,-0.4050842200766223,-1.173953193613296,1.5,1,2,2,2,2809.0,1,0,0,0,0,0,0,1,0
295,-0.17740727667221107,-0.925319747164961,1.5,1,2,2,2,2762.0,0,0,1,0,0,0,0,0,1
296,-0.13186751652407183,-0.30802736158981586,1.5,1,2,2,2,3488.0,0,0,0,1,0,0,0,0,1
297,-0.06356334063593375,-0.5403663834116061,1.5,1,2,2,2,3992.0,0,0,0,0,1,0,0,0,1
298,-0.1409765614205138,0.09311080857929975,1.5,1,2,2,2,3490.0,0,1,0,0,0,0,0,0,1
299,-0.9014315410864707,0.5021285936647737,1.5,1,2,2,2,2419.0,0,0,0,0,0,0,1,0,1
300,-1.3203601769776678,2.0740795288280545,1.5,1,2,2,2,3291.0,0,0,0,0,0,1,0,1,0
301,-0.9651784623593519,-0.1795935073312007,1.5,1,2,2,2,570.0,1,0,0,0,0,0,0,1,0
302,-0.8513399906571459,-1.0857750152326073,1.5,1,2,2,1,2446.0,0,0,1,0,0,0,0,0,1
303,-0.5189281561128997,-0.7089333990772713,1.5,1,2,2,2,3307.0,0,0,0,1,0,0,0,0,1
304,-0.6464274629927329,-1.3986163614281852,1.5,1,2,2,2,3658.0,0,0,0,0,1,0,0,0,1
305,-0.47794565058001687,-0.6928646590023405,1.0,1,1,2,2,3816.0,0,1,0,0,0,0,0,0,1
306,-0.5052673209352717,1.0476403955665126,1.0,1,1,2,2,3656.0,1,0,0,0,0,0,0,1,0
307,-0.924195956826469,-0.019099550483277807,1.0,1,2,2,2,3576.0,1,0,0,0,0,0,0,1,0
308,-0.8058056948430777,-1.2701373702592473,1.5,1,2,2,2,2770.0,0,0,0,0,1,0,0,0,1
309,-0.5508016167493399,-1.719303792263882,1.5,1,2,2,2,2697.0,0,0,0,0,0,0,1,0,1
310,-0.47794565058001687,-1.566966719924301,1.5,1,2,2,2,3662.0,0,0,1,0,0,0,0,0,1
311,-0.5234799463940851,-1.655199062597377,1.5,1,2,2,2,3829.0,0,0,0,0,1,0,0,0,1
312,-0.6327666278151053,-0.019035069182816656,1.5,1,3,2,2,3804.0,0,0,0,0,0,1,0,1,0
313,-0.9378567920040968,1.6008383684832264,1.5,1,3,2,2,2743.0,0,0,0,1,0,0,0,0,1
314,-0.7602659346949385,0.2775144316382352,1.5,1,2,2,2,2928.0,0,1,0,0,0,0,0,0,1
315,-0.30035479327085884,1.1758550134035597,1.5,1,2,2,2,2792.0,1,0,0,0,0,0,0,1,0
316,0.18688348284254733,1.496649483198022,1.5,1,1,2,2,2713.0,0,0,0,1,0,0,0,0,1
317,0.18688348284254733,0.11722681495178791,1.5,1,2,2,2,3891.0,0,0,0,1,0,0,0,0,1
318,-0.2138325275898369,-0.6927099038812335,1.5,1,2,2,2,3746.0,0,0,0,0,1,0,0,0,1
319,-0.8422309457607038,1.4807354982441987,1.5,1,2,2,2,1672.0,0,1,0,0,0,0,0,0,1
320,-1.2110734955566476,-0.2838468739168666,1.5,1,2,2,1,2914.0,0,0,0,0,0,0,1,0,1
321,-0.9105351216488416,0.4378665296251436,1.5,1,2,2,2,3147.0,0,0,0,0,0,1,0,1,0
322,-0.17740727667221107,-0.059232711890327645,1.5,1,2,2,2,2720.0,1,0,0,0,0,0,0,1,0
323,-0.26392407801916157,-0.67691198526824,1.5,1,2,2,2,2733.0,0,0,1,0,0,0,0,0,1
324,-0.43240589043187766,-0.925319747164961,1.5,1,2,2,2,2545.0,0,0,0,1,0,0,0,0,1
325,-0.30035479327085884,1.8735942694340957,1.5,1,2,2,1,1538.0,0,0,0,0,1,0,0,0,1
326,-0.6691973430668022,-0.2996963775702291,1.5,1,2,1,1,2454.0,0,1,0,0,0,0,0,1,0
327,-0.6600882981703603,-1.1819063172121802,1.5,1,2,2,2,935.0,0,0,0,0,0,0,1,0,1
328,-0.6555365078891748,-1.574919843523185,1.5,1,2,2,2,1697.0,0,0,0,0,0,1,0,1,0
329,-0.20017169241220945,0.23743285527155397,1.5,1,2,2,2,1819.0,1,0,0,0,0,0,0,1,0
330,0.04195841461013215,-0.624449999213009,1.5,1,2,2,2,2261.0,0,0,1,0,0,0,0,0,1
331,-0.2047289470274659,0.8711292836840281,1.5,1,2,2,2,3614.0,0,0,0,1,0,0,0,0,1
332,-0.9333050017229113,1.0396318180492319,1.5,1,2,2,2,2818.0,0,0,0,0,1,0,0,0,1
333,-1.001609177611049,0.3819225533450077,1.5,1,2,2,2,3425.0,0,1,0,0,0,0,0,0,1
334,-0.9925001327146069,-1.1579424867087806,1.5,1,2,2,2,3545.0,0,0,0,0,0,0,1,0,1
335,-1.074465143780372,-1.2220459267492765,1.0,1,1,2,2,3672.0,0,0,0,0,0,0,1,0,1
336,-0.9014315410864707,-1.3745442023400107,1.0,1,1,2,2,2908.0,0,0,1,0,0,0,0,0,1
337,-0.6008931671786647,-1.655037859346224,1.0,1,2,2,2,2851.0,0,0,1,0,0,0,0,0,1
338,-0.18195906695339656,0.5421585849910859,1.5,1,2,2,2,3578.0,0,1,0,0,0,0,0,0,1
339,-0.46883660568357494,0.9753697540096018,1.5,1,2,2,2,2468.0,0,0,0,0,0,1,0,1,0
340,-1.2566132557047867,0.6385581291805774,1.5,1,2,2,1,655.0,0,0,0,1,0,0,0,0,1
341,-1.1200049039285112,-1.3905561988705355,1.5,1,2,2,1,3172.0,0,1,0,0,0,0,0,0,1
342,-1.206521705275462,0.5503863989299347,1.5,1,3,2,2,3359.0,1,0,0,0,0,0,0,1,0
343,-1.5025082889020824,-1.5991532058625124,1.5,1,3,2,2,2688.0,0,0,0,0,1,0,0,0,1
344,-1.4068824426586897,-1.6390245731896902,1.5,1,2,2,2,2366.0,0,0,0,0,0,0,1,0,1
345,-1.1655391997425795,-0.6447229200780097,1.5,1,2,1,2,3167.0,0,0,1,0,0,0,0,1,0
346,-0.9742875072557938,-1.6711581844615238,1.5,1,1,2,2,3368.0,0,0,0,0,1,0,0,0,1
347,-0.40053242979543685,0.9994470716018131,1.5,1,1,2,2,3562.0,0,1,0,0,0,0,0,0,1
348,-0.6600882981703603,0.9031506974930595,1.5,1,1,2,2,3528.0,0,0,0,0,0,0,1,0,1
349,-1.2975957612376692,0.6786526018073508,1.5,1,1,2,2,3399.0,0,0,0,0,0,1,0,1,0
350,-1.4068824426586897,-0.2677781338419359,1.5,1,1,2,2,2464.0,1,0,0,0,0,0,0,1,0
351,-1.19741266037902,-0.22758049113442455,1.5,1,1,2,2,2211.0,0,0,1,0,0,0,0,0,1
352,-0.6008931671786647,-1.6632592251550267,1.5,1,1,2,2,3143.0,0,0,0,1,0,0,0,0,1
353,-0.3686589691589965,0.3979397083795694,1.5,1,1,2,2,3534.0,0,0,0,0,1,0,0,0,1
354,-0.39598063951425133,-1.8476215801816671,1.5,1,1,2,2,2553.0,0,1,0,0,0,0,0,0,1
355,-0.6691973430668022,1.079455469214068,1.0,1,1,2,2,2841.0,0,0,0,0,0,0,1,0,1
356,-1.056252518321559,-0.0030823954487161275,1.0,1,1,2,2,2046.0,0,0,0,0,0,1,0,1,0
357,-1.2077074657688802,-0.45719840207675233,1.0,1,1,2,2,856.0,1,0,0,0,0,0,0,1,0
358,-0.9511241951286085,0.6309106469458794,1.0,1,1,2,2,451.0,0,0,1,0,0,0,0,0,1
359,-0.9333050017229113,-0.026992061659728332,1.0,1,1,1,2,887.0,0,0,0,1,0,0,0,1,0
360,-1.0746673241410012,1.3337052369325737,1.0,1,1,2,2,1059.0,0,0,0,0,1,0,0,0,1
361,-1.3522391019481794,-0.9173240659077725,1.0,1,1,2,2,2047.0,0,1,0,0,0,0,0,0,1
362,-1.0061609678922343,-0.7248473840310949,1.0,1,1,2,2,2169.0,0,0,0,0,0,0,1,0,1
363,-0.46883660568357494,0.3818709683046387,1.0,1,1,2,2,2508.0,0,0,0,0,0,1,0,1,0
364,-0.6874099685256154,0.02094333710312656,1.0,1,1,2,2,1820.0,1,0,0,0,0,0,0,1,0
365,-1.217215407052509,1.7941533072658993,1.0,1,1,2,2,1608.0,0,0,1,0,0,0,0,0,1
366,-1.889563464156839,2.2584960481470815,1.0,2,1,1,2,1707.0,0,0,0,1,0,0,0,1,0
367,-2.1217976621765073,-0.0753530370056273,1.0,2,1,2,2,2147.0,0,0,0,0,0,0,1,0,1
368,-1.2566132557047867,-0.7809461154323375,1.0,2,2,2,2,2273.0,0,0,0,0,0,0,1,0,1
369,-0.8832134512935865,-0.2919070364745162,1.5,2,2,2,2,3132.0,0,0,1,0,0,0,0,0,1
370,-0.559910661645782,-0.2035676548426744,1.5,2,2,2,2,3791.0,0,0,0,0,1,0,0,0,1
371,-0.8650008258347734,0.01288317454547656,1.5,2,2,2,2,3451.0,0,0,0,0,0,1,0,1,0
372,-1.4842901991091983,-1.181852152919793,1.5,2,2,2,2,2826.0,0,0,1,0,0,0,0,0,1
373,-1.0223955044173272,-0.03857290322255969,1.5,2,3,2,2,2270.0,0,1,0,0,0,0,0,0,1
374,-1.2110734955566476,-0.7650321304785137,1.5,2,3,2,2,3425.0,1,0,0,0,0,0,0,1,0
375,-0.6191057926374778,-0.12349477592995815,1.5,2,2,2,2,2085.0,0,0,0,1,0,0,0,0,1
376,-1.2110734955566476,2.4188868349142667,1.5,2,2,2,2,3828.0,0,0,0,0,0,0,1,0,1
377,-1.7256334420253088,-0.04333162319659611,1.5,2,1,2,2,3040.0,1,0,0,0,0,0,0,1,0
378,-1.7984894081946319,0.7829962422136618,1.0,2,1,2,2,2160.0,1,0,0,0,0,0,0,1,0
379,-1.6709901013147985,0.5263606663780921,1.0,2,1,2,2,2027.0,0,0,1,0,0,0,0,0,1
380,-0.6707819999474072,2.045179009961345,1.0,2,1,2,2,2081.0,0,0,0,1,0,0,0,0,1
381,-1.0517007280403736,2.900188157816744,1.0,2,1,2,2,2808.0,0,0,0,0,1,0,0,0,1
382,-1.6709901013147985,0.3819225533450077,1.0,2,1,2,2,3267.0,0,1,0,0,0,0,0,0,1
383,-1.5207209143608955,0.15742445765929924,1.0,2,1,2,2,3162.0,0,0,0,0,0,0,1,0,1
384,-1.7620641572770057,0.413956863414131,1.0,2,1,2,2,3048.0,0,0,0,0,0,1,0,1,0
385,-1.8212592882687015,0.11729129625224907,1.0,2,1,2,2,1234.0,1,0,0,0,0,0,0,1,0
386,-1.51616912407971,-1.0295731137506265,1.0,2,1,1,2,1781.0,0,0,1,0,0,0,0,1,0
387,-0.8376791554795183,-0.8611608532060685,1.0,2,1,2,2,2287.0,0,0,0,1,0,0,0,0,1
388,-1.101786814135627,-0.38007876672515895,1.0,2,1,2,2,3900.0,0,0,0,0,1,0,0,0,1
389,-0.8422309457607038,-1.5107609495642924,1.0,2,1,2,2,3803.0,0,1,0,0,0,0,0,0,1
390,-0.3868715946178094,1.9618304809852,1.0,2,1,2,2,3831.0,0,0,0,0,0,0,1,0,1
391,-0.9833965521522358,0.2616133429445036,1.0,2,1,2,2,3187.0,0,0,0,0,0,1,0,1,0
392,-1.1655391997425795,0.6384549590998395,1.0,2,1,2,2,3248.0,1,0,0,0,0,0,0,1,0
393,-1.2383951659119026,0.3256174817822892,1.0,2,1,2,2,2685.0,0,0,1,0,0,0,0,0,1
394,-0.578123287104595,0.9191678525276209,1.0,2,1,2,2,3498.0,0,0,0,1,0,0,0,0,1
395,-0.14552835170169928,-0.019035069182816656,1.0,2,1,2,2,4185.0,0,0,0,0,1,0,0,0,1
396,-0.5280317366752706,-0.043280038156227114,1.0,2,1,2,2,4275.0,0,1,0,0,0,0,0,0,1
397,-0.9970573873298634,-0.15536143461788238,1.0,2,1,2,2,3571.0,0,0,0,0,1,0,0,0,1
398,-1.2657168362671576,-0.8852897558386488,1.0,2,1,2,2,3841.0,0,0,0,0,0,1,0,1,0
399,-1.2566132557047867,-0.18760208484848168,1.0,2,2,2,2,2448.0,0,0,0,0,0,1,0,1,0
400,-1.164943587328835,-0.4738474738558337,1.5,2,2,2,2,2629.0,0,0,0,1,0,0,0,0,1
401,-0.7739267698725661,-0.556654359908105,1.5,2,2,2,2,3578.0,0,1,0,0,0,0,0,0,1
402,-1.3066993418000403,-0.7327914802479144,1.5,2,2,2,2,4176.0,1,0,0,0,0,0,0,1,0
403,-1.2611650459859722,0.04505934347561472,1.5,2,2,2,2,2693.0,0,0,0,1,0,0,0,0,1
404,-1.1746482446390214,-0.9493454797168035,1.5,2,3,2,2,3667.0,0,0,0,0,0,0,1,0,1
405,-1.4842901991091983,1.2799923136483955,1.5,2,3,1,2,3604.0,0,0,1,0,0,0,0,1,0
406,-2.0125109807554873,2.8200121088232906,1.5,2,2,2,2,1977.0,0,0,0,0,1,0,0,0,1
407,-1.4933992440056403,-0.29996719903216623,1.5,2,2,2,1,1456.0,0,0,0,0,0,1,0,1,0
408,-0.9651784623593519,-0.6366111724799911,1.5,2,1,2,2,3328.0,0,0,1,0,0,0,0,0,1
409,-0.8058056948430777,-0.11533144329157051,1.0,2,1,2,2,3787.0,0,0,0,0,1,0,0,0,1
410,-0.9788392975369793,-1.2782516971092845,1.0,2,1,2,2,4028.0,0,1,0,0,0,0,0,0,1
411,-0.8331273651983329,0.19735127890487314,1.0,2,1,2,2,2931.0,0,0,0,0,0,0,1,0,1
412,-0.8149092754054487,0.00497776710893353,1.0,2,1,2,2,3805.0,0,0,0,0,0,1,0,1,0
413,-1.179200034920207,0.8069059084246747,1.0,2,1,2,2,2883.0,1,0,0,0,0,0,0,1,0
414,-1.179200034920207,0.4970216746682469,1.0,2,1,2,2,2071.0,0,0,1,0,0,0,0,0,1
415,-1.1364361564801617,0.19568766135297436,1.0,2,1,2,2,2627.0,0,0,0,1,0,0,0,0,1
416,-0.5462498264681545,0.5665067240452344,1.0,2,1,2,2,3614.0,0,0,0,0,1,0,0,0,1
417,-0.22749336276746432,0.0047714269474579156,1.0,2,1,2,2,4379.0,0,1,0,0,0,0,0,0,1
418,-0.48249744086120233,0.6064335452908083,1.0,2,1,2,2,4546.0,0,0,0,0,0,0,1,0,1
419,-1.1200049039285112,2.98031262176983,1.0,2,1,2,2,3241.0,0,0,0,0,0,1,0,1,0
420,-1.1837518252013923,0.18939428642796147,1.0,2,1,2,2,2415.0,1,0,0,0,0,0,0,1,0
421,-0.7056225939844286,0.9993310052609826,1.0,2,1,2,2,2874.0,0,0,1,0,0,0,0,0,1
422,-0.7466050995173111,0.03706366221842622,1.0,2,1,2,2,4069.0,0,0,0,1,0,0,0,0,1
423,-0.05445976007356279,0.4699911135149124,1.0,2,1,2,2,4134.0,0,0,0,0,1,0,0,0,1
424,-0.7784840244878226,-0.5885726036363982,1.0,2,1,2,2,4665.0,0,1,0,0,0,0,0,0,1
425,-0.44606672560950505,-0.37997559664442093,1.0,2,1,2,2,2948.0,0,1,0,0,0,0,0,0,1
426,-0.9287532114417258,1.8574223592784278,1.0,2,1,2,2,3110.0,1,0,0,0,0,0,0,1,0
427,-1.3795607723034344,0.49412001614749307,1.0,2,2,2,2,2713.0,1,0,0,0,0,0,0,1,0
428,-1.2975957612376692,0.1332439699863496,1.5,2,2,2,2,3130.0,0,0,0,0,1,0,0,0,1
429,-0.5007100663200152,2.00196364239225,1.5,2,2,2,2,3735.0,0,0,0,0,0,0,1,0,1
430,0.1732226476649199,3.2372190190673362,1.5,2,2,2,2,4484.0,0,0,1,0,0,0,0,0,1
431,-0.4642848154023894,2.8920764102187255,1.5,2,2,2,2,4896.0,0,0,0,0,1,0,0,0,1
432,-1.1382175293873245,0.4540384397808119,1.5,2,3,2,2,4122.0,0,0,0,0,0,1,0,1,0
433,-0.7325508322865679,0.4132475691090577,1.5,2,3,2,2,3150.0,0,0,0,1,0,0,0,0,1
434,-0.1591891868793267,0.2214285964970848,1.5,2,2,2,2,3253.0,0,1,0,0,0,0,0,0,1
435,0.3781351753293328,0.5984765528138966,1.5,2,2,2,2,4460.0,1,0,0,0,0,0,0,1,0
436,0.4191176808622155,-0.973422797309015,1.5,2,1,2,2,5085.0,0,0,0,1,0,0,0,0,1
437,0.3371526697964505,-0.5243621246371367,1.0,2,2,2,2,5315.0,0,0,0,0,1,0,0,0,1
438,-0.32767646362611375,-0.9975388036815032,1.0,2,2,2,2,5187.0,0,1,0,0,0,0,0,0,1
439,0.10036668149559634,-1.0296246987909956,1.0,2,2,2,2,3830.0,0,0,0,0,0,0,1,0,1
440,-0.12731572624288637,-0.8209761067586496,1.0,2,2,2,2,4681.0,0,0,0,0,0,1,0,1,0
441,0.2688484939083124,-0.36401002665022825,1.0,2,2,2,2,3685.0,1,0,0,0,0,0,0,1,0
442,0.3553652952552634,-0.8933499183962988,1.0,2,2,2,2,5171.0,0,0,1,0,0,0,0,0,1
443,0.1959925277389893,-1.3023251458234684,1.0,2,2,2,2,5042.0,0,0,0,1,0,0,0,0,1
444,0.31894004433763706,-0.9411821470784157,1.0,2,2,2,2,5108.0,0,0,0,0,1,0,0,0,1
445,0.5784959127125606,-0.9574572273148223,1.5,2,2,2,2,5537.0,0,1,0,0,0,0,0,0,1
446,0.036614295888644205,0.028887433319946077,1.5,2,2,2,2,5893.0,0,0,0,0,0,0,1,0,1
447,-0.31856741872967176,0.3898795458219197,1.5,2,2,2,2,2339.0,0,0,0,0,0,1,0,1,0
448,-0.27303312291560355,2.531251949097952,1.5,2,2,2,2,3464.0,1,0,0,0,0,0,0,1,0
449,-0.9424140466193532,-0.04321555685576597,1.5,2,2,2,2,4763.0,0,0,1,0,0,0,0,0,1
450,-0.06356334063593375,1.3041728013213447,1.5,2,2,2,2,4571.0,0,0,0,1,0,0,0,0,1
451,-0.008919999925424037,1.6649972624421192,1.5,2,2,2,2,5024.0,0,0,0,0,1,0,0,0,1
452,-0.6874099685256154,-0.6767443338870409,1.5,2,2,2,2,5299.0,0,1,0,0,0,0,0,0,1
453,-0.39142338489899486,0.7747297394945365,1.5,2,2,2,2,4663.0,0,0,0,0,0,0,1,0,1
454,-0.38231980433662394,-0.23569223873244355,1.5,2,2,2,2,3934.0,0,0,0,0,0,1,0,1,0
455,-0.33816798504253176,1.5681334528893065,1.5,2,2,2,2,3694.0,1,0,0,0,0,0,0,1,0
456,-0.1591891868793267,-1.1659510642260613,1.0,2,1,2,2,4728.0,0,0,0,0,0,0,1,0,1
457,0.2506358684494995,-0.12339160584922017,1.0,2,1,2,2,5424.0,0,0,1,0,0,0,0,0,1
458,-0.3322282539072992,0.37381080574698905,1.0,2,2,2,2,5378.0,0,0,1,0,0,0,0,0,1
459,-0.5052673209352717,1.4165895005453983,1.5,2,2,2,2,5265.0,0,1,0,0,0,0,0,0,1
460,-0.31856741872967176,1.087515631771718,1.5,2,2,2,2,4653.0,0,0,0,0,0,1,0,1,0
461,0.022953460711016775,0.542326236372285,1.5,2,2,2,2,3605.0,0,0,0,1,0,0,0,0,1
462,-0.03624167028067889,2.16209650395759,1.5,2,2,1,2,2939.0,0,1,0,0,0,0,0,1,0
463,-0.2684758683003471,0.7587125844599745,1.5,2,3,2,2,4680.0,1,0,0,0,0,0,0,1,0
464,-0.8038221415752863,1.3506380264336844,1.5,2,3,2,2,5099.0,0,0,0,0,1,0,0,0,1
465,-0.5371407815717125,1.2881556462867827,1.5,2,2,2,2,4380.0,0,0,0,0,0,0,1,0,1
466,-0.2912457483744169,-0.4522978232417015,1.5,2,2,2,2,4746.0,0,0,1,0,0,0,0,0,1
467,-0.0043682096442380835,0.004823011987826905,1.5,2,1,2,2,5146.0,0,0,0,0,1,0,0,0,1
468,0.6058175830678154,0.4460298622635312,1.5,2,2,2,2,4665.0,0,0,0,0,0,1,0,1,0
469,0.9200167921532492,1.2159365897702406,1.5,2,2,2,2,4286.0,1,0,0,0,0,0,0,1,0
470,0.6149211636301865,1.0714984767371563,1.5,2,2,2,2,5172.0,0,0,1,0,0,0,0,0,1
471,-0.17740727667221107,-0.2918554514341472,1.5,2,2,2,2,5702.0,0,0,0,1,0,0,0,0,1
472,0.013844415814574827,-1.6070521651690095,1.5,2,2,2,2,4020.0,0,0,0,0,1,0,0,0,1
473,0.16867085738373444,-0.5245168797582437,1.5,2,2,2,2,5719.0,0,1,0,0,0,0,0,0,1
474,0.40545684568458806,1.1999194347356792,1.5,2,2,2,2,5950.0,0,0,0,0,0,0,1,0,1
475,-0.541692571852898,1.9860625536985186,1.5,2,2,2,2,4083.0,0,0,0,0,0,1,0,1,0
476,-0.9515176271817242,1.4566710769120792,1.5,2,2,2,2,907.0,1,0,0,0,0,0,0,1,0
477,-0.4506239802247615,0.7588157545407125,1.5,2,2,2,1,3019.0,0,0,1,0,0,0,0,0,1
478,-0.10454584616881651,-0.925319747164961,1.5,2,2,2,2,5115.0,0,0,0,1,0,0,0,0,1
479,0.013844415814574827,-0.1794903372504627,1.5,2,2,2,2,5541.0,0,0,0,0,1,0,0,0,1
480,-0.2092807373086514,2.0258733086032623,1.5,2,2,2,2,4551.0,0,1,0,0,0,0,0,0,1
481,-0.6509792532739184,-0.7811008705534445,1.5,2,2,2,2,5219.0,0,0,0,0,0,0,1,0,1
482,-0.2047289470274659,-0.9496163011787404,1.5,2,2,2,2,3100.0,0,0,0,0,0,1,0,1,0
483,-0.17285002205695413,-0.24380398633046219,1.5,2,2,2,2,4075.0,1,0,0,0,0,0,0,1,0
484,0.6422428339854418,-0.44423766068405146,1.5,2,2,2,2,4907.0,0,0,1,0,0,0,0,0,1
485,0.37358338504814725,-0.6768604002278711,1.5,2,2,2,2,5087.0,0,0,0,1,0,0,0,0,1
486,0.35081350497407787,-0.7331138867502205,1.0,2,1,2,2,5502.0,0,0,0,0,0,1,0,1,0
487,0.7196560547700213,-0.35600144913294757,1.0,2,1,2,2,5657.0,0,0,0,1,0,0,0,0,1
488,0.687782594133581,-0.48426765201036365,1.0,2,2,2,2,5227.0,0,0,0,1,0,0,0,0,1
489,0.3644743401517053,-0.5244137096775057,1.5,2,2,2,2,4387.0,0,0,0,0,0,0,1,0,1
490,0.2278659883754301,0.5181457486993354,1.5,2,2,2,2,4224.0,1,0,0,0,0,0,0,1,0
491,0.46920923129154024,1.3603747028033255,1.5,2,2,2,2,5265.0,0,0,0,0,1,0,0,0,1
492,0.43277851603984296,0.3336131630394777,1.5,2,2,2,2,4990.0,0,0,0,0,0,0,1,0,1
493,0.054826921347457584,1.592945857306776,1.5,2,3,2,2,4097.0,0,0,1,0,0,0,0,0,1
494,0.20509610830136024,0.5983089014326974,1.5,2,3,2,2,5546.0,0,1,0,0,0,0,0,0,1
495,0.37358338504814725,-0.8693370821045483,1.5,2,2,2,2,5711.0,0,0,0,0,0,1,0,1,0
496,0.6376910437042562,0.44587510714242423,1.5,2,2,2,2,4807.0,0,0,0,1,0,0,0,0,1
497,0.423669471143401,0.285639075496346,1.5,2,1,2,2,3946.0,0,1,0,0,0,0,0,0,1
498,0.6331392534230708,-0.5564867085269058,1.5,2,2,2,2,2501.0,0,0,1,0,0,0,0,0,1
499,0.769747605199346,-0.8773456596218293,1.5,2,2,2,2,4490.0,0,0,0,1,0,0,0,0,1
500,0.5329561525644214,0.5020770086244047,1.5,2,2,2,2,6433.0,0,0,0,0,1,0,0,0,1
501,0.37358338504814725,-0.6928646590023405,1.5,2,2,2,2,6142.0,0,1,0,0,0,0,0,0,1
502,0.5693868678161187,-1.3743288347964704,1.5,2,2,2,2,6118.0,0,0,0,0,0,0,1,0,1
503,0.6832253395183245,0.8230907148404352,1.5,2,2,2,2,4884.0,0,0,0,0,0,1,0,1,0
504,0.5602778229196762,0.5501671625083666,1.5,2,2,2,2,4425.0,1,0,0,0,0,0,0,1,0
505,0.6513518788818837,-0.9333799097226109,1.5,2,2,2,2,3729.0,0,0,1,0,0,0,0,0,1
506,0.687782594133581,-1.14187374663385,1.5,2,2,2,2,5254.0,0,0,0,1,0,0,0,0,1
507,0.8699252417239245,-0.22758049113442455,1.5,2,2,2,2,4494.0,0,0,0,0,1,0,0,0,1
508,1.0065335935001998,-0.6447229200780097,1.5,2,2,2,2,5711.0,0,1,0,0,0,0,0,0,1
509,1.0748377693883373,0.10896031223266231,1.5,2,2,2,2,5317.0,0,0,0,0,0,0,1,0,1
510,1.0611769342107098,0.3176089042650082,1.5,2,2,2,2,3681.0,0,0,0,0,0,1,0,1,0
511,1.1841244508093576,0.07709365354473807,1.5,2,2,2,2,3308.0,1,0,0,0,0,0,0,1,0
512,1.2387677915198678,1.3522629552053063,1.5,2,2,1,2,3486.0,0,0,1,0,0,0,0,1,0
513,0.8790342866203664,-0.7249505541118328,1.5,2,2,2,2,4863.0,0,0,0,1,0,0,0,0,1
514,1.0065335935001998,0.0610764985101764,1.5,2,2,2,2,6110.0,0,0,0,0,1,0,0,0,1
515,0.8653734514427389,0.6063819602504397,1.5,2,2,2,2,6238.0,0,1,0,0,0,0,0,0,1
516,0.47831281185391117,-0.05134020071387712,1.5,2,2,2,2,3594.0,0,0,0,0,0,0,1,0,1
517,0.5830477029937461,-0.08325844444217033,1.0,2,1,2,2,5325.0,1,0,0,0,0,0,0,1,0
518,0.5557260326384907,1.2159881748106098,1.0,2,1,2,2,5147.0,0,0,0,0,1,0,0,0,1
519,0.246078613834243,0.24544143278883498,1.0,2,2,2,2,5927.0,0,0,0,0,1,0,0,0,1
520,0.31894004433763706,-1.4626682164283122,1.5,2,2,2,2,6033.0,0,0,0,0,0,1,0,1,0
521,0.5830477029937461,-0.4280657505283828,1.5,2,2,2,2,6028.0,0,0,1,0,0,0,0,0,1
522,0.8380517810874837,-0.19550749228502473,1.5,2,2,2,2,6456.0,0,1,0,0,0,0,0,0,1
523,1.1750154059129156,-0.5965295961133099,1.5,2,2,2,2,6248.0,0,0,0,0,0,1,0,1,0
524,1.2615376715939377,-0.7327914802479144,1.5,2,3,2,2,4790.0,0,0,0,1,0,0,0,0,1
525,1.229658746623426,0.2214285964970848,1.5,2,3,2,2,4374.0,0,0,0,0,0,0,1,0,1
526,0.8608161968274824,0.3095487417073585,1.5,2,2,2,2,5647.0,1,0,0,0,0,0,0,1,0
527,0.87447703200511,1.9697229921616508,1.5,2,2,2,2,4495.0,0,0,0,0,1,0,0,0,1
528,0.8334945264722272,0.8149144859419554,1.5,2,1,2,2,6248.0,0,0,0,0,0,0,1,0,1
529,0.7834084403769734,-0.1795935073312007,1.5,2,2,2,2,6183.0,0,1,0,0,0,0,0,0,1
530,0.7424259348440911,-0.30791129524898575,1.5,2,2,2,2,6102.0,0,0,0,0,0,0,1,0,1
531,0.5284043622832358,-0.5885726036363982,1.5,2,2,2,2,4739.0,0,0,0,0,0,1,0,1,0
532,0.39634780078814613,-0.20372240996378135,1.5,2,2,2,2,4344.0,1,0,0,0,0,0,0,1,0
533,1.0520678893142679,-0.5484265459692559,1.5,2,2,2,2,4446.0,0,0,1,0,0,0,0,0,1
534,1.5666278357829295,-0.9895431224243146,1.5,2,2,2,2,5857.0,0,0,0,1,0,0,0,0,1
535,1.6941271426627622,-0.9253842284654221,1.5,2,2,2,2,5339.0,0,0,0,0,1,0,0,0,1
536,1.539306165427674,-0.09931428825700883,1.5,2,2,2,2,5127.0,0,1,0,0,0,0,0,0,1
537,1.2888593419491925,-0.1395635160048888,1.5,2,2,2,2,4859.0,0,0,0,0,0,0,1,0,1
538,1.3526062632220737,-0.5805640261191172,1.5,2,2,2,2,4801.0,0,0,0,0,0,1,0,1,0
539,1.202337076268171,1.416525019244937,1.5,2,2,2,2,4340.0,1,0,0,0,0,0,0,1,0
540,0.7378686802288347,2.0259893749440927,1.5,2,2,2,2,5640.0,0,0,1,0,0,0,0,0,1
541,1.1021594397435925,1.047588810526144,1.5,2,2,2,2,6365.0,0,0,0,1,0,0,0,0,1
542,1.3844851881925855,-0.24364923120935522,1.5,2,2,2,2,6258.0,0,0,0,0,1,0,0,0,1
543,1.8489535842319222,-0.3240316203642854,1.5,2,2,2,2,5958.0,0,1,0,0,0,0,0,0,1
544,1.471001989539536,-0.38007876672515895,1.5,2,2,2,2,4634.0,0,0,0,0,0,0,1,0,1
545,1.748770483373273,-0.28389845895723553,1.5,2,2,2,2,4232.0,0,0,0,0,0,1,0,1,0
546,1.5620760455017435,0.06092174338906943,1.5,2,2,2,2,4110.0,1,0,0,0,0,0,0,1,0
547,1.557518790886487,-0.8293070907782364,1.0,2,1,2,2,5323.0,0,0,1,0,0,0,0,0,1
548,1.6030585510346258,-0.7169419765945518,1.0,2,1,2,2,5608.0,0,1,0,0,0,0,0,0,1
549,1.812522868980225,0.044956173394876744,1.0,2,2,2,2,4841.0,0,1,0,0,0,0,0,0,1
550,1.81707465926141,-0.5726070336422054,1.5,2,2,2,2,4836.0,1,0,0,0,0,0,0,1,0
551,1.999222771185825,-0.3480573529161277,1.5,2,2,2,2,4841.0,0,0,0,1,0,0,0,0,1
552,1.7852011986249692,-0.8371480169143183,1.5,2,2,2,2,3392.0,0,0,0,0,0,0,1,0,1
553,1.1750154059129156,-0.12339160584922017,1.5,2,2,2,2,3469.0,1,0,0,0,0,0,0,1,0
554,1.229658746623426,-0.5004524584261245,1.5,2,3,2,2,5571.0,0,0,0,0,1,0,0,0,1
555,1.2068943308834275,-0.5005040434664931,1.5,2,3,2,2,5336.0,0,0,0,0,0,1,0,1,0
556,1.202337076268171,-0.5644437010038175,1.5,2,2,2,2,6289.0,0,0,1,0,0,0,0,0,1
557,1.2888593419491925,-1.4146296475847193,1.5,2,2,2,2,6414.0,0,1,0,0,0,0,0,0,1
558,1.134032900380033,-0.6043705222493917,1.5,2,1,2,2,5988.0,0,0,0,0,0,1,0,1,0
559,1.3662670983997016,-0.30791129524898575,1.5,2,2,2,2,4614.0,0,0,0,0,0,1,0,1,0
560,1.4618929446430942,-0.33989402027774007,1.5,2,2,2,2,4111.0,1,0,0,0,0,0,0,1,0
561,1.7624313185509004,-0.9815861299474027,1.5,2,2,2,2,5742.0,0,0,1,0,0,0,0,0,1
562,1.6258229667746251,-0.6848044964446905,1.5,2,2,2,2,5865.0,0,0,0,1,0,0,0,0,1
563,1.4983236598947913,-0.32387686524317844,1.5,2,2,2,2,4914.0,0,0,0,0,1,0,0,0,1
564,0.9291203727156201,0.23760050665275312,1.5,2,2,2,2,5703.0,0,1,0,0,0,0,0,0,1
565,0.5466169877420488,0.2934800016324279,1.5,2,2,2,2,5123.0,0,0,0,0,0,0,1,0,1
566,0.938229417612062,-1.2460652111710728,1.5,2,2,2,2,3195.0,0,0,0,0,0,1,0,1,0
567,1.3435026826597027,-0.6688002376702213,1.5,2,2,2,1,4866.0,1,0,0,0,0,0,0,1,0
568,1.3935887687549564,0.2696735055021533,1.5,2,2,2,2,5831.0,0,0,1,0,0,0,0,0,1
569,1.2478768364163102,-0.3319886128411971,1.5,2,2,2,2,6452.0,0,0,0,1,0,0,0,0,1
570,1.5347543751464887,1.2157302496087652,1.5,2,2,2,2,6790.0,0,0,0,0,1,0,0,0,1
571,1.5620760455017435,-0.48426765201036365,1.5,2,2,2,2,5825.0,0,1,0,0,0,0,0,0,1
572,1.4209104391102119,-0.4280657505283828,1.5,2,2,2,2,5645.0,0,0,0,0,0,0,1,0,1
573,1.2342160012386825,-0.2598211413650239,1.5,2,2,2,2,4451.0,0,0,0,0,0,1,0,1,0
574,1.2843020873339361,-0.4762074894527137,1.5,2,2,2,2,4444.0,1,0,0,0,0,0,0,1,0
575,1.1886762410905432,-0.3239284502835474,1.5,2,2,2,2,6065.0,0,0,1,0,0,0,0,0,1
576,1.211446121164613,-0.6366111724799911,1.5,2,2,2,2,6248.0,0,0,0,1,0,0,0,0,1
577,1.4026978136513983,-0.7891094480707255,1.5,2,2,2,2,6506.0,0,0,0,0,1,0,0,0,1
578,1.4755537798207214,0.3256174817822892,1.0,2,1,2,2,6278.0,0,0,0,1,0,0,0,0,1
579,1.6258229667746251,0.8629530547855483,1.0,2,1,2,2,5847.0,0,0,0,0,0,0,1,0,1
580,1.493771869613606,1.2880524762060455,1.0,2,2,2,2,4479.0,0,0,0,0,0,0,1,0,1
581,1.4026978136513983,-0.7891094480707255,1.5,2,2,2,2,3757.0,0,0,1,0,0,0,0,0,1
582,1.3116237576891914,-0.9496163011787404,1.5,2,2,2,2,5780.0,0,0,0,0,1,0,0,0,1
583,1.389036978473771,-1.0296762838313644,1.5,2,2,2,2,5995.0,0,0,0,0,0,1,0,1,0
584,1.4209104391102119,-0.44418607564368245,1.5,2,2,2,2,6271.0,0,0,1,0,0,0,0,0,1
585,1.202337076268171,0.6225022853657393,1.5,2,3,2,2,6090.0,0,1,0,0,0,0,0,0,1
586,1.0748377693883373,0.20551461154326076,1.5,2,3,2,2,4721.0,1,0,0,0,0,0,0,1,0
587,1.1203720652024056,-0.8773456596218293,1.5,2,2,2,2,4052.0,0,0,0,1,0,0,0,0,1
588,1.229658746623426,-0.7006668963581456,1.5,2,2,2,2,4362.0,0,0,0,0,0,0,1,0,1
589,1.2615376715939377,-0.27578671135921656,1.5,2,1,2,2,5676.0,1,0,0,0,0,0,0,1,0
590,1.1522509901729174,-0.2678813039226739,1.5,2,3,2,2,5656.0,0,0,0,1,0,0,0,0,1
591,1.220555166061055,-0.628654180003079,1.5,2,3,2,2,6149.0,0,0,0,0,1,0,0,0,1
592,1.2433195818010534,0.5263090813377234,1.5,2,3,2,2,6267.0,0,1,0,0,0,0,0,0,1
593,0.9974245486037577,-0.16347318221590101,1.5,2,3,2,2,5665.0,0,0,0,0,0,0,1,0,1
594,0.7651903505840896,-1.342410591068177,1.5,2,3,2,2,5038.0,0,0,0,0,0,1,0,1,0
595,0.7651903505840896,-0.7810492855130754,1.5,2,3,2,2,3341.0,1,0,0,0,0,0,0,1,0
596,0.8380517810874837,-1.5188211121219422,1.5,2,3,2,2,5504.0,0,0,1,0,0,0,0,0,1
597,0.938229417612062,-1.5509005591013887,1.5,2,3,2,2,5925.0,0,0,0,1,0,0,0,0,1
598,1.0930503948471506,-1.366322836531208,1.5,2,3,2,2,6281.0,0,0,0,0,1,0,0,0,1
599,1.1294811100988476,-1.5268812746795921,1.5,2,3,2,2,6402.0,0,1,0,0,0,0,0,0,1
600,0.9063559569756218,0.6946568605818203,1.5,2,3,2,2,6257.0,0,0,0,0,0,0,1,0,1
601,0.8608161968274824,0.49412001614749307,1.5,2,3,2,2,4224.0,0,0,0,0,0,1,0,1,0
602,1.134032900380033,-0.797118025588006,1.5,2,3,2,2,3772.0,1,0,0,0,0,0,0,1,0
603,1.2706412521563086,0.004926182068564882,1.5,2,3,2,2,5928.0,0,0,1,0,0,0,0,0,1
604,1.033855263855455,-1.0056634475396142,1.5,2,3,2,2,6105.0,0,0,0,1,0,0,0,0,1
605,1.1522509901729174,-1.4627752553870779,1.5,2,3,2,2,6520.0,0,0,0,0,1,0,0,0,1
606,1.4664501992583505,-0.2838468739168666,1.5,2,3,2,2,6541.0,0,1,0,0,0,0,0,0,1
607,1.407249603932584,-0.9976032849819644,1.5,2,3,2,2,5917.0,0,0,0,0,0,0,1,0,1
608,1.0976076494624072,-1.6310185749244277,1.5,2,3,2,2,3788.0,0,0,0,0,0,1,0,1,0
609,1.1568027804541028,-0.508396554642944,1.0,2,1,2,2,3197.0,0,0,0,0,1,0,0,0,1
610,1.2569804169786813,0.590364805215878,1.0,2,1,2,2,4069.0,0,0,0,0,0,1,0,1,0
611,1.316181012304448,-0.03527146063894645,1.0,2,2,2,2,5997.0,0,0,0,0,0,1,0,1,0
612,1.0976076494624072,-0.6205940174454294,1.5,2,2,2,2,6280.0,0,0,0,1,0,0,0,0,1
613,1.134032900380033,-0.24370081624972423,1.5,2,2,2,2,5592.0,0,1,0,0,0,0,0,0,1
614,0.8926951217979938,1.1678980209266476,1.5,2,2,2,2,6459.0,1,0,0,0,0,0,0,1,0
615,0.6240302085266288,0.4378665296251436,1.5,2,2,2,2,4419.0,0,0,0,1,0,0,0,0,1
616,0.47831281185391117,0.8791378612013087,1.5,2,3,2,2,5657.0,0,0,0,0,0,0,1,0,1
617,0.44643935121747036,-1.2701373702592473,1.5,2,3,2,2,6407.0,0,0,1,0,0,0,0,0,1
618,0.5648350775349331,-0.7569719679208641,1.5,2,2,2,2,6697.0,0,0,0,0,1,0,0,0,1
619,0.6376910437042562,-1.3905033242041573,1.5,2,2,2,2,6820.0,0,0,0,0,0,1,0,1,0
620,0.7515295154064621,-1.1178480140820073,1.5,2,1,2,2,6750.0,0,0,1,0,0,0,0,0,1
621,0.6149211636301865,0.7348029182489623,1.5,2,3,2,2,6630.0,0,0,0,0,0,0,1,0,1
622,0.46010018639509825,-1.2942649832658186,1.5,2,3,2,2,5554.0,0,0,0,0,0,1,0,1,0
623,0.4646519766762838,-0.500387977125663,1.5,2,3,2,2,5167.0,1,0,0,0,0,0,0,1,0
624,0.6968861746959519,2.154242681561416,1.5,2,3,2,2,5847.0,0,0,1,0,0,0,0,0,1
625,0.30983099944119513,0.31766048930537716,1.5,2,3,2,2,3702.0,0,0,0,1,0,0,0,0,1
626,0.2779575388047548,-0.9333799097226109,1.5,2,3,2,2,6803.0,0,0,0,0,1,0,0,0,1
627,0.5648350775349331,-0.4683149782762631,1.5,2,3,2,2,6781.0,0,1,0,0,0,0,0,0,1
628,0.8426035713686691,1.19986784969531,1.5,2,3,2,2,6917.0,0,0,0,0,0,0,1,0,1
629,0.18233169256136186,0.42190095963095053,1.5,2,3,2,2,5883.0,0,0,0,0,0,1,0,1,0
630,0.10036668149559634,-0.6208132538669975,1.5,2,3,2,2,5453.0,1,0,0,0,0,0,0,1,0
631,0.29617016426356774,0.590364805215878,1.5,2,3,2,2,6435.0,0,0,1,0,0,0,0,0,1
632,0.7606385603029041,0.6945536905010823,1.5,2,3,2,2,6693.0,0,0,0,1,0,0,0,0,1
633,0.8426035713686691,-0.7247829027306337,1.5,2,3,2,2,6946.0,0,0,0,0,1,0,0,0,1
634,0.674121758955953,-0.3399971903584781,1.5,2,3,2,2,6642.0,0,1,0,0,0,0,0,0,1
635,0.25518765873068494,0.4779481059918244,1.5,2,3,2,2,6370.0,0,0,0,0,0,0,1,0,1
636,0.16867085738373444,-0.7168388065138143,1.5,2,3,2,2,5966.0,0,0,0,0,0,1,0,1,0
637,0.13679193241322263,-1.286257695374547,1.5,2,3,2,2,4874.0,1,0,0,0,0,0,0,1,0
638,0.5192953173867939,-1.1099555029055566,1.5,2,3,2,2,6015.0,0,0,1,0,0,0,0,0,1
639,0.8835860769015519,-1.5991003311961345,1.0,2,1,2,2,4324.0,0,1,0,0,0,0,0,0,1
640,0.8835860769015519,-0.9413884872398917,1.0,2,1,2,1,6844.0,1,0,0,0,0,0,0,1,0
641,0.6513518788818837,-1.0857750152326073,1.0,2,2,2,2,6437.0,1,0,0,0,0,0,0,1,0
642,0.31894004433763706,0.9992278351802446,1.5,2,2,2,2,6640.0,0,0,0,0,1,0,0,0,1
643,-0.4369631450471341,-0.6368304089015592,1.5,2,2,2,2,4934.0,0,0,0,0,0,0,1,0,1
644,-0.6145540023562921,-0.011142558006365785,1.5,2,2,2,2,2729.0,0,0,1,0,0,0,0,0,1
645,-0.2684758683003471,-0.0031339804890851163,1.5,2,2,2,2,4604.0,0,0,0,0,1,0,0,0,1
646,0.10036668149559634,-0.03510380925774732,1.5,2,3,2,2,5791.0,0,0,0,0,0,1,0,1,0
647,-0.3322282539072992,-0.1153830283319395,1.5,2,3,2,2,6911.0,0,0,0,1,0,0,0,0,1
648,-0.31856741872967176,0.5745153015625151,1.5,2,2,2,2,6736.0,0,1,0,0,0,0,0,0,1
649,-0.559910661645782,-0.5726070336422054,1.5,2,2,2,2,6222.0,1,0,0,0,0,0,0,1,0
650,0.1413491870284791,1.1357605407767863,1.5,2,1,2,2,4857.0,0,0,0,1,0,0,0,0,1
651,0.35992254987051986,1.3604778728840636,1.5,2,2,2,2,4559.0,1,0,0,0,0,0,0,1,0
652,-0.15008560631695575,-0.10732286577428951,1.5,2,2,1,2,5115.0,0,0,1,0,0,0,0,1,0
653,-0.21838978220509336,-1.1499854942318686,1.5,2,2,2,2,6612.0,0,0,0,1,0,0,0,0,1
654,0.1459009773096646,0.5983089014326974,1.5,2,2,2,2,6482.0,0,0,0,0,1,0,0,0,1
655,0.3690261304328908,-0.7168903915541829,1.5,2,2,2,2,6501.0,0,1,0,0,0,0,0,0,1
656,-0.06356334063593375,-0.9415045535807218,1.5,2,2,2,2,4671.0,0,0,0,0,0,0,1,0,1
657,-0.17285002205695413,-0.31581670268552875,1.5,2,2,2,2,5284.0,0,0,0,0,0,1,0,1,0
658,-0.045350715177120846,-1.406462446068304,1.5,2,2,2,2,4692.0,1,0,0,0,0,0,0,1,0
659,0.2642967036271269,-1.238005048613423,1.5,2,2,2,2,6228.0,0,0,1,0,0,0,0,0,1
660,0.5010826919279806,-1.5187127835371674,1.5,2,2,2,2,6625.0,0,0,0,1,0,0,0,0,1
661,0.29617016426356774,-0.8533199270699866,1.5,2,2,2,2,6898.0,0,0,0,0,1,0,0,0,1
662,0.27340028418949786,-0.7489633904035831,1.5,2,2,2,2,6484.0,0,1,0,0,0,0,0,0,1
663,0.18688348284254733,0.582253057617859,1.5,2,2,2,2,6262.0,0,0,0,0,0,0,1,0,1
664,-0.09999405588763104,2.6755224107498368,1.5,2,2,2,2,5209.0,0,0,0,0,0,1,0,1,0
665,-0.30490658355204436,2.1621480889979594,1.5,2,2,2,2,3461.0,1,0,0,0,0,0,0,1,0
666,-0.9705608314193369,0.2897271899455862,1.5,2,2,2,2,20.0,0,0,1,0,0,0,0,0,1
667,-0.7557141444137531,-0.30791129524898575,1.5,2,2,2,1,1009.0,0,0,0,1,0,0,0,0,1
668,-0.7101798485996851,-0.4281173355687518,1.5,2,2,2,2,5147.0,0,0,0,0,1,0,0,0,1
669,-0.7693749795913807,0.9753697540096018,1.5,2,2,2,2,5520.0,0,1,0,0,0,0,0,0,1
670,-0.8331273651983329,1.0315200704512133,1.0,2,1,2,2,5229.0,0,0,0,0,0,0,1,0,1
671,-0.9287532114417258,-0.14746892344143184,1.0,2,1,2,2,4109.0,0,0,1,0,0,0,0,0,1
672,-0.9651784623593519,0.5904163902562466,1.0,2,2,2,2,3906.0,0,0,1,0,0,0,0,0,1
673,-1.1746482446390214,-0.21962349865751288,1.5,2,2,2,2,4881.0,0,1,0,0,0,0,0,0,1
674,-1.0926832335732561,1.46456358808853,1.5,2,2,2,2,5220.0,0,0,0,0,0,1,0,1,0
675,-0.7848171876761709,2.0284783531418946,1.5,2,2,2,2,4709.0,0,0,0,1,0,0,0,0,1
676,-0.7329442643396834,0.3097034968284655,1.5,2,2,2,2,4975.0,0,1,0,0,0,0,0,0,1
677,-0.5826750773857805,-1.7112977939986194,1.5,2,3,2,2,5283.0,1,0,0,0,0,0,0,1,0
678,-0.4096414746918792,-0.8130191142817377,1.5,2,3,2,2,4446.0,0,0,0,0,1,0,0,0,1
679,-0.05901155035474827,-0.2195719136171439,1.5,2,2,2,2,4562.0,0,0,0,0,0,0,1,0,1
680,-0.8331273651983329,1.9538219034679194,1.5,2,2,1,2,5172.0,0,0,1,0,0,0,0,1,0
681,-1.129108484490882,0.11712364487104994,1.5,2,1,2,2,3767.0,0,0,0,0,1,0,0,0,1
682,-0.9515176271817242,-0.4843321333108248,1.5,2,2,2,2,5122.0,0,0,0,0,1,0,0,0,1
683,-0.8240183203018909,-0.25170939376700524,1.5,2,2,2,2,5125.0,0,1,0,0,0,0,0,0,1
684,-0.9333050017229113,-0.13946034592415082,1.5,2,2,2,2,5214.0,0,0,0,0,0,0,1,0,1
685,-0.8376791554795183,0.4780512760725624,1.5,2,2,2,2,4316.0,0,0,0,0,0,1,0,1,0
686,-0.6282148375339197,0.5741928950602093,1.5,2,2,2,2,3747.0,1,0,0,0,0,0,0,1,0
687,-0.6646400884515458,-1.3904491599117699,1.5,2,2,2,2,5050.0,0,0,1,0,0,0,0,0,1
688,-0.7784840244878226,-1.1258050065589194,1.5,2,2,2,2,5100.0,0,0,0,1,0,0,0,0,1
689,-0.8513399906571459,-1.775456687957512,1.5,2,2,2,2,4531.0,0,0,0,0,1,0,0,0,1
690,-0.6965190134220574,-0.5483749609288868,1.5,2,2,2,2,1470.0,0,1,0,0,0,0,0,0,1
691,-1.1883090798166491,2.4029341611801667,1.5,2,2,2,2,2307.0,0,0,0,0,0,0,1,0,1
692,-1.3658999371258072,-0.5164051321602247,1.5,2,2,2,2,1745.0,0,0,0,0,0,1,0,1,0
693,-0.9970573873298634,-1.8556817427393166,1.5,2,2,2,2,2115.0,1,0,0,0,0,0,0,1,0
694,-1.1154476493132548,0.6063690639903472,1.5,2,2,2,2,4750.0,0,0,1,0,0,0,0,0,1
695,-1.0881259789579996,0.26151017286376566,1.5,2,2,2,2,3836.0,0,0,0,1,0,0,0,0,1
696,-1.1744460642783925,-0.9674905176665847,1.5,2,2,2,2,5062.0,0,0,0,0,1,0,0,0,1
697,-1.0790223983956286,-1.7032376314409698,1.5,2,2,1,2,5080.0,0,1,0,0,0,0,0,1,0
698,-1.0790223983956286,-1.6873313842432016,1.5,2,2,2,2,5306.0,0,0,0,0,0,0,1,0,1
699,-0.8103574851242632,-0.853268342029618,1.5,2,2,2,2,4240.0,0,0,0,0,0,1,0,1,0
700,-0.23660240766390675,-1.3905033242041573,1.0,2,1,2,2,3757.0,0,0,0,0,0,1,0,1,0
701,-0.10910310078407298,-0.21167940244069303,1.0,2,1,2,2,5679.0,0,0,0,1,0,0,0,0,1
702,-0.3140156284484863,1.7213668153052986,1.0,2,2,2,2,6055.0,0,0,0,1,0,0,0,0,1
703,-1.311256596415297,-0.20361923988304337,1.5,2,2,2,2,5398.0,0,0,0,0,0,0,1,0,1
704,-0.9560748817969806,-0.7730407079957947,1.5,2,2,2,2,5035.0,1,0,0,0,0,0,0,1,0
705,-0.6236575829186632,-1.1498823241511307,1.5,2,2,2,2,4659.0,0,0,0,0,1,0,0,0,1
706,-0.6099967477410356,-0.4200055879707332,1.5,2,2,2,2,4429.0,0,0,0,0,0,0,1,0,1
707,-0.32767646362611375,-0.0030308104083471383,1.5,2,3,2,2,2787.0,0,0,1,0,0,0,0,0,1
708,-0.7784840244878226,1.3604778728840636,1.5,2,3,2,2,4841.0,0,1,0,0,0,0,0,0,1
709,-1.0835741886768142,-0.3560143453930398,1.5,2,2,2,2,5219.0,0,0,0,0,0,1,0,1,0
710,-1.0926832335732561,-0.21167940244069303,1.5,2,2,2,2,5009.0,0,0,0,1,0,0,0,0,1
711,-1.170090990023765,-0.7649289603977758,1.5,2,1,2,2,5107.0,0,1,0,0,0,0,0,0,1
712,-0.9378567920040968,-1.0857750152326073,1.5,2,1,2,2,5182.0,0,0,0,0,0,0,1,0,1
713,-0.7283924740584979,-1.1580972418298874,1.5,2,1,2,2,4280.0,0,0,0,0,0,1,0,1,0
714,-0.559910661645782,-1.1901276830209833,1.5,2,1,2,2,3248.0,1,0,0,0,0,0,0,1,0
715,-0.4642848154023894,0.39799129341993833,1.5,2,1,2,2,4373.0,0,0,1,0,0,0,0,0,1
716,-0.8923224961900286,-0.08319396314170918,1.5,2,1,2,2,5124.0,0,0,0,1,0,0,0,0,1
717,-0.9059833313676562,-0.7490149754439521,1.5,2,1,2,2,4934.0,0,0,0,0,1,0,0,0,1
718,-0.924195956826469,2.370848266070674,1.5,2,1,2,2,3814.0,0,1,0,0,0,0,0,0,1
719,-1.2566132557047867,2.795947687491171,1.5,2,1,2,2,3402.0,0,0,0,0,0,0,1,0,1
720,-1.3658999371258072,-0.7410192941867636,1.0,2,1,2,2,1544.0,0,0,0,0,0,1,0,1,0
721,-1.4452912468441073,-1.4613089506145902,1.0,2,1,2,2,1379.0,1,0,0,0,0,0,0,1,0
722,-1.1174312025810462,-0.2813578957190643,1.0,2,1,2,2,746.0,0,0,1,0,0,0,0,0,1
723,-1.3795607723034344,1.624967271115807,1.0,2,1,2,2,573.0,0,0,0,1,0,0,0,0,1
724,-1.3203601769776678,2.0581139588338617,1.0,2,1,1,2,432.0,0,0,0,0,1,0,0,1,0
725,-1.3249174315929242,-0.4522978232417015,1.0,2,1,2,1,1867.0,0,1,0,0,0,0,0,0,1
726,-1.3249174315929242,-0.8532167569892489,1.0,2,1,2,2,2451.0,0,0,0,0,0,0,1,0,1
727,-1.311256596415297,2.066122536351142,1.0,2,1,2,2,1182.0,0,0,0,0,0,1,0,1,0
728,-1.5298299592573377,-0.4603579857993511,1.0,2,1,2,2,1432.0,1,0,0,0,0,0,0,1,0
