,temperatura,velocidad_viento,estacion,a√±o,mes,festivo,dia_semana,dia_laboral,tiempo,cliente_casual
1,-1.6362150792866297,0.7449651712016473,1,1,1.0,1,2.0,2,3,131.0
2,-1.6163467606042883,-0.3900733682966448,1,1,1.5,3,1.0,1,3,120.0
3,-1.469044707050966,-0.04698126480270011,1,1,3.0,3,1.0,1,4,108.0
4,-1.5925878360633585,-1.302236161628832,2,1,3.0,3,2.0,2,4,82.0
5,-1.6353517145034038,-0.2813578957190643,2,1,5.0,3,1.0,1,4,88.0
6,-1.8075984530910738,0.9834815016076204,2,1,4.0,3,1.0,1,4,148.0
7,-1.9533158497637915,2.210509064343858,3,1,4.0,3,2.0,2,3,68.0
8,-1.8850116738756535,0.4220170259717807,3,1,4.0,3,1.0,1,3,54.0
9,-1.7852438624064042,-0.8822462384568805,3,1,5.0,3,1.5,2,4,41.0
10,-1.7653755437240626,1.471256747076402,2,1,3.0,3,2.0,1,4,43.0
11,-1.8075984530910738,1.424482011721849,2,1,2.0,3,1.0,1,3,25.0
12,-1.8301661528045146,-0.8252963538895498,2,1,1.0,3,1.5,2,4,38.0
13,-1.4342041130139447,-0.42016034309184014,1,1,1.0,3,1.5,2,4,54.0
14,-1.4433076935763156,-0.02721129808129645,1,1,1.0,3,2.0,2,4,222.0
15,-1.7484033220993782,0.04480141827376978,1,1,1.0,1,2.0,2,3,251.0
16,-1.5252727046420809,-0.5644437010038175,1,1,1.0,3,1.0,1,4,117.0
17,-1.1126772319392317,0.22921793759279735,1,1,1.0,3,1.0,1,3,9.0
18,-1.2793776714447853,0.06913666106782605,1,1,1.0,3,1.0,1,3,78.0
19,-1.7392942772029363,2.098208431460635,1,1,1.0,3,1.0,1,3,83.0
20,-2.3861053154596163,-0.2395224279798385,1,1,1.0,3,1.5,2,3,75.0
21,-2.1817867609087265,0.7229254627040099,1,1,1.0,3,2.0,2,4,93.0
22,-2.1770349760005407,-0.415427415637988,1,1,1.0,3,2.0,1,4,150.0
23,-1.4880551252841527,-0.7834093011099554,1,1,1.0,3,1.0,1,4,86.0
24,-1.5207209143608955,1.3322737520623351,1,1,1.0,3,1.0,1,4,186.0
25,-1.6436684309595433,-0.9892207159220086,1,1,1.0,3,1.0,1,3,34.0
26,-1.5973418067051728,-0.8671834066691443,1,1,1.0,3,1.0,1,1,15.0
27,-1.6353517145034038,-0.5826274277338757,1,1,1.0,3,1.5,2,4,38.0
28,-1.5260650330823833,-1.503193424142166,1,1,1.0,3,2.0,2,3,123.0
29,-1.7210816517441232,-0.04321555685576597,1,1,1.0,3,2.0,1,4,140.0
30,-1.6591106390443335,-1.7710435877539479,1,1,1.0,3,1.0,1,4,42.0
31,-1.2884867163412272,0.9512924364173897,1,1,1.0,3,1.0,1,3,47.0
32,-1.6876180698930066,1.1246697570974602,1,1,1.0,3,1.0,1,3,72.0
33,-1.5545779282651278,-0.8086472821104684,1,1,1.5,3,1.0,1,3,61.0
34,-1.4342041130139447,-0.37997559664442093,1,1,3.0,3,1.0,1,4,88.0
35,-1.1473265742837664,-0.6286025949627101,2,1,3.0,3,2.0,1,3,100.0
36,-1.224734330734275,-1.871695028895851,2,1,5.0,3,1.0,1,3,354.0
37,-1.5025082889020824,2.210509064343858,2,1,4.0,3,1.5,2,4,120.0
38,-1.9727142357160226,-0.021975416483847317,3,1,4.0,3,2.0,1,4,64.0
39,-1.9204478803264193,0.4048392075289176,3,1,4.0,3,1.0,1,4,53.0
40,-1.6759571809853837,-1.0574032430296798,3,1,5.0,3,2.0,2,3,47.0
41,-1.4933992440056403,0.16538145013621092,2,1,3.0,3,1.0,1,4,149.0
42,-0.9796316259772817,0.9071227456014693,2,1,2.0,3,1.0,1,4,288.0
43,-0.4415149353283196,2.9321579865854064,2,1,1.0,3,2.0,2,4,397.0
44,-1.25522531485074,1.3003426120739499,1,1,1.5,3,1.0,1,4,208.0
45,-0.9701291490277241,0.7898699488428261,1,1,1.5,3,1.0,1,4,140.0
46,-0.32767646362611375,0.5101887562224238,1,1,1.5,3,1.0,1,4,218.0
47,0.1413491870284791,0.9592494288943018,1,1,1.5,3,1.0,1,4,259.0
48,-0.5280317366752706,4.087082559145932,1,1,1.5,3,1.5,2,4,579.0
49,-1.1506926040715337,0.42160434564882915,1,1,1.5,3,2.0,2,4,532.0
50,-1.0517007280403736,1.5127698083133219,1,1,1.5,1,2.0,2,4,639.0
51,-1.7134916917194332,0.06628658758744121,1,1,1.5,3,1.0,1,4,195.0
52,-1.4975576022337103,-1.2435865499813443,1,1,1.5,3,1.0,1,3,74.0
53,-1.0936722780401165,0.7731692920233757,1,1,1.5,3,1.0,1,4,139.0
54,-0.7182943846951957,2.011764800062352,1,1,1.5,3,1.0,1,4,100.0
55,-1.1655391997425795,-0.05122413437304698,1,1,1.5,3,1.5,2,3,120.0
56,-0.8323350367580303,-0.8420614920094613,1,1,1.5,3,2.0,2,3,424.0
57,-0.4837378446953309,1.2785737250382487,1,1,1.5,3,2.0,1,4,694.0
58,-1.2520560010895303,0.3337808144206768,1,1,1.5,3,1.0,1,4,81.0
59,-0.8786616610124011,1.5126021569321229,1,1,1.5,3,1.0,1,3,137.0
60,-1.6254558055007304,0.4540900248211809,1,1,1.0,3,1.0,1,4,231.0
61,-1.2793776714447853,0.1651106286742738,1,1,1.5,3,1.5,2,4,123.0
62,-0.6099967477410356,0.7909016496502052,1,1,3.0,3,1.5,2,4,214.0
63,-0.6517715817142207,1.9698261622423887,2,1,3.0,3,1.0,1,3,640.0
64,-1.2789842393916695,1.944871898963905,2,1,5.0,3,1.0,1,3,114.0
65,-1.1108958590320692,-0.9013584959135794,2,1,4.0,3,2.0,2,3,244.0
66,-1.0926832335732561,0.38181938326426973,3,1,4.0,3,1.0,1,4,316.0
67,-0.5830903667751804,0.9199416281331554,3,1,4.0,3,1.0,1,4,191.0
68,-0.9796316259772817,0.5471494376467827,3,1,5.0,1,2.0,2,3,46.0
69,-0.9105351216488416,0.3898795458219197,2,1,3.0,3,1.0,1,1,247.0
70,-0.6090077032741755,1.0324872899581312,2,1,2.0,3,1.5,2,3,724.0
71,-0.9321192412294931,-0.6914589666522863,2,1,1.0,3,2.0,1,4,982.0
72,-0.9748831196695384,-0.08039547470169298,1,1,3.0,3,1.0,1,4,359.0
73,-0.7135458783874525,0.162157385113151,1,1,3.0,3,1.0,1,4,289.0
74,-0.4415149353283196,0.245493017829204,1,1,3.0,3,1.0,1,3,321.0
75,0.24152682355305752,0.5219630416866385,1,1,3.0,3,1.0,1,3,424.0
76,-0.12731572624288637,2.2906851133373123,1,1,3.0,3,1.5,2,4,884.0
77,-0.8923224961900286,0.22153176657782245,1,1,3.0,3,2.0,2,4,1424.0
78,-0.35717293894164714,1.2669284021749565,1,1,3.0,3,2.0,1,4,1047.0
79,-0.29579753865560243,0.4540384397808119,1,1,3.0,3,1.0,1,4,401.0
80,-0.8133246185248441,0.563798509425864,2,1,3.0,3,1.0,1,3,460.0
81,-1.1518783645649517,0.6866482830645396,2,1,3.0,3,1.0,1,4,203.0
82,-1.2657168362671576,0.5181973337397044,2,1,3.0,3,1.0,1,3,166.0
83,-1.2566132557047867,0.245389847748466,2,1,3.0,3,1.5,2,3,300.0
84,-1.3265020884735292,-0.08051154104252312,2,1,3.0,3,2.0,2,4,981.0
85,-1.2647277918002975,0.27934570057133307,2,1,3.0,3,2.0,1,4,472.0
86,-1.056252518321559,0.4701071798557426,2,1,3.0,3,1.0,1,3,222.0
87,-1.0699133534991865,-0.22768366121516254,2,1,3.0,3,1.0,1,4,317.0
88,-1.2429524205271592,0.3495271479933014,2,1,3.0,3,1.0,1,4,168.0
89,-1.0699133534991865,0.8790733799008476,2,1,3.0,3,1.0,1,3,179.0
90,-0.9879483424334214,0.08515381610238773,2,1,3.0,3,1.5,2,1,307.0
91,-0.6418756727115472,-0.10742603585502748,1,1,1.0,3,1.0,1,3,898.0
92,0.423669471143401,2.5151316239826516,1,1,1.5,3,2.0,2,3,1651.0
93,-0.44606672560950505,2.5473206891728823,1,1,3.0,3,2.0,2,4,734.0
94,-0.5735714968234098,0.9352365926025515,2,1,3.0,3,1.0,1,4,167.0
95,-0.31856741872967176,-0.3640745079506894,2,1,5.0,3,1.0,1,3,413.0
96,-0.8741098707312156,0.47005559481537357,2,1,4.0,3,2.0,1,4,571.0
97,-0.8376791554795183,-0.7410192941867636,3,1,4.0,1,1.0,2,4,172.0
98,-0.37776254972136747,-0.5645468710845555,3,1,4.0,3,1.5,2,3,879.0
99,0.5456279432751885,1.727208821127083,3,1,5.0,3,1.0,1,3,1188.0
100,0.036614295888644205,1.0876188018524562,2,1,3.0,3,1.0,1,3,855.0
101,-0.455175770505947,0.7747297394945365,2,1,2.0,3,2.0,2,3,257.0
102,-0.1546373965981412,-1.0296762838313644,2,1,1.0,3,1.0,1,3,209.0
103,-0.2684758683003471,0.4620986023384619,2,1,3.0,3,1.0,1,3,529.0
104,-0.35499813398136904,1.9378563334737267,2,1,3.0,3,1.5,2,4,642.0
105,-0.2138325275898369,1.4566710769120792,2,1,3.0,3,2.0,2,4,121.0
106,0.0912576365991544,-0.3478897015349286,2,1,3.0,3,2.0,1,1,1558.0
107,0.054826921347457584,-0.4200571730111021,2,1,3.0,3,1.0,1,4,669.0
108,0.5420651974608633,0.6626354467727887,2,1,3.0,3,1.0,1,4,409.0
109,-0.20017169241220945,1.7373194890393995,2,1,3.0,3,1.0,1,3,613.0
110,-0.8695526161159589,0.37370763566625104,2,1,3.0,3,1.0,1,4,745.0
111,-0.19561990213102398,0.5181973337397044,2,1,3.0,3,1.5,2,4,177.0
112,0.46920923129154024,0.021046507183864197,2,1,3.0,3,2.0,2,3,1462.0
113,0.6058175830678154,-0.06718970436723967,2,1,3.0,3,2.0,1,3,1710.0
114,0.7424259348440911,1.7533366440739606,2,1,3.0,3,1.0,1,3,773.0
115,0.6786735492371391,1.5689201247549334,2,1,3.0,3,1.0,1,4,678.0
116,0.6650127140595111,1.6812207576381566,2,1,3.0,3,1.0,1,4,547.0
117,0.07759680142152696,0.6386226104810386,2,1,3.0,3,1.0,1,3,569.0
118,-0.12731572624288637,0.5742960651409473,2,1,3.0,3,1.5,2,3,878.0
119,-0.2411541979450922,-1.0857234301922383,2,1,3.0,3,2.0,2,4,1965.0
120,0.2916183739823822,-0.09142177708055797,2,1,3.0,3,2.0,1,4,1138.0
121,0.6604609237783257,1.9618304809852,1,1,1.0,3,1.0,1,3,847.0
122,-0.44606672560950505,1.7855257092641914,1,1,1.5,3,2.0,1,3,603.0
123,-0.20017169241220945,1.352159785124569,1,1,3.0,3,2.0,1,3,255.0
124,-0.09088501099118908,0.4862275049710422,2,1,3.0,3,1.0,1,3,614.0
125,0.13224014213203714,-0.38808734424243996,2,1,5.0,3,1.5,2,4,894.0
126,0.1777744379461054,-1.4947476634077586,2,1,4.0,3,1.0,1,4,1612.0
127,0.20054431802017478,-0.1875504998081127,3,1,4.0,3,1.0,1,4,1401.0
128,0.20054431802017478,-0.965568974912841,3,1,4.0,3,2.0,2,4,664.0
129,0.25518765873068494,-0.9014616659943174,3,1,5.0,3,1.0,1,4,694.0
130,0.2142051531978022,-0.011297313127472751,2,1,3.0,3,1.0,1,4,550.0
131,0.0912576365991544,-0.13951193096451983,2,1,2.0,3,2.0,1,4,695.0
132,0.13679193241322263,-0.7169419765945518,2,1,1.0,3,1.0,1,4,692.0
133,0.3644743401517053,-0.48443530339156243,2,1,5.0,3,2.0,2,3,902.0
134,0.44643935121747036,-0.8211308618797566,2,1,5.0,3,2.0,1,3,1582.0
135,0.35992254987051986,1.119537045580749,2,1,5.0,3,1.0,1,3,773.0
136,0.29617016426356774,0.1412009624632616,2,1,5.0,3,1.0,1,4,678.0
137,0.19143527312373282,-1.0617492826807646,2,1,5.0,3,1.0,1,3,536.0
138,0.2233141980942446,-0.8450921131311379,2,1,5.0,3,1.0,1,3,735.0
139,0.5830477029937461,-0.9013584959135794,2,1,5.0,3,1.5,2,3,909.0
140,0.592156747890188,-0.5485426123100859,2,1,5.0,3,2.0,2,4,2258.0
141,0.7424259348440911,0.5583949764472157,2,1,5.0,3,2.0,1,4,1576.0
142,0.8972469120791793,0.2134200189798038,2,1,5.0,3,1.0,1,4,836.0
143,0.9017987023603647,-0.46826339323589417,2,1,5.0,3,1.0,1,3,659.0
144,1.1613545707352884,0.11734288129261805,2,1,5.0,3,1.0,1,3,740.0
145,1.0156426383966417,0.6465667066978581,2,1,5.0,3,1.0,1,4,758.0
146,0.87447703200511,0.5100340011013168,2,1,5.0,3,1.5,2,4,871.0
147,0.938229417612062,0.3017078155712766,2,1,5.0,3,2.0,2,4,2001.0
148,1.2979629225115634,-0.7649805454381448,2,1,5.0,1,2.0,2,4,2355.0
149,1.5256453302500461,-1.0215645362333456,2,1,5.0,3,1.0,1,4,1549.0
150,1.4664501992583505,0.2134200189798038,2,1,5.0,3,1.0,1,4,673.0
151,1.1977852859869855,1.3121168975381643,2,1,5.0,3,1.0,1,4,513.0
152,0.6786735492371391,0.8070219747655045,1,1,1.0,3,1.5,2,3,736.0
153,0.7606385603029041,-0.8692210157637181,1,1,1.5,3,1.0,1,4,898.0
154,0.8334945264722272,-0.6686841713293913,1,1,3.0,3,1.0,1,4,1869.0
155,0.9974245486037577,-0.8852897558386488,2,1,3.0,3,1.0,1,4,1685.0
156,1.1568027804541028,-0.03527146063894645,2,1,5.0,3,2.0,2,3,673.0
157,1.5301971205312317,-0.6928646590023405,2,1,4.0,3,1.0,1,4,763.0
158,1.7077879778403897,-0.5243621246371367,3,1,4.0,3,1.0,1,4,676.0
159,1.4163586488290258,-0.6446713350376407,3,1,4.0,3,2.0,1,4,563.0
160,1.2524286266974958,-0.4603064007589821,3,1,5.0,3,1.0,1,3,815.0
161,1.0748377693883373,-0.3478897015349286,2,1,3.0,3,1.5,2,4,1729.0
162,0.7606385603029041,1.4805807431230913,2,1,2.0,3,1.0,1,4,1467.0
163,0.592156747890188,1.0154513303762827,2,1,1.0,3,1.0,1,4,863.0
164,0.7151042644888358,-0.2918554514341472,2,1,4.0,3,1.0,1,4,727.0
165,0.7242078450512068,0.20541144146252313,2,1,4.0,3,1.0,1,4,769.0
166,0.8380517810874837,-0.6127530913093475,2,1,4.0,3,1.0,1,4,545.0
167,1.0976076494624072,-0.9173756509481411,2,1,4.0,3,1.5,2,3,863.0
168,1.1112684846400345,-1.14187374663385,2,1,4.0,3,2.0,2,4,1807.0
169,0.7606385603029041,-0.4522462382013325,2,1,4.0,3,2.0,1,4,1639.0
170,1.0110853837813851,-0.25170939376700524,2,1,4.0,3,1.0,1,3,699.0
171,1.2979629225115634,-0.2357567200329047,2,1,4.0,3,1.0,1,3,774.0
172,1.2706412521563086,0.6223862190249088,3,1,4.0,3,1.0,1,3,661.0
173,1.2478768364163102,0.405999870937219,3,1,4.0,3,1.0,1,4,746.0
174,1.0884986045659653,0.245389847748466,3,1,4.0,3,1.5,2,3,969.0
175,1.0065335935001998,-1.238166251864576,3,1,4.0,3,2.0,2,4,1782.0
176,1.0201944286778275,-1.0698094452384146,3,1,4.0,3,2.0,1,4,1920.0
177,1.3571635178373302,-0.5965811811536789,3,1,4.0,3,1.0,1,4,854.0
178,1.2706412521563086,0.9192194375679903,3,1,4.0,3,1.0,1,3,732.0
179,1.0976076494624072,-0.06746052582917678,3,1,4.0,3,1.0,1,4,848.0
180,1.2387677915198678,-1.134032820497768,3,1,4.0,3,1.0,1,4,1027.0
181,1.3252845928668189,-0.973422797309015,3,1,4.0,3,1.5,2,4,1246.0
182,1.2068943308834275,0.49412001614749307,1,1,1.0,3,2.0,2,4,2204.0
183,1.2615376715939377,-1.406515320734682,1,1,1.5,3,1.0,1,4,2282.0
184,1.370824353014958,-0.8290362693162993,1,1,3.0,3,1.0,1,3,3065.0
185,1.2251069563422405,-0.5243621246371367,2,1,3.0,3,1.5,2,3,1031.0
186,1.389036978473771,-0.4042076693577396,2,1,5.0,3,2.0,1,4,784.0
187,1.1659118253505447,0.4460298622635312,2,1,4.0,3,1.0,1,4,754.0
188,1.2979629225115634,-0.2918554514341472,3,1,4.0,3,1.5,2,4,692.0
189,1.3753761432961435,-0.09120254065898985,3,1,4.0,3,1.0,1,3,1988.0
190,1.4573411543619086,1.1837991096203793,3,1,5.0,3,1.0,1,4,1743.0
191,1.6303802213898817,0.12523539246906892,2,1,3.0,3,2.0,2,4,723.0
192,1.370824353014958,-0.5727230999830356,2,1,2.0,3,1.0,1,4,662.0
193,1.0110853837813851,0.6464119515767515,2,1,1.0,3,1.0,1,4,748.0
194,0.9154595375379927,-0.09943035459783897,3,1,4.0,3,1.0,1,4,888.0
195,1.042964308751897,0.22954034409510346,3,1,4.0,3,1.5,2,4,1318.0
196,1.220555166061055,0.7027170231394703,3,1,4.0,3,2.0,2,4,2418.0
197,1.370824353014958,0.3257722369033962,3,1,4.0,3,2.0,1,4,2006.0
198,1.5347543751464887,-0.7730407079957947,3,1,4.0,3,1.0,1,4,841.0
199,1.4892146149983494,-0.9894786411238533,3,1,4.0,3,1.0,1,4,752.0
200,1.7442186930920869,0.40594828589685,3,1,4.0,3,1.0,1,4,644.0
201,1.9263613406824305,-0.7408000577651954,3,1,4.0,3,1.0,1,4,632.0
202,1.9309185952976868,-0.7650321304785137,3,1,4.0,3,1.5,2,3,562.0
203,1.8261837041578526,-0.27561905997801744,3,1,4.0,3,2.0,2,4,987.0
204,1.3526062632220737,-1.2862048207081687,3,1,4.0,3,2.0,1,4,1050.0
205,1.5074327047912333,0.1252869775094379,3,1,4.0,3,1.0,1,4,568.0
206,1.5256453302500461,-0.09130571073972783,3,1,4.0,3,1.0,1,4,750.0
207,1.548415210324116,-0.1555806710394505,3,1,4.0,3,1.0,1,4,755.0
208,1.8717179999719207,-0.2115633360998629,3,1,4.0,3,1.0,1,4,606.0
209,1.6850235621003913,-0.2837952888764976,3,1,4.0,3,1.5,2,4,670.0
210,1.6941271426627622,-0.33182096145999795,3,1,4.0,3,2.0,2,4,1559.0
211,1.5074327047912333,-0.4362290831667708,3,1,4.0,3,2.0,1,4,1524.0
212,1.5711796260641144,0.19740286394524212,3,1,4.0,3,1.0,1,4,729.0
213,1.2888593419491925,-0.7087786439561643,1,1,1.0,3,2.0,1,4,801.0
214,1.1704636156317303,0.08520540114275672,1,1,1.5,3,1.0,1,4,467.0
215,1.1750154059129156,-0.0754046220459963,1,1,3.0,3,1.0,1,3,799.0
216,1.2068943308834275,0.4862790900114112,2,1,3.0,3,2.0,2,3,1023.0
217,1.3480544729408883,0.14113648116280048,2,1,5.0,3,1.0,1,4,1521.0
218,1.471001989539536,0.021046507183864197,2,1,4.0,3,1.0,1,3,1298.0
219,1.5256453302500461,-0.508396554642944,3,1,4.0,3,2.0,2,4,846.0
220,1.4801110344359785,0.1252869775094379,3,1,4.0,3,1.0,1,4,907.0
221,1.211446121164613,-0.3320401978815661,3,1,5.0,3,1.5,2,4,884.0
222,1.1613545707352884,-0.837251186995056,2,1,3.0,1,2.0,2,4,812.0
223,1.0384070541366406,0.2696735055021533,2,1,2.0,3,1.0,1,4,1051.0
224,0.9883209680413868,0.4138407970733009,2,1,1.0,3,1.5,2,4,1504.0
225,0.9291203727156201,0.23743285527155397,3,1,4.0,3,2.0,1,3,1338.0
226,1.1203720652024056,0.5904679752966155,3,1,4.0,3,1.0,1,3,775.0
227,1.2433195818010534,-0.6045252773704987,3,1,4.0,3,1.0,1,4,721.0
228,1.1795726605281722,0.5502187475487356,3,1,4.0,3,1.0,1,4,668.0
229,1.033855263855455,-0.6607400751125714,3,1,4.0,3,1.0,1,4,639.0
230,1.1021594397435925,-1.1100586729862945,3,1,4.0,3,1.5,2,4,797.0
231,1.1750154059129156,0.7507040069426939,3,1,4.0,3,2.0,2,3,1914.0
232,1.0702859791071517,1.1117477044850361,3,1,4.0,3,2.0,1,4,1249.0
233,0.7925120209393444,-0.5645984561249245,3,1,4.0,3,1.0,1,4,833.0
234,0.9701028782485028,0.8068543233843054,3,1,4.0,3,1.0,1,4,1281.0
235,1.0293034735742694,0.2616649279848726,3,1,4.0,3,1.0,1,4,949.0
236,1.11582027492122,-1.3744900380476233,3,1,4.0,3,1.0,1,4,435.0
237,1.0065335935001998,2.386762251024498,3,1,4.0,3,1.5,2,3,768.0
238,1.1543930091287695,1.4716694273993538,3,1,4.0,3,2.0,2,4,226.0
239,0.769747605199346,-0.3961475068000896,3,1,4.0,3,2.0,1,3,1415.0
240,0.7834084403769734,-0.845156594431599,3,1,4.0,3,1.0,1,4,729.0
241,0.8790342866203664,-1.3826043648976605,3,1,4.0,3,1.0,1,4,775.0
242,0.8699252417239245,-0.628654180003079,3,1,4.0,3,1.0,1,4,688.0
243,0.8061728561169723,-0.6527314975952907,3,1,4.0,3,1.0,1,4,783.0
244,0.9473384625085041,-0.06729287444797764,1,1,1.0,3,1.0,1,4,875.0
245,1.1659118253505447,0.20535985642215415,1,1,1.5,3,1.0,1,3,1935.0
246,0.9701028782485028,0.285690660536715,1,1,3.0,3,1.0,1,4,2521.0
247,0.24152682355305752,1.9782861088628976,2,1,3.0,3,2.0,1,4,1236.0
248,0.5648350775349331,-1.2060868048851299,2,1,5.0,3,1.0,1,3,204.0
249,0.7546988291676715,0.02843606421671768,2,1,4.0,3,1.5,2,1,118.0
250,0.8426035713686691,-0.853268342029618,3,1,4.0,3,2.0,1,1,153.0
251,0.8972469120791793,-0.4763235557935438,3,1,4.0,3,1.0,1,1,417.0
252,0.8608161968274824,-0.9735259673897528,3,1,5.0,3,2.0,2,3,1750.0
253,0.8117191551990891,-1.3106471024609907,2,1,3.0,3,1.0,1,4,1633.0
254,0.8471553616498546,-0.628551009922341,2,1,2.0,3,1.0,1,4,690.0
255,0.9701028782485028,-0.2997479626105981,2,1,1.0,3,2.0,2,4,701.0
256,0.44643935121747036,1.0394770629281254,3,1,5.0,3,1.0,1,4,647.0
257,-0.14552835170169928,-0.3399456053181091,3,1,5.0,3,1.0,1,4,428.0
258,-0.022580835103051467,-0.011194143046734772,3,1,5.0,3,1.5,2,3,742.0
259,0.06393596624389954,-0.1555290859990815,3,1,5.0,3,2.0,2,3,1434.0
260,0.2916183739823822,-0.500387977125663,3,1,5.0,3,2.0,1,3,1353.0
261,0.35992254987051986,-0.7168903915541829,3,1,5.0,3,1.0,1,4,691.0
262,0.5420651974608633,-1.214038638858005,3,1,5.0,3,1.0,1,3,438.0
263,0.7242078450512068,-0.8049589517240879,3,1,5.0,3,1.0,1,3,539.0
264,0.6194784182454434,-1.4466549302717782,2,1,5.0,3,1.0,1,3,555.0
265,0.6058175830678154,-1.446440852354247,2,1,5.0,3,1.5,2,3,258.0
266,0.7560867700217185,-1.8075890096033367,2,1,5.0,3,2.0,2,3,1776.0
267,0.8380517810874837,-1.0296762838313644,2,1,5.0,3,2.0,1,3,1544.0
268,0.769747605199346,-0.9333283246822418,2,1,5.0,3,1.0,1,3,684.0
269,0.7606385603029041,-0.5405340347928053,2,1,5.0,3,1.0,1,3,477.0
270,0.6604609237783257,-0.2277481425156237,2,1,5.0,3,1.0,1,3,480.0
271,0.37358338504814725,0.20546302650289178,2,1,5.0,3,1.0,1,3,653.0
272,-0.46883660568357494,1.3122329638789947,2,1,5.0,3,1.5,2,4,830.0
273,-0.7602659346949385,0.4058451158161124,2,1,5.0,3,2.0,2,4,480.0
274,-0.6099967477410356,-1.3824431616465076,1,1,1.0,3,1.0,1,3,616.0
275,-0.06356334063593375,0.1974544489856111,1,1,1.5,3,1.5,2,3,330.0
276,0.2324177786566156,-0.17143017469281305,1,1,3.0,3,1.5,2,3,486.0
277,-0.008919999925424037,-0.7168903915541829,2,1,3.0,3,1.0,1,4,559.0
278,0.08214859170271244,-2.1685230889348945,2,1,5.0,3,1.0,1,4,639.0
279,0.1413491870284791,-1.8717479035622289,2,1,4.0,3,2.0,2,4,949.0
280,0.246078613834243,-1.6390245731896902,3,1,4.0,3,1.0,1,4,2235.0
281,0.4100086359657736,-1.911726309848172,3,1,4.0,3,1.0,1,4,2397.0
282,0.3872442202257747,-0.6125854399281484,3,1,5.0,3,2.0,1,4,1514.0
283,0.25973944901187046,0.742914665846981,2,1,3.0,3,1.0,1,4,667.0
284,0.510191736824423,-0.6287702463439092,2,1,2.0,3,1.5,2,3,217.0
285,0.3007219545447532,0.42996112218860055,2,1,1.0,3,2.0,1,1,290.0
286,0.05938417596271405,0.8710132173431983,2,1,3.0,3,1.5,2,3,529.0
287,0.0867058463179689,1.175803428363191,2,1,3.0,3,2.0,2,3,1899.0
288,0.2096533629166167,-0.19555907732539338,2,1,3.0,3,2.0,1,4,1748.0
289,0.20054431802017478,-1.0375816912679074,2,1,3.0,3,1.0,1,4,713.0
290,0.25102930050261524,0.6808707585432157,2,1,3.0,3,1.0,1,4,637.0
291,-0.10910310078407298,2.9884759544082176,2,1,3.0,3,1.0,1,3,254.0
292,-0.37321075944018195,0.3978881233392004,2,1,3.0,3,1.0,1,1,471.0
293,-0.40053242979543685,-1.2622384109527505,2,1,3.0,3,1.5,2,4,676.0
294,-0.4050842200766223,-1.173953193613296,2,1,3.0,3,2.0,2,4,1499.0
295,-0.17740727667221107,-0.925319747164961,2,1,3.0,3,2.0,1,4,1619.0
296,-0.13186751652407183,-0.30802736158981586,2,1,3.0,3,1.0,1,4,699.0
297,-0.06356334063593375,-0.5403663834116061,2,1,3.0,3,1.0,1,4,695.0
298,-0.1409765614205138,0.09311080857929975,2,1,3.0,3,1.0,1,4,404.0
299,-0.9014315410864707,0.5021285936647737,2,1,3.0,3,1.0,1,3,240.0
300,-1.3203601769776678,2.0740795288280545,2,1,3.0,3,1.5,2,3,456.0
301,-0.9651784623593519,-0.1795935073312007,2,1,3.0,3,2.0,2,3,57.0
302,-0.8513399906571459,-1.0857750152326073,2,1,3.0,3,2.0,1,1,885.0
303,-0.5189281561128997,-0.7089333990772713,2,1,3.0,3,1.0,1,4,362.0
304,-0.6464274629927329,-1.3986163614281852,2,1,3.0,3,1.0,1,4,410.0
305,-0.47794565058001687,-0.6928646590023405,1,1,1.0,3,1.0,1,4,370.0
306,-0.5052673209352717,1.0476403955665126,1,1,1.5,3,2.0,2,4,318.0
307,-0.924195956826469,-0.019099550483277807,1,1,3.0,3,2.0,2,4,470.0
308,-0.8058056948430777,-1.2701373702592473,2,1,3.0,3,1.0,1,3,1156.0
309,-0.5508016167493399,-1.719303792263882,2,1,5.0,3,1.0,1,4,952.0
310,-0.47794565058001687,-1.566966719924301,2,1,4.0,3,2.0,1,4,373.0
311,-0.5234799463940851,-1.655199062597377,3,1,4.0,3,1.0,1,4,376.0
312,-0.6327666278151053,-0.019035069182816656,3,1,4.0,3,1.5,2,4,305.0
313,-0.9378567920040968,1.6008383684832264,3,1,5.0,3,1.0,1,4,190.0
314,-0.7602659346949385,0.2775144316382352,2,1,3.0,3,1.0,1,3,440.0
315,-0.30035479327085884,1.1758550134035597,2,1,2.0,3,2.0,2,4,1275.0
316,0.18688348284254733,1.496649483198022,2,1,1.0,3,1.0,1,4,1004.0
317,0.18688348284254733,0.11722681495178791,2,1,2.0,3,1.0,1,4,595.0
318,-0.2138325275898369,-0.6927099038812335,2,1,2.0,3,1.0,1,4,449.0
319,-0.8422309457607038,1.4807354982441987,2,1,2.0,3,1.0,1,3,145.0
320,-1.2110734955566476,-0.2838468739168666,2,1,2.0,3,1.0,1,1,139.0
321,-0.9105351216488416,0.4378665296251436,2,1,2.0,3,1.5,2,3,245.0
322,-0.17740727667221107,-0.059232711890327645,2,1,2.0,3,2.0,2,4,943.0
323,-0.26392407801916157,-0.67691198526824,2,1,2.0,3,2.0,1,4,787.0
324,-0.43240589043187766,-0.925319747164961,2,1,2.0,3,1.0,1,3,220.0
325,-0.30035479327085884,1.8735942694340957,2,1,2.0,3,1.0,1,1,69.0
326,-0.6691973430668022,-0.2996963775702291,2,1,2.0,1,1.0,2,1,112.0
327,-0.6600882981703603,-1.1819063172121802,2,1,2.0,3,1.0,1,3,560.0
328,-0.6555365078891748,-1.574919843523185,2,1,2.0,3,1.5,2,4,1095.0
329,-0.20017169241220945,0.23743285527155397,2,1,2.0,3,2.0,2,4,1249.0
330,0.04195841461013215,-0.624449999213009,2,1,2.0,3,2.0,1,4,810.0
331,-0.2047289470274659,0.8711292836840281,2,1,2.0,3,1.0,1,4,253.0
332,-0.9333050017229113,1.0396318180492319,2,1,2.0,3,1.0,1,4,96.0
333,-1.001609177611049,0.3819225533450077,2,1,2.0,3,1.0,1,3,188.0
334,-0.9925001327146069,-1.1579424867087806,2,1,2.0,3,1.0,1,4,182.0
335,-1.074465143780372,-1.2220459267492765,1,1,1.0,3,1.0,1,4,268.0
336,-0.9014315410864707,-1.3745442023400107,1,1,1.5,3,2.0,1,4,706.0
337,-0.6008931671786647,-1.655037859346224,1,1,3.0,3,2.0,1,4,634.0
338,-0.18195906695339656,0.5421585849910859,2,1,3.0,3,1.0,1,4,233.0
339,-0.46883660568357494,0.9753697540096018,2,1,5.0,3,1.5,2,3,126.0
340,-1.2566132557047867,0.6385581291805774,2,1,4.0,3,1.0,1,1,50.0
341,-1.1200049039285112,-1.3905561988705355,3,1,4.0,3,1.0,1,1,150.0
342,-1.206521705275462,0.5503863989299347,3,1,4.0,3,2.0,2,4,261.0
343,-1.5025082889020824,-1.5991532058625124,3,1,5.0,3,1.0,1,4,502.0
344,-1.4068824426586897,-1.6390245731896902,2,1,3.0,3,1.0,1,4,377.0
345,-1.1655391997425795,-0.6447229200780097,2,1,2.0,1,2.0,2,4,143.0
346,-0.9742875072557938,-1.6711581844615238,2,1,1.0,3,1.0,1,4,155.0
347,-0.40053242979543685,0.9994470716018131,2,1,1.0,3,1.0,1,4,178.0
348,-0.6600882981703603,0.9031506974930595,2,1,1.0,3,1.0,1,3,181.0
349,-1.2975957612376692,0.6786526018073508,2,1,1.0,3,1.5,2,3,178.0
350,-1.4068824426586897,-0.2677781338419359,2,1,1.0,3,2.0,2,3,275.0
351,-1.19741266037902,-0.22758049113442455,2,1,1.0,3,2.0,1,3,220.0
352,-0.6008931671786647,-1.6632592251550267,2,1,1.0,3,1.0,1,4,260.0
353,-0.3686589691589965,0.3979397083795694,2,1,1.0,3,1.0,1,4,216.0
354,-0.39598063951425133,-1.8476215801816671,2,1,1.0,3,1.0,1,3,107.0
355,-0.6691973430668022,1.079455469214068,1,1,1.0,3,1.0,1,3,227.0
356,-1.056252518321559,-0.0030823954487161275,1,1,1.0,3,1.5,2,3,163.0
357,-1.2077074657688802,-0.45719840207675233,1,1,1.0,3,2.0,2,4,155.0
358,-0.9511241951286085,0.6309106469458794,1,1,1.0,3,2.0,1,4,303.0
359,-0.9333050017229113,-0.026992061659728332,1,1,1.0,1,1.0,2,4,430.0
360,-1.0746673241410012,1.3337052369325737,1,1,1.0,3,1.0,1,4,103.0
361,-1.3522391019481794,-0.9173240659077725,1,1,1.0,3,1.0,1,3,255.0
362,-1.0061609678922343,-0.7248473840310949,1,1,1.0,3,1.0,1,4,254.0
363,-0.46883660568357494,0.3818709683046387,1,1,1.0,3,1.5,2,4,491.0
364,-0.6874099685256154,0.02094333710312656,1,1,1.0,3,2.0,2,4,665.0
365,-1.217215407052509,1.7941533072658993,1,1,1.0,3,2.0,1,4,686.0
366,-1.889563464156839,2.2584960481470815,1,2,1.0,1,1.0,2,4,244.0
367,-2.1217976621765073,-0.0753530370056273,1,2,1.5,3,1.0,1,4,89.0
368,-1.2566132557047867,-0.7809461154323375,1,2,3.0,3,1.0,1,4,95.0
369,-0.8832134512935865,-0.2919070364745162,2,2,3.0,3,2.0,1,3,140.0
370,-0.559910661645782,-0.2035676548426744,2,2,5.0,3,1.0,1,4,307.0
371,-0.8650008258347734,0.01288317454547656,2,2,4.0,3,1.5,2,4,1070.0
372,-1.4842901991091983,-1.181852152919793,3,2,4.0,3,2.0,1,4,599.0
373,-1.0223955044173272,-0.03857290322255969,3,2,4.0,3,1.0,1,4,106.0
374,-1.2110734955566476,-0.7650321304785137,3,2,5.0,3,2.0,2,3,173.0
375,-0.6191057926374778,-0.12349477592995815,2,2,3.0,3,1.0,1,4,92.0
376,-1.2110734955566476,2.4188868349142667,2,2,2.0,3,1.0,1,3,269.0
377,-1.7256334420253088,-0.04333162319659611,2,2,1.0,3,2.0,2,3,174.0
378,-1.7984894081946319,0.7829962422136618,1,2,1.0,3,2.0,2,4,333.0
379,-1.6709901013147985,0.5263606663780921,1,2,1.0,3,2.0,1,4,284.0
380,-0.6707819999474072,2.045179009961345,1,2,1.0,3,1.0,1,4,217.0
381,-1.0517007280403736,2.900188157816744,1,2,1.0,3,1.0,1,4,127.0
382,-1.6709901013147985,0.3819225533450077,1,2,1.0,3,1.0,1,3,109.0
383,-1.5207209143608955,0.15742445765929924,1,2,1.0,3,1.0,1,4,130.0
384,-1.7620641572770057,0.413956863414131,1,2,1.0,3,1.5,2,4,115.0
385,-1.8212592882687015,0.11729129625224907,1,2,1.0,3,2.0,2,3,67.0
386,-1.51616912407971,-1.0295731137506265,1,2,1.0,1,2.0,2,3,196.0
387,-0.8376791554795183,-0.8611608532060685,1,2,1.0,3,1.0,1,3,145.0
388,-1.101786814135627,-0.38007876672515895,1,2,1.0,3,1.0,1,3,439.0
389,-0.8422309457607038,-1.5107609495642924,1,2,1.0,3,1.0,1,4,467.0
390,-0.3868715946178094,1.9618304809852,1,2,1.0,3,1.0,1,4,244.0
391,-0.9833965521522358,0.2616133429445036,1,2,1.0,3,1.5,2,3,269.0
392,-1.1655391997425795,0.6384549590998395,1,2,1.0,3,2.0,2,3,775.0
393,-1.2383951659119026,0.3256174817822892,1,2,1.0,3,2.0,1,4,558.0
394,-0.578123287104595,0.9191678525276209,1,2,1.0,3,1.0,1,4,126.0
395,-0.14552835170169928,-0.019035069182816656,1,2,1.0,3,1.0,1,4,324.0
396,-0.5280317366752706,-0.043280038156227114,1,2,1.0,3,1.0,1,4,304.0
397,-0.9970573873298634,-0.15536143461788238,1,2,1.0,3,1.0,1,4,190.0
398,-1.2657168362671576,-0.8852897558386488,1,2,1.5,3,1.5,2,3,310.0
399,-1.2566132557047867,-0.18760208484848168,1,2,3.0,3,1.5,2,4,384.0
400,-1.164943587328835,-0.4738474738558337,2,2,3.0,3,1.0,1,3,318.0
401,-0.7739267698725661,-0.556654359908105,2,2,5.0,3,1.0,1,3,206.0
402,-1.3066993418000403,-0.7327914802479144,2,2,4.0,3,2.0,2,4,199.0
403,-1.2611650459859722,0.04505934347561472,3,2,4.0,3,1.0,1,4,109.0
404,-1.1746482446390214,-0.9493454797168035,3,2,4.0,3,1.0,1,3,163.0
405,-1.4842901991091983,1.2799923136483955,3,2,5.0,1,2.0,2,4,227.0
406,-2.0125109807554873,2.8200121088232906,2,2,3.0,3,1.0,1,3,192.0
407,-1.4933992440056403,-0.29996719903216623,2,2,2.0,3,1.5,2,1,73.0
408,-0.9651784623593519,-0.6366111724799911,2,2,1.0,3,2.0,1,4,94.0
409,-0.8058056948430777,-0.11533144329157051,1,2,1.5,3,1.0,1,4,135.0
410,-0.9788392975369793,-1.2782516971092845,1,2,1.5,3,1.0,1,3,141.0
411,-0.8331273651983329,0.19735127890487314,1,2,1.5,3,1.0,1,4,74.0
412,-0.8149092754054487,0.00497776710893353,1,2,1.5,3,1.5,2,3,349.0
413,-1.179200034920207,0.8069059084246747,1,2,1.5,3,2.0,2,4,1435.0
414,-1.179200034920207,0.4970216746682469,1,2,1.5,3,2.0,1,4,618.0
415,-1.1364361564801617,0.19568766135297436,1,2,1.5,3,1.0,1,3,502.0
416,-0.5462498264681545,0.5665067240452344,1,2,1.5,3,1.0,1,4,163.0
417,-0.22749336276746432,0.0047714269474579156,1,2,1.5,3,1.0,1,4,394.0
418,-0.48249744086120233,0.6064335452908083,1,2,1.5,3,1.0,1,4,516.0
419,-1.1200049039285112,2.98031262176983,1,2,1.5,3,1.5,2,4,246.0
420,-1.1837518252013923,0.18939428642796147,1,2,1.5,3,2.0,2,3,317.0
421,-0.7056225939844286,0.9993310052609826,1,2,1.5,3,2.0,1,4,515.0
422,-0.7466050995173111,0.03706366221842622,1,2,1.5,3,1.0,1,4,253.0
423,-0.05445976007356279,0.4699911135149124,1,2,1.5,3,1.0,1,4,229.0
424,-0.7784840244878226,-0.5885726036363982,1,2,1.5,3,1.0,1,4,325.0
425,-0.44606672560950505,-0.37997559664442093,1,2,1.0,3,1.0,1,4,246.0
426,-0.9287532114417258,1.8574223592784278,1,2,1.5,3,2.0,2,3,956.0
427,-1.3795607723034344,0.49412001614749307,1,2,3.0,3,2.0,2,3,710.0
428,-1.2975957612376692,0.1332439699863496,2,2,3.0,3,1.0,1,4,203.0
429,-0.5007100663200152,2.00196364239225,2,2,5.0,3,1.0,1,4,221.0
430,0.1732226476649199,3.2372190190673362,2,2,4.0,3,2.0,1,4,432.0
431,-0.4642848154023894,2.8920764102187255,3,2,4.0,3,1.0,1,4,486.0
432,-1.1382175293873245,0.4540384397808119,3,2,4.0,3,1.5,2,4,447.0
433,-0.7325508322865679,0.4132475691090577,3,2,5.0,3,1.0,1,3,968.0
434,-0.1591891868793267,0.2214285964970848,2,2,3.0,3,1.0,1,4,1658.0
435,0.3781351753293328,0.5984765528138966,2,2,2.0,3,2.0,2,4,838.0
436,0.4191176808622155,-0.973422797309015,2,2,1.0,3,1.0,1,4,762.0
437,0.3371526697964505,-0.5243621246371367,1,2,3.0,3,1.0,1,4,997.0
438,-0.32767646362611375,-0.9975388036815032,1,2,3.0,3,1.0,1,4,1005.0
439,0.10036668149559634,-1.0296246987909956,1,2,3.0,3,1.0,1,4,548.0
440,-0.12731572624288637,-0.8209761067586496,1,2,3.0,3,1.5,2,3,3155.0
441,0.2688484939083124,-0.36401002665022825,1,2,3.0,3,2.0,2,3,2207.0
442,0.3553652952552634,-0.8933499183962988,1,2,3.0,3,2.0,1,3,982.0
443,0.1959925277389893,-1.3023251458234684,1,2,3.0,3,1.0,1,4,1051.0
444,0.31894004433763706,-0.9411821470784157,1,2,3.0,3,1.0,1,4,1122.0
445,0.5784959127125606,-0.9574572273148223,2,2,3.0,3,1.0,1,3,1334.0
446,0.036614295888644205,0.028887433319946077,2,2,3.0,3,1.0,1,4,2469.0
447,-0.31856741872967176,0.3898795458219197,2,2,3.0,3,1.5,2,3,1033.0
448,-0.27303312291560355,2.531251949097952,2,2,3.0,3,2.0,2,3,1532.0
449,-0.9424140466193532,-0.04321555685576597,2,2,3.0,3,2.0,1,3,795.0
450,-0.06356334063593375,1.3041728013213447,2,2,3.0,3,1.0,1,4,531.0
451,-0.008919999925424037,1.6649972624421192,2,2,3.0,3,1.0,1,4,674.0
452,-0.6874099685256154,-0.6767443338870409,2,2,3.0,3,1.0,1,4,834.0
453,-0.39142338489899486,0.7747297394945365,2,2,3.0,3,1.0,1,4,796.0
454,-0.38231980433662394,-0.23569223873244355,2,2,3.0,3,1.5,2,3,2301.0
455,-0.33816798504253176,1.5681334528893065,2,2,3.0,3,2.0,2,3,2347.0
456,-0.1591891868793267,-1.1659510642260613,1,2,1.0,3,1.0,1,3,1208.0
457,0.2506358684494995,-0.12339160584922017,1,2,1.5,3,2.0,1,4,1348.0
458,-0.3322282539072992,0.37381080574698905,1,2,3.0,3,2.0,1,4,1058.0
459,-0.5052673209352717,1.4165895005453983,2,2,3.0,3,1.0,1,4,1192.0
460,-0.31856741872967176,1.087515631771718,2,2,5.0,3,1.5,2,4,1807.0
461,0.022953460711016775,0.542326236372285,2,2,4.0,3,1.0,1,4,3252.0
462,-0.03624167028067889,2.16209650395759,3,2,4.0,1,1.0,2,4,2230.0
463,-0.2684758683003471,0.7587125844599745,3,2,4.0,3,2.0,2,4,905.0
464,-0.8038221415752863,1.3506380264336844,3,2,5.0,3,1.0,1,4,819.0
465,-0.5371407815717125,1.2881556462867827,2,2,3.0,3,1.0,1,4,482.0
466,-0.2912457483744169,-0.4522978232417015,2,2,2.0,3,2.0,1,4,663.0
467,-0.0043682096442380835,0.004823011987826905,2,2,1.0,3,1.0,1,4,1252.0
468,0.6058175830678154,0.4460298622635312,2,2,3.0,3,1.5,2,4,2795.0
469,0.9200167921532492,1.2159365897702406,2,2,3.0,3,2.0,2,4,2846.0
470,0.6149211636301865,1.0714984767371563,2,2,3.0,3,2.0,1,4,1198.0
471,-0.17740727667221107,-0.2918554514341472,2,2,3.0,3,1.0,1,4,989.0
472,0.013844415814574827,-1.6070521651690095,2,2,3.0,3,1.0,1,4,347.0
473,0.16867085738373444,-0.5245168797582437,2,2,3.0,3,1.0,1,3,846.0
474,0.40545684568458806,1.1999194347356792,2,2,3.0,3,1.0,1,4,1340.0
475,-0.541692571852898,1.9860625536985186,2,2,3.0,3,1.5,2,4,2541.0
476,-0.9515176271817242,1.4566710769120792,2,2,3.0,3,2.0,2,4,120.0
477,-0.4506239802247615,0.7588157545407125,2,2,3.0,3,2.0,1,1,195.0
478,-0.10454584616881651,-0.925319747164961,2,2,3.0,3,1.0,1,3,518.0
479,0.013844415814574827,-0.1794903372504627,2,2,3.0,3,1.0,1,4,655.0
480,-0.2092807373086514,2.0258733086032623,2,2,3.0,3,1.0,1,4,475.0
481,-0.6509792532739184,-0.7811008705534445,2,2,3.0,3,1.0,1,3,1014.0
482,-0.2047289470274659,-0.9496163011787404,2,2,3.0,3,1.5,2,4,1120.0
483,-0.17285002205695413,-0.24380398633046219,2,2,3.0,3,2.0,2,3,2229.0
484,0.6422428339854418,-0.44423766068405146,2,2,3.0,3,2.0,1,4,665.0
485,0.37358338504814725,-0.6768604002278711,2,2,3.0,3,1.0,1,3,653.0
486,0.35081350497407787,-0.7331138867502205,1,2,1.0,3,1.5,2,3,667.0
487,0.7196560547700213,-0.35600144913294757,1,2,1.5,3,1.0,1,4,764.0
488,0.687782594133581,-0.48426765201036365,1,2,3.0,3,1.0,1,3,1069.0
489,0.3644743401517053,-0.5244137096775057,2,2,3.0,3,1.0,1,4,2496.0
490,0.2278659883754301,0.5181457486993354,2,2,5.0,3,2.0,2,3,2135.0
491,0.46920923129154024,1.3603747028033255,2,2,4.0,3,1.0,1,3,1008.0
492,0.43277851603984296,0.3336131630394777,3,2,4.0,3,1.0,1,3,738.0
493,0.054826921347457584,1.592945857306776,3,2,4.0,3,2.0,1,3,620.0
494,0.20509610830136024,0.5983089014326974,3,2,5.0,3,1.0,1,3,1026.0
495,0.37358338504814725,-0.8693370821045483,2,2,3.0,3,1.5,2,4,1319.0
496,0.6376910437042562,0.44587510714242423,2,2,2.0,3,1.0,1,4,2622.0
497,0.423669471143401,0.285639075496346,2,2,1.0,3,1.0,1,4,2172.0
498,0.6331392534230708,-0.5564867085269058,2,2,5.0,3,2.0,1,4,342.0
499,0.769747605199346,-0.8773456596218293,2,2,5.0,3,1.0,1,3,625.0
500,0.5329561525644214,0.5020770086244047,2,2,5.0,3,1.0,1,3,991.0
501,0.37358338504814725,-0.6928646590023405,2,2,5.0,3,1.0,1,4,1242.0
502,0.5693868678161187,-1.3743288347964704,2,2,5.0,3,1.0,1,4,1521.0
503,0.6832253395183245,0.8230907148404352,2,2,5.0,3,1.5,2,4,3410.0
504,0.5602778229196762,0.5501671625083666,2,2,5.0,3,2.0,2,4,2704.0
505,0.6513518788818837,-0.9333799097226109,2,2,5.0,3,2.0,1,4,630.0
506,0.687782594133581,-1.14187374663385,2,2,5.0,3,1.0,1,3,819.0
507,0.8699252417239245,-0.22758049113442455,2,2,5.0,3,1.0,1,3,766.0
508,1.0065335935001998,-0.6447229200780097,2,2,5.0,3,1.0,1,3,1059.0
509,1.0748377693883373,0.10896031223266231,2,2,5.0,3,1.0,1,4,1417.0
510,1.0611769342107098,0.3176089042650082,2,2,5.0,3,1.5,2,4,2855.0
511,1.1841244508093576,0.07709365354473807,2,2,5.0,3,2.0,2,4,3283.0
512,1.2387677915198678,1.3522629552053063,2,2,5.0,1,2.0,2,4,2557.0
513,0.8790342866203664,-0.7249505541118328,2,2,5.0,3,1.0,1,4,880.0
514,1.0065335935001998,0.0610764985101764,2,2,5.0,3,1.0,1,4,745.0
515,0.8653734514427389,0.6063819602504397,2,2,5.0,3,1.0,1,3,1100.0
516,0.47831281185391117,-0.05134020071387712,2,2,5.0,3,1.0,1,4,533.0
517,0.5830477029937461,-0.08325844444217033,1,2,1.0,3,2.0,2,3,2795.0
518,0.5557260326384907,1.2159881748106098,1,2,1.5,3,1.0,1,4,2494.0
519,0.246078613834243,0.24544143278883498,1,2,3.0,3,1.0,1,4,1071.0
520,0.31894004433763706,-1.4626682164283122,2,2,3.0,3,1.5,2,4,968.0
521,0.5830477029937461,-0.4280657505283828,2,2,5.0,3,2.0,1,3,1027.0
522,0.8380517810874837,-0.19550749228502473,2,2,4.0,3,1.0,1,4,1038.0
523,1.1750154059129156,-0.5965295961133099,3,2,4.0,3,1.5,2,4,1488.0
524,1.2615376715939377,-0.7327914802479144,3,2,4.0,3,1.0,1,4,2708.0
525,1.229658746623426,0.2214285964970848,3,2,5.0,3,1.0,1,4,2224.0
526,0.8608161968274824,0.3095487417073585,2,2,3.0,3,2.0,2,4,1017.0
527,0.87447703200511,1.9697229921616508,2,2,2.0,3,1.0,1,3,477.0
528,0.8334945264722272,0.8149144859419554,2,2,1.0,3,1.0,1,3,1173.0
529,0.7834084403769734,-0.1795935073312007,2,2,4.0,3,1.0,1,4,1180.0
530,0.7424259348440911,-0.30791129524898575,2,2,4.0,3,1.0,1,4,1563.0
531,0.5284043622832358,-0.5885726036363982,2,2,4.0,3,1.5,2,4,2963.0
532,0.39634780078814613,-0.20372240996378135,2,2,4.0,3,2.0,2,4,2634.0
533,1.0520678893142679,-0.5484265459692559,2,2,4.0,3,2.0,1,4,653.0
534,1.5666278357829295,-0.9895431224243146,2,2,4.0,3,1.0,1,3,968.0
535,1.6941271426627622,-0.9253842284654221,2,2,4.0,3,1.0,1,4,872.0
536,1.539306165427674,-0.09931428825700883,2,2,4.0,3,1.0,1,4,778.0
537,1.2888593419491925,-0.1395635160048888,3,2,4.0,3,1.0,1,4,964.0
538,1.3526062632220737,-0.5805640261191172,3,2,4.0,3,1.5,2,4,2657.0
539,1.202337076268171,1.416525019244937,3,2,4.0,3,2.0,2,4,2551.0
540,0.7378686802288347,2.0259893749440927,3,2,4.0,3,2.0,1,4,1139.0
541,1.1021594397435925,1.047588810526144,3,2,4.0,3,1.0,1,4,1077.0
542,1.3844851881925855,-0.24364923120935522,3,2,4.0,3,1.0,1,4,1077.0
543,1.8489535842319222,-0.3240316203642854,3,2,4.0,3,1.0,1,4,921.0
544,1.471001989539536,-0.38007876672515895,3,2,4.0,3,1.0,1,4,829.0
545,1.748770483373273,-0.28389845895723553,3,2,4.0,3,1.5,2,4,1455.0
546,1.5620760455017435,0.06092174338906943,3,2,4.0,3,2.0,2,4,1421.0
547,1.557518790886487,-0.8293070907782364,1,2,1.0,3,2.0,1,4,904.0
548,1.6030585510346258,-0.7169419765945518,1,2,1.5,3,1.0,1,4,1052.0
549,1.812522868980225,0.044956173394876744,1,2,3.0,3,1.0,1,4,2562.0
550,1.81707465926141,-0.5726070336422054,2,2,3.0,3,2.0,2,4,1405.0
551,1.999222771185825,-0.3480573529161277,2,2,5.0,3,1.0,1,4,1366.0
552,1.7852011986249692,-0.8371480169143183,2,2,4.0,3,1.0,1,4,1448.0
553,1.1750154059129156,-0.12339160584922017,3,2,4.0,3,2.0,2,4,1203.0
554,1.229658746623426,-0.5004524584261245,3,2,4.0,3,1.0,1,4,998.0
555,1.2068943308834275,-0.5005040434664931,3,2,5.0,3,1.5,2,3,954.0
556,1.202337076268171,-0.5644437010038175,2,2,3.0,3,2.0,1,3,975.0
557,1.2888593419491925,-1.4146296475847193,2,2,2.0,3,1.0,1,4,1032.0
558,1.134032900380033,-0.6043705222493917,2,2,1.0,3,1.5,2,4,1511.0
559,1.3662670983997016,-0.30791129524898575,3,2,4.0,3,1.5,2,3,2355.0
560,1.4618929446430942,-0.33989402027774007,3,2,4.0,3,2.0,2,3,1920.0
561,1.7624313185509004,-0.9815861299474027,3,2,4.0,3,2.0,1,4,1088.0
562,1.6258229667746251,-0.6848044964446905,3,2,4.0,3,1.0,1,4,921.0
563,1.4983236598947913,-0.32387686524317844,3,2,4.0,3,1.0,1,4,799.0
564,0.9291203727156201,0.23760050665275312,3,2,4.0,3,1.0,1,4,888.0
565,0.5466169877420488,0.2934800016324279,3,2,4.0,3,1.0,1,4,747.0
566,0.938229417612062,-1.2460652111710728,3,2,4.0,3,1.5,2,3,1264.0
567,1.3435026826597027,-0.6688002376702213,3,2,4.0,3,2.0,2,1,2544.0
568,1.3935887687549564,0.2696735055021533,3,2,4.0,3,2.0,1,3,1135.0
569,1.2478768364163102,-0.3319886128411971,3,2,4.0,3,1.0,1,4,1140.0
570,1.5347543751464887,1.2157302496087652,3,2,4.0,3,1.0,1,4,1383.0
571,1.5620760455017435,-0.48426765201036365,3,2,4.0,3,1.0,1,4,1036.0
572,1.4209104391102119,-0.4280657505283828,3,2,4.0,3,1.0,1,4,1259.0
573,1.2342160012386825,-0.2598211413650239,3,2,4.0,3,1.5,2,4,2234.0
574,1.2843020873339361,-0.4762074894527137,3,2,4.0,3,2.0,2,4,2153.0
575,1.1886762410905432,-0.3239284502835474,3,2,4.0,3,2.0,1,4,1040.0
576,1.211446121164613,-0.6366111724799911,3,2,4.0,3,1.0,1,4,968.0
577,1.4026978136513983,-0.7891094480707255,3,2,4.0,3,1.0,1,4,1074.0
578,1.4755537798207214,0.3256174817822892,1,2,1.0,3,1.0,1,4,983.0
579,1.6258229667746251,0.8629530547855483,1,2,1.5,3,1.0,1,4,1328.0
580,1.493771869613606,1.2880524762060455,1,2,3.0,3,1.0,1,3,2345.0
581,1.4026978136513983,-0.7891094480707255,2,2,3.0,3,2.0,1,4,1707.0
582,1.3116237576891914,-0.9496163011787404,2,2,5.0,3,1.0,1,4,1233.0
583,1.389036978473771,-1.0296762838313644,2,2,4.0,3,1.5,2,3,1278.0
584,1.4209104391102119,-0.44418607564368245,3,2,4.0,3,2.0,1,3,1263.0
585,1.202337076268171,0.6225022853657393,3,2,4.0,3,1.0,1,3,1196.0
586,1.0748377693883373,0.20551461154326076,3,2,5.0,3,2.0,2,4,1065.0
587,1.1203720652024056,-0.8773456596218293,2,2,3.0,3,1.0,1,3,2247.0
588,1.229658746623426,-0.7006668963581456,2,2,2.0,3,1.0,1,3,2182.0
589,1.2615376715939377,-0.27578671135921656,2,2,1.0,3,2.0,2,4,1207.0
590,1.1522509901729174,-0.2678813039226739,3,2,4.0,3,1.0,1,4,1128.0
591,1.220555166061055,-0.628654180003079,3,2,4.0,3,1.0,1,4,1198.0
592,1.2433195818010534,0.5263090813377234,3,2,4.0,3,1.0,1,4,1338.0
593,0.9974245486037577,-0.16347318221590101,3,2,4.0,3,1.0,1,4,1483.0
594,0.7651903505840896,-1.342410591068177,3,2,4.0,3,1.5,2,4,2827.0
595,0.7651903505840896,-0.7810492855130754,3,2,4.0,3,2.0,2,4,1208.0
596,0.8380517810874837,-1.5188211121219422,3,2,4.0,3,2.0,1,3,1026.0
597,0.938229417612062,-1.5509005591013887,3,2,4.0,3,1.0,1,3,1081.0
598,1.0930503948471506,-1.366322836531208,3,2,4.0,3,1.0,1,4,1094.0
599,1.1294811100988476,-1.5268812746795921,3,2,4.0,3,1.0,1,4,1363.0
600,0.9063559569756218,0.6946568605818203,3,2,4.0,3,1.0,1,4,1325.0
601,0.8608161968274824,0.49412001614749307,3,2,4.0,3,1.5,2,3,1829.0
602,1.134032900380033,-0.797118025588006,3,2,4.0,3,2.0,2,3,1483.0
603,1.2706412521563086,0.004926182068564882,3,2,4.0,3,2.0,1,3,989.0
604,1.033855263855455,-1.0056634475396142,3,2,4.0,3,1.0,1,4,935.0
605,1.1522509901729174,-1.4627752553870779,3,2,4.0,3,1.0,1,4,1177.0
606,1.4664501992583505,-0.2838468739168666,3,2,4.0,3,1.0,1,4,1172.0
607,1.407249603932584,-0.9976032849819644,3,2,4.0,3,1.0,1,4,1433.0
608,1.0976076494624072,-1.6310185749244277,3,2,4.0,3,1.5,2,4,2352.0
609,1.1568027804541028,-0.508396554642944,1,2,1.0,3,1.0,1,3,2613.0
610,1.2569804169786813,0.590364805215878,1,2,1.5,3,1.5,2,3,1965.0
611,1.316181012304448,-0.03527146063894645,1,2,3.0,3,1.5,2,4,867.0
612,1.0976076494624072,-0.6205940174454294,2,2,3.0,3,1.0,1,4,832.0
613,1.134032900380033,-0.24370081624972423,2,2,5.0,3,1.0,1,4,611.0
614,0.8926951217979938,1.1678980209266476,2,2,4.0,3,2.0,2,3,1045.0
615,0.6240302085266288,0.4378665296251436,3,2,4.0,3,1.0,1,4,1557.0
616,0.47831281185391117,0.8791378612013087,3,2,4.0,3,1.0,1,3,2570.0
617,0.44643935121747036,-1.2701373702592473,3,2,5.0,3,2.0,1,4,1118.0
618,0.5648350775349331,-0.7569719679208641,2,2,3.0,3,1.0,1,4,1070.0
619,0.6376910437042562,-1.3905033242041573,2,2,2.0,3,1.5,2,4,1050.0
620,0.7515295154064621,-1.1178480140820073,2,2,1.0,3,2.0,1,4,1054.0
621,0.6149211636301865,0.7348029182489623,3,2,5.0,3,1.0,1,4,1379.0
622,0.46010018639509825,-1.2942649832658186,3,2,5.0,3,1.5,2,4,3160.0
623,0.4646519766762838,-0.500387977125663,3,2,5.0,3,2.0,2,4,2166.0
624,0.6968861746959519,2.154242681561416,3,2,5.0,3,2.0,1,4,1022.0
625,0.30983099944119513,0.31766048930537716,3,2,5.0,3,1.0,1,3,371.0
626,0.2779575388047548,-0.9333799097226109,3,2,5.0,3,1.0,1,3,788.0
627,0.5648350775349331,-0.4683149782762631,3,2,5.0,3,1.0,1,4,939.0
628,0.8426035713686691,1.19986784969531,3,2,5.0,3,1.0,1,4,1250.0
629,0.18233169256136186,0.42190095963095053,2,2,5.0,3,1.5,2,4,2512.0
630,0.10036668149559634,-0.6208132538669975,2,2,5.0,3,2.0,2,4,2454.0
631,0.29617016426356774,0.590364805215878,2,2,5.0,3,2.0,1,4,1001.0
632,0.7606385603029041,0.6945536905010823,2,2,5.0,3,1.0,1,4,845.0
633,0.8426035713686691,-0.7247829027306337,2,2,5.0,3,1.0,1,4,787.0
634,0.674121758955953,-0.3399971903584781,2,2,5.0,3,1.0,1,4,751.0
635,0.25518765873068494,0.4779481059918244,2,2,5.0,3,1.0,1,3,1045.0
636,0.16867085738373444,-0.7168388065138143,2,2,5.0,3,1.5,2,3,2589.0
637,0.13679193241322263,-1.286257695374547,2,2,5.0,3,2.0,2,4,2015.0
638,0.5192953173867939,-1.1099555029055566,2,2,5.0,3,2.0,1,4,763.0
639,0.8835860769015519,-1.5991003311961345,1,2,1.0,3,1.0,1,3,315.0
640,0.8835860769015519,-0.9413884872398917,1,2,1.5,3,2.0,2,1,728.0
641,0.6513518788818837,-1.0857750152326073,1,2,3.0,3,2.0,2,3,891.0
642,0.31894004433763706,0.9992278351802446,2,2,3.0,3,1.0,1,3,1516.0
643,-0.4369631450471341,-0.6368304089015592,2,2,5.0,3,1.0,1,4,3031.0
644,-0.6145540023562921,-0.011142558006365785,2,2,4.0,3,2.0,1,4,781.0
645,-0.2684758683003471,-0.0031339804890851163,3,2,4.0,3,1.0,1,3,874.0
646,0.10036668149559634,-0.03510380925774732,3,2,4.0,3,1.5,2,3,601.0
647,-0.3322282539072992,-0.1153830283319395,3,2,5.0,3,1.0,1,3,780.0
648,-0.31856741872967176,0.5745153015625151,2,2,3.0,3,1.0,1,4,834.0
649,-0.559910661645782,-0.5726070336422054,2,2,2.0,3,2.0,2,4,1060.0
650,0.1413491870284791,1.1357605407767863,2,2,1.0,3,1.0,1,4,2252.0
651,0.35992254987051986,1.3604778728840636,2,2,3.0,3,2.0,2,4,2080.0
652,-0.15008560631695575,-0.10732286577428951,2,2,3.0,1,2.0,2,4,760.0
653,-0.21838978220509336,-1.1499854942318686,2,2,3.0,3,1.0,1,3,922.0
654,0.1459009773096646,0.5983089014326974,2,2,3.0,3,1.0,1,4,979.0
655,0.3690261304328908,-0.7168903915541829,2,2,3.0,3,1.0,1,4,1008.0
656,-0.06356334063593375,-0.9415045535807218,2,2,3.0,3,1.0,1,3,753.0
657,-0.17285002205695413,-0.31581670268552875,2,2,3.0,3,1.5,2,3,2806.0
658,-0.045350715177120846,-1.406462446068304,2,2,3.0,3,2.0,2,4,2132.0
659,0.2642967036271269,-1.238005048613423,2,2,3.0,3,2.0,1,4,830.0
660,0.5010826919279806,-1.5187127835371674,2,2,3.0,3,1.0,1,4,841.0
661,0.29617016426356774,-0.8533199270699866,2,2,3.0,3,1.0,1,4,795.0
662,0.27340028418949786,-0.7489633904035831,2,2,3.0,3,1.0,1,4,875.0
663,0.18688348284254733,0.582253057617859,2,2,3.0,3,1.0,1,3,1182.0
664,-0.09999405588763104,2.6755224107498368,2,2,3.0,3,1.5,2,3,2643.0
665,-0.30490658355204436,2.1621480889979594,2,2,3.0,3,2.0,2,3,998.0
666,-0.9705608314193369,0.2897271899455862,2,2,3.0,3,2.0,1,3,2.0
667,-0.7557141444137531,-0.30791129524898575,2,2,3.0,3,1.0,1,1,87.0
668,-0.7101798485996851,-0.4281173355687518,2,2,3.0,3,1.0,1,3,419.0
669,-0.7693749795913807,0.9753697540096018,2,2,3.0,3,1.0,1,3,466.0
670,-0.8331273651983329,1.0315200704512133,1,2,1.0,3,1.0,1,3,618.0
671,-0.9287532114417258,-0.14746892344143184,1,2,1.5,3,2.0,1,4,1029.0
672,-0.9651784623593519,0.5904163902562466,1,2,3.0,3,2.0,1,3,1201.0
673,-1.1746482446390214,-0.21962349865751288,2,2,3.0,3,1.0,1,4,378.0
674,-1.0926832335732561,1.46456358808853,2,2,5.0,3,1.5,2,4,466.0
675,-0.7848171876761709,2.0284783531418946,2,2,4.0,3,1.0,1,4,326.0
676,-0.7329442643396834,0.3097034968284655,3,2,4.0,3,1.0,1,3,340.0
677,-0.5826750773857805,-1.7112977939986194,3,2,4.0,3,2.0,2,4,709.0
678,-0.4096414746918792,-0.8130191142817377,3,2,5.0,3,1.0,1,4,2090.0
679,-0.05901155035474827,-0.2195719136171439,2,2,3.0,3,1.0,1,4,2290.0
680,-0.8331273651983329,1.9538219034679194,2,2,2.0,1,2.0,2,4,1097.0
681,-1.129108484490882,0.11712364487104994,2,2,1.0,3,1.0,1,4,327.0
682,-0.9515176271817242,-0.4843321333108248,2,2,2.0,3,1.0,1,3,373.0
683,-0.8240183203018909,-0.25170939376700524,2,2,2.0,3,1.0,1,4,320.0
684,-0.9333050017229113,-0.13946034592415082,2,2,2.0,3,1.0,1,3,484.0
685,-0.8376791554795183,0.4780512760725624,2,2,2.0,3,1.5,2,4,1313.0
686,-0.6282148375339197,0.5741928950602093,2,2,2.0,3,2.0,2,4,922.0
687,-0.6646400884515458,-1.3904491599117699,2,2,2.0,3,2.0,1,4,449.0
688,-0.7784840244878226,-1.1258050065589194,2,2,2.0,3,1.0,1,3,534.0
689,-0.8513399906571459,-1.775456687957512,2,2,2.0,3,1.0,1,3,615.0
690,-0.6965190134220574,-0.5483749609288868,2,2,2.0,3,1.0,1,4,955.0
691,-1.1883090798166491,2.4029341611801667,2,2,2.0,3,1.0,1,4,1603.0
692,-1.3658999371258072,-0.5164051321602247,2,2,2.0,3,1.5,2,4,532.0
693,-0.9970573873298634,-1.8556817427393166,2,2,2.0,3,2.0,2,4,309.0
694,-1.1154476493132548,0.6063690639903472,2,2,2.0,3,2.0,1,4,337.0
695,-1.0881259789579996,0.26151017286376566,2,2,2.0,3,1.0,1,4,123.0
696,-1.1744460642783925,-0.9674905176665847,2,2,2.0,3,1.0,1,3,198.0
697,-1.0790223983956286,-1.7032376314409698,2,2,2.0,1,1.0,2,4,243.0
698,-1.0790223983956286,-1.6873313842432016,2,2,2.0,3,1.0,1,4,362.0
699,-0.8103574851242632,-0.853268342029618,2,2,2.0,3,1.5,2,4,951.0
700,-0.23660240766390675,-1.3905033242041573,1,2,1.0,3,1.5,2,3,892.0
701,-0.10910310078407298,-0.21167940244069303,1,2,1.5,3,1.0,1,3,555.0
702,-0.3140156284484863,1.7213668153052986,1,2,3.0,3,1.0,1,4,551.0
703,-1.311256596415297,-0.20361923988304337,2,2,3.0,3,1.0,1,4,331.0
704,-0.9560748817969806,-0.7730407079957947,2,2,5.0,3,2.0,2,4,340.0
705,-0.6236575829186632,-1.1498823241511307,2,2,4.0,3,1.0,1,4,349.0
706,-0.6099967477410356,-0.4200055879707332,3,2,4.0,3,1.0,1,3,1153.0
707,-0.32767646362611375,-0.0030308104083471383,3,2,4.0,3,2.0,1,3,441.0
708,-0.7784840244878226,1.3604778728840636,3,2,5.0,3,1.0,1,3,329.0
709,-1.0835741886768142,-0.3560143453930398,2,2,3.0,3,1.5,2,3,282.0
710,-1.0926832335732561,-0.21167940244069303,2,2,2.0,3,1.0,1,3,310.0
711,-1.170090990023765,-0.7649289603977758,2,2,1.0,3,1.0,1,3,425.0
712,-0.9378567920040968,-1.0857750152326073,2,2,1.0,3,1.0,1,4,429.0
713,-0.7283924740584979,-1.1580972418298874,2,2,1.0,3,1.5,2,4,767.0
714,-0.559910661645782,-1.1901276830209833,2,2,1.0,3,2.0,2,4,538.0
715,-0.4642848154023894,0.39799129341993833,2,2,1.0,3,2.0,1,3,212.0
716,-0.8923224961900286,-0.08319396314170918,2,2,1.0,3,1.0,1,3,433.0
717,-0.9059833313676562,-0.7490149754439521,2,2,1.0,3,1.0,1,4,333.0
718,-0.924195956826469,2.370848266070674,2,2,1.0,3,1.0,1,4,314.0
719,-1.2566132557047867,2.795947687491171,2,2,1.0,3,1.0,1,3,221.0
720,-1.3658999371258072,-0.7410192941867636,1,2,1.0,3,1.5,2,3,205.0
721,-1.4452912468441073,-1.4613089506145902,1,2,1.0,3,2.0,2,4,408.0
722,-1.1174312025810462,-0.2813578957190643,1,2,1.0,3,2.0,1,4,174.0
723,-1.3795607723034344,1.624967271115807,1,2,1.0,3,1.0,1,3,440.0
724,-1.3203601769776678,2.0581139588338617,1,2,1.0,1,1.0,2,3,9.0
725,-1.3249174315929242,-0.4522978232417015,1,2,1.0,3,1.0,1,1,247.0
726,-1.3249174315929242,-0.8532167569892489,1,2,1.0,3,1.0,1,3,644.0
727,-1.311256596415297,2.066122536351142,1,2,1.0,3,1.5,2,3,159.0
728,-1.5298299592573377,-0.4603579857993511,1,2,1.0,3,2.0,2,3,364.0
