,fecha,estacion,año,mes,festivo,dia_semana,dia_laboral,tiempo,temperatura,sensacion_term,humedad,velocidad_viento,cliente_casual,cliente_registrado,total_clientes
1,2018-01-01,invierno,2018,January,1,Lunes,0,2,14.902598,17.68695,69.6087,16.652113,131.0,670.0,801.0
2,2018-02-01,invierno,2018,February,0,Jueves,1,2,8.050924,9.47025,43.7273,16.636703,120.0,1229.0,1349.0
3,2018-03-01,invierno,2018,March,0,Jueves,1,1,8.2,10.6061,59.0435,10.739832,108.0,1454.0,1562.0
4,2018-04-01,primavera,2018,April,0,Domingo,0,1,9.305237,11.4635,43.6957,12.5223,82.0,1518.0,1600.0
5,2018-05-01,primavera,2018,May,0,Martes,1,1,8.378268,11.66045,51.8261,6.0008684,88.0,1518.0,1606.0
6,2018-06-01,primavera,2018,June,0,Viernes,1,1,8.057402,10.44195,49.8696,11.304642,148.0,1362.0,1510.0
7,2018-07-01,verano,2018,July,0,Domingo,0,2,6.765,8.1127,53.5833,17.875868,68.0,891.0,959.0
8,2018-08-01,verano,2018,August,0,Miercoles,1,2,5.671653,5.80875,43.4167,24.25065,54.0,768.0,822.0
9,2018-09-01,verano,2018,September,0,Sabado,0,1,6.184153,7.5444,48.2917,14.958889,41.0,1280.0,1321.0
10,2018-10-01,otoño,2018,October,0,Lunes,1,1,6.932731,9.5732,68.6364,8.182844,43.0,1220.0,1263.0
11,2018-11-01,otoño,2018,November,0,Jueves,1,2,7.081807,8.02365,59.9545,20.410009,25.0,1137.0,1162.0
12,2018-12-01,otoño,2018,December,0,Sabado,0,1,6.765,7.54415,47.0417,20.167,38.0,1368.0,1406.0
13,2018-01-13,invierno,2018,January,0,Sabado,0,1,6.59567,9.42065,53.7826,8.478716,54.0,1367.0,1421.0
14,2018-01-14,invierno,2018,January,0,Domingo,0,1,9.566653,12.4056,49.875,10.583521,222.0,1026.0,1248.0
15,2018-01-15,invierno,2018,January,1,Lunes,0,2,9.498347,11.71085,48.375,12.625011,251.0,953.0,1204.0
16,2018-01-16,invierno,2018,January,0,Martes,1,1,7.209153,8.83855,53.75,12.999139,117.0,883.0,1000.0
17,2018-01-17,invierno,2018,January,0,Miercoles,1,2,8.883347,11.61665,86.1667,9.833925,9.0,674.0,683.0
18,2018-01-18,invierno,2018,January,0,Jueves,1,2,11.979134,14.9211,74.1739,13.957239,78.0,1572.0,1650.0
19,2018-01-19,invierno,2018,January,0,Viernes,1,2,10.728347,12.7525,53.8333,13.125568,83.0,1844.0,1927.0
20,2018-01-20,invierno,2018,January,0,Sabado,0,2,7.2775,7.89165,45.7083,23.667214,75.0,1468.0,1543.0
21,2018-01-21,invierno,2018,January,0,Domingo,0,1,2.4243464,3.95348,40.0,11.52199,93.0,888.0,981.0
22,2018-01-22,invierno,2018,January,0,Lunes,1,1,3.9573897,4.941955,43.6522,16.5222,150.0,836.0,986.0
23,2018-01-23,invierno,2018,January,0,Martes,1,1,3.9930433,5.8965,49.1739,10.60811,86.0,1330.0,1416.0
24,2018-01-24,invierno,2018,January,0,Miercoles,1,1,9.162598,11.7263,61.6957,8.696332,186.0,1799.0,1985.0
25,2018-01-25,invierno,2018,January,0,Jueves,1,2,8.9175,10.18,86.25,19.68795,34.0,472.0,506.0
26,2018-01-26,invierno,2018,January,0,Viernes,1,3,7.995,10.985,68.75,7.627079,15.0,416.0,431.0
27,2018-01-27,invierno,2018,January,0,Sabado,0,1,8.342598,11.16585,79.3043,8.2611,38.0,1129.0,1167.0
28,2018-01-28,invierno,2018,January,0,Domingo,0,2,8.057402,10.6063,65.1739,9.739455,123.0,975.0,1098.0
29,2018-01-29,invierno,2018,January,0,Lunes,1,1,8.877402,12.5161,72.2174,4.9568342,140.0,956.0,1096.0
30,2018-01-30,invierno,2018,January,0,Martes,1,1,7.414153,9.3125,60.375,12.541864,42.0,1459.0,1501.0
31,2018-01-31,invierno,2018,January,0,Miercoles,1,2,7.879134,11.7265,82.9565,3.565271,47.0,1313.0,1360.0
32,2018-01-02,invierno,2018,January,0,Martes,1,2,10.66,12.72085,77.5417,17.708636,72.0,1454.0,1526.0
33,2018-02-02,invierno,2018,February,0,Viernes,1,2,7.665237,8.8939,43.7826,18.609384,61.0,1489.0,1550.0
34,2018-03-02,invierno,2018,March,0,Viernes,1,1,8.663464,11.42935,58.5217,8.565213,88.0,1620.0,1708.0
35,2018-04-02,primavera,2018,April,0,Lunes,1,2,9.566653,12.1529,92.9167,10.792293,100.0,905.0,1005.0
36,2018-05-02,primavera,2018,May,0,Miercoles,1,2,11.719153,14.58355,56.8333,9.5006,354.0,1269.0,1623.0
37,2018-06-02,primavera,2018,June,0,Sabado,0,1,11.138347,15.1829,73.8333,3.0423561,120.0,1592.0,1712.0
38,2018-07-02,verano,2018,July,0,Lunes,1,1,9.054153,9.9123,53.7917,24.25065,64.0,1466.0,1530.0
39,2018-08-02,verano,2018,August,0,Jueves,1,1,5.526103,7.21415,49.4783,12.652213,53.0,1552.0,1605.0
40,2018-09-02,verano,2018,September,0,Domingo,0,2,5.918268,7.4774,43.7391,14.869645,47.0,1491.0,1538.0
41,2018-10-02,otoño,2018,October,0,Martes,1,1,7.752731,10.67545,50.6364,7.27285,149.0,1597.0,1746.0
42,2018-11-02,otoño,2018,November,0,Viernes,1,1,9.1225,11.6477,54.4167,13.625589,288.0,1184.0,1472.0
43,2018-12-02,otoño,2018,December,0,Domingo,0,1,12.977402,16.20565,45.7391,17.479161,397.0,1192.0,1589.0
44,2018-02-13,invierno,2018,February,0,Martes,1,1,17.015,19.9175,37.5833,27.999836,208.0,1705.0,1913.0
45,2018-02-14,invierno,2018,February,0,Miercoles,1,1,10.909567,12.7137,31.4348,19.522058,140.0,1675.0,1815.0
46,2018-02-15,invierno,2018,February,0,Jueves,1,1,13.048701,15.81,42.3478,16.869997,218.0,1897.0,2115.0
47,2018-02-16,invierno,2018,February,0,Viernes,1,1,17.869153,21.4329,50.5,15.416968,259.0,2216.0,2475.0
48,2018-02-17,invierno,2018,February,0,Sabado,0,1,21.388347,25.59915,51.6667,17.749975,579.0,2348.0,2927.0
49,2018-02-18,invierno,2018,February,0,Domingo,0,1,16.365847,19.5702,18.7917,34.000021,532.0,1103.0,1635.0
50,2018-02-19,invierno,2018,February,1,Lunes,0,1,11.693897,13.8665,40.7826,14.956745,639.0,1173.0,1812.0
51,2018-02-20,invierno,2018,February,0,Martes,1,1,12.436653,14.20375,60.5,20.625682,195.0,912.0,1107.0
52,2018-02-21,invierno,2018,February,0,Miercoles,1,2,7.471102,9.30165,57.7778,13.110761,74.0,1376.0,1450.0
53,2018-02-22,invierno,2018,February,0,Jueves,1,1,9.091299,12.28585,42.3043,6.305571,139.0,1778.0,1917.0
54,2018-02-23,invierno,2018,February,0,Viernes,1,1,12.121732,14.45955,69.7391,16.783232,100.0,1707.0,1807.0
55,2018-02-24,invierno,2018,February,0,Sabado,0,2,14.938268,17.52305,71.2174,23.218113,120.0,1341.0,1461.0
56,2018-02-25,invierno,2018,February,0,Domingo,0,2,11.5825,14.1096,53.7917,12.500257,424.0,1545.0,1969.0
57,2018-02-26,invierno,2018,February,0,Lunes,1,1,14.082598,17.55545,68.0,8.391616,694.0,1708.0,2402.0
58,2018-02-27,invierno,2018,February,0,Martes,1,1,16.698193,20.0059,87.6364,19.408962,81.0,1365.0,1446.0
59,2018-02-28,invierno,2018,February,0,Miercoles,1,2,10.933347,13.19395,53.5,14.500475,137.0,1714.0,1851.0
60,2018-01-03,invierno,2018,January,0,Miercoles,1,1,13.735,16.00355,44.9583,20.624811,231.0,1903.0,2134.0
61,2018-02-03,invierno,2018,February,0,Sabado,0,1,8.131653,10.00665,31.8333,15.125518,123.0,1562.0,1685.0
62,2018-03-03,invierno,2018,March,0,Sabado,0,1,10.728347,12.78395,61.0417,13.624182,214.0,1730.0,1944.0
63,2018-04-03,primavera,2018,April,0,Martes,1,2,15.750847,18.93895,78.9167,16.875357,640.0,1437.0,2077.0
64,2018-05-03,primavera,2018,May,0,Jueves,1,2,15.437402,18.3126,94.8261,23.000229,114.0,491.0,605.0
65,2018-06-03,primavera,2018,June,0,Domingo,0,2,10.731299,11.92305,55.1304,22.870584,244.0,1628.0,1872.0
66,2018-07-03,verano,2018,July,0,Martes,1,1,11.9925,15.12,42.0833,8.08355,316.0,1817.0,2133.0
67,2018-08-03,verano,2018,August,0,Viernes,1,1,12.129153,14.3304,77.5417,14.75005,191.0,1700.0,1891.0
68,2018-09-03,verano,2018,September,1,Lunes,0,2,15.952731,19.2834,0.0,17.545759,46.0,577.0,623.0
69,2018-10-03,otoño,2018,October,0,Miercoles,1,3,12.977402,15.25,64.9565,15.60899,247.0,1730.0,1977.0
70,2018-11-03,otoño,2018,November,0,Sabado,0,2,13.495847,16.2875,59.4583,14.791925,724.0,1408.0,2132.0
71,2018-12-03,otoño,2018,December,0,Lunes,1,1,15.758268,19.00455,52.7391,18.130468,982.0,1435.0,2417.0
72,2018-03-13,invierno,2018,March,0,Martes,1,1,13.333897,16.6,49.6957,9.174042,359.0,1687.0,2046.0
73,2018-03-14,invierno,2018,March,0,Miercoles,1,1,13.013031,15.9089,65.5652,12.348703,289.0,1767.0,2056.0
74,2018-03-15,invierno,2018,March,0,Jueves,1,2,14.973897,18.3465,77.6522,13.608839,321.0,1871.0,2192.0
75,2018-03-16,invierno,2018,March,0,Viernes,1,2,17.015,20.51665,60.2917,14.041793,424.0,2320.0,2744.0
76,2018-03-17,invierno,2018,March,0,Sabado,0,1,22.14,26.35045,52.5217,15.478139,884.0,2355.0,3239.0
77,2018-03-18,invierno,2018,March,0,Domingo,0,1,19.3725,23.32625,37.9167,24.667189,1424.0,1693.0,3117.0
78,2018-03-19,invierno,2018,March,0,Lunes,1,1,13.6325,16.2875,47.375,13.917307,1047.0,1424.0,2471.0
79,2018-03-20,invierno,2018,March,0,Martes,1,1,17.647835,20.48675,73.7391,19.348461,401.0,1676.0,2077.0
80,2018-03-21,primavera,2018,March,0,Miercoles,1,2,18.108347,22.0321,62.4583,15.12525,460.0,2243.0,2703.0
81,2018-03-22,primavera,2018,March,0,Jueves,1,1,14.225237,16.89695,83.9565,15.695487,203.0,1918.0,2121.0
82,2018-03-23,primavera,2018,March,0,Viernes,1,2,11.685,13.54165,80.5833,16.333729,166.0,1699.0,1865.0
83,2018-03-24,primavera,2018,March,0,Sabado,0,2,10.830847,12.8156,49.5,15.458575,300.0,1910.0,2210.0
84,2018-03-25,primavera,2018,March,0,Domingo,0,1,10.899153,12.87855,39.4167,14.041257,981.0,1515.0,2496.0
85,2018-03-26,primavera,2018,March,0,Lunes,1,1,10.374763,12.51695,49.3913,12.3481,472.0,1221.0,1693.0
86,2018-03-27,primavera,2018,March,0,Martes,1,2,10.838268,12.8787,30.2174,14.217668,222.0,1806.0,2028.0
87,2018-03-28,primavera,2018,March,0,Miercoles,1,1,12.4025,14.6454,31.4167,15.208732,317.0,2108.0,2425.0
88,2018-03-29,primavera,2018,March,0,Jueves,1,1,12.3,14.8675,64.6667,11.583496,168.0,1368.0,1536.0
89,2018-03-30,primavera,2018,March,0,Viernes,1,2,11.001653,12.87875,91.8333,14.582282,179.0,1506.0,1685.0
90,2018-03-31,primavera,2018,March,0,Sabado,0,3,12.3,14.1727,68.625,17.333436,307.0,1920.0,2227.0
91,2018-01-04,invierno,2018,January,0,Jueves,1,2,12.915,15.78185,65.375,13.208782,898.0,1354.0,2252.0
92,2018-02-04,invierno,2018,February,0,Domingo,0,2,15.511653,18.93835,48.0,12.208271,1651.0,1598.0,3249.0
93,2018-03-04,invierno,2018,March,0,Domingo,0,1,23.506653,27.14645,42.625,25.833257,734.0,2381.0,3115.0
94,2018-04-04,primavera,2018,April,0,Miercoles,1,1,16.980847,19.9175,64.2083,26.000489,167.0,1628.0,1795.0
95,2018-05-04,primavera,2018,May,0,Viernes,1,2,16.024153,19.3804,47.0833,17.625221,413.0,2395.0,2808.0
96,2018-06-04,primavera,2018,June,0,Lunes,1,1,17.9375,21.6848,60.2917,10.874904,571.0,2570.0,3141.0
97,2018-07-04,verano,2018,July,1,Miercoles,0,1,13.769153,16.22395,83.625,15.208464,172.0,1299.0,1471.0
98,2018-08-04,verano,2018,August,0,Sabado,0,2,14.0425,17.07645,87.75,8.916561,879.0,1576.0,2455.0
99,2018-09-04,verano,2018,September,0,Martes,1,2,17.493347,21.33685,85.75,9.833389,1188.0,1707.0,2895.0
100,2018-10-04,otoño,2018,October,0,Jueves,1,2,24.421732,28.26085,71.6956,21.739758,855.0,2493.0,3348.0
101,2018-11-04,otoño,2018,November,0,Domingo,0,2,20.6025,24.6527,73.9167,18.416893,257.0,1777.0,2034.0
102,2018-12-04,otoño,2018,December,0,Martes,1,2,16.9125,20.86415,81.9167,16.791339,209.0,1953.0,2162.0
103,2018-04-13,primavera,2018,April,0,Viernes,1,2,19.1675,23.1371,54.0417,7.4169,529.0,2738.0,3267.0
104,2018-04-14,primavera,2018,April,0,Sabado,0,1,18.313347,22.09565,67.125,15.167125,642.0,2484.0,3126.0
105,2018-04-15,primavera,2018,April,0,Domingo,0,1,17.664153,21.2746,88.8333,22.834136,121.0,674.0,795.0
106,2018-04-16,primavera,2018,April,0,Lunes,1,3,18.723347,22.2848,47.9583,20.334232,1558.0,2186.0,3744.0
107,2018-04-17,primavera,2018,April,0,Martes,1,1,21.0125,25.1573,54.25,10.958989,669.0,2760.0,3429.0
108,2018-04-18,primavera,2018,April,0,Miercoles,1,1,20.739153,24.4629,66.5833,10.584057,409.0,2795.0,3204.0
109,2018-04-19,primavera,2018,April,0,Jueves,1,2,24.395,28.2196,61.4167,16.208975,613.0,3331.0,3944.0
110,2018-04-20,primavera,2018,April,0,Viernes,1,1,18.825847,22.6946,40.7083,21.792286,745.0,3444.0,4189.0
111,2018-04-21,primavera,2018,April,0,Sabado,0,1,13.803347,16.0977,72.9583,14.707907,177.0,1506.0,1683.0
112,2018-04-22,primavera,2018,April,0,Domingo,0,2,18.86,22.50605,88.7917,15.458575,1462.0,2574.0,4036.0
113,2018-04-23,primavera,2018,April,0,Lunes,1,2,23.848347,27.58815,81.0833,12.875725,1710.0,2481.0,4191.0
114,2018-04-24,primavera,2018,April,0,Martes,1,2,24.873347,28.725,77.6667,12.417311,773.0,3300.0,4073.0
115,2018-04-25,primavera,2018,April,0,Miercoles,1,1,25.898347,29.70415,72.9167,21.8755,678.0,3722.0,4400.0
116,2018-04-26,primavera,2018,April,0,Jueves,1,1,25.42,28.7571,83.5417,20.9174,547.0,3325.0,3872.0
117,2018-04-27,primavera,2018,April,0,Viernes,1,2,25.3175,28.94645,70.0833,21.500836,569.0,3489.0,4058.0
118,2018-04-28,primavera,2018,April,0,Sabado,0,2,20.91,24.87315,45.7083,16.084221,878.0,3717.0,4595.0
119,2018-04-29,primavera,2018,April,0,Domingo,0,1,19.3725,23.20105,50.3333,15.750025,1965.0,3347.0,5312.0
120,2018-04-30,primavera,2018,April,0,Lunes,1,1,18.518347,22.4102,76.2083,7.125718,1138.0,2213.0,3351.0
121,2018-01-05,invierno,2018,January,0,Viernes,1,2,22.515847,26.64165,73.0,12.291418,847.0,3554.0,4401.0
122,2018-02-05,invierno,2018,February,0,Lunes,1,2,25.283347,29.10395,69.7083,22.958689,603.0,3848.0,4451.0
123,2018-03-05,invierno,2018,March,0,Lunes,1,2,16.980847,20.2325,73.7083,22.042732,255.0,2378.0,2633.0
124,2018-04-05,primavera,2018,April,0,Jueves,1,2,18.825847,22.09585,44.4167,19.791264,614.0,3819.0,4433.0
125,2018-05-05,primavera,2018,May,0,Sabado,0,1,19.645847,23.70585,59.0,15.292482,894.0,3714.0,4608.0
126,2018-06-05,primavera,2018,June,0,Martes,1,1,21.32,25.63105,54.125,10.75015,1612.0,3102.0,4714.0
127,2018-07-05,verano,2018,July,0,Jueves,1,1,21.661653,25.94665,63.1667,5.0007125,1401.0,2932.0,4333.0
128,2018-08-05,verano,2018,August,0,Domingo,0,1,21.8325,26.2623,58.875,11.792,664.0,3698.0,4362.0
129,2018-09-05,verano,2018,September,0,Miercoles,1,1,21.8325,26.13605,48.9167,7.749957,694.0,4109.0,4803.0
130,2018-10-05,otoño,2018,October,0,Viernes,1,1,22.2425,26.42,63.2917,8.083014,550.0,3632.0,4182.0
131,2018-11-05,otoño,2018,November,0,Lunes,1,1,21.935,26.16815,74.75,12.707689,695.0,4169.0,4864.0
132,2018-12-05,otoño,2018,December,0,Miercoles,1,1,21.0125,24.715,86.3333,12.041575,692.0,3413.0,4105.0
133,2018-05-13,primavera,2018,May,0,Domingo,0,2,21.354153,25.03145,92.25,9.04165,902.0,2507.0,3409.0
134,2018-05-14,primavera,2018,May,0,Lunes,1,2,23.0625,26.8,86.7083,10.249593,1582.0,2971.0,4553.0
135,2018-05-15,primavera,2018,May,0,Martes,1,2,23.6775,27.5256,78.7917,8.500357,773.0,3185.0,3958.0
136,2018-05-16,primavera,2018,May,0,Miercoles,1,1,23.028347,26.92645,83.7917,18.582718,678.0,3445.0,4123.0
137,2018-05-17,primavera,2018,May,0,Jueves,1,2,22.55,26.3579,87.0,13.499964,536.0,3319.0,3855.0
138,2018-05-18,primavera,2018,May,0,Viernes,1,2,21.764153,25.5371,82.9583,7.250271,735.0,3840.0,4575.0
139,2018-05-19,primavera,2018,May,0,Sabado,0,2,22.003347,26.4521,71.9583,8.375871,909.0,4008.0,4917.0
140,2018-05-20,primavera,2018,May,0,Domingo,0,1,24.7025,28.59875,62.6667,8.08355,2258.0,3547.0,5805.0
141,2018-05-21,primavera,2018,May,0,Lunes,1,1,24.770847,28.725,74.9583,9.916536,1576.0,3084.0,4660.0
142,2018-05-22,primavera,2018,May,0,Martes,1,1,25.898347,29.5148,81.0,15.667414,836.0,3438.0,4274.0
143,2018-05-23,primavera,2018,May,0,Miercoles,1,2,27.06,30.24065,74.0833,13.875164,659.0,3833.0,4492.0
144,2018-05-24,primavera,2018,May,0,Jueves,1,2,27.094153,30.7771,69.625,10.333611,740.0,4238.0,4978.0
145,2018-05-25,primavera,2018,May,0,Viernes,1,1,29.041653,32.7344,67.75,13.376014,758.0,3919.0,4677.0
146,2018-05-26,primavera,2018,May,0,Sabado,0,1,27.948347,31.8504,65.375,16.125493,871.0,3808.0,4679.0
147,2018-05-27,primavera,2018,May,0,Domingo,0,1,26.889153,30.61895,72.9583,15.416164,2001.0,2757.0,4758.0
148,2018-05-28,primavera,2018,May,1,Lunes,0,1,27.3675,30.7775,81.875,14.333846,2355.0,2433.0,4788.0
149,2018-05-29,primavera,2018,May,0,Martes,1,1,30.066653,33.5546,68.5,8.792075,1549.0,2549.0,4098.0
150,2018-05-30,primavera,2018,May,0,Miercoles,1,1,31.775,36.26915,63.6667,7.459043,673.0,3309.0,3982.0
151,2018-05-31,primavera,2018,May,0,Jueves,1,1,31.330847,36.04835,67.7083,13.875164,513.0,3461.0,3974.0
152,2018-01-06,invierno,2018,January,0,Sabado,0,2,29.315,32.1971,30.5,19.583229,736.0,4232.0,4968.0
153,2018-02-06,invierno,2018,February,0,Martes,1,1,25.42,29.35665,35.4167,16.959107,898.0,4414.0,5312.0
154,2018-03-06,invierno,2018,March,0,Martes,1,1,26.035,29.7348,45.625,8.250514,1869.0,3473.0,5342.0
155,2018-04-06,primavera,2018,April,0,Viernes,1,1,26.581653,30.8402,65.25,9.292364,1685.0,3221.0,4906.0
156,2018-05-06,primavera,2018,May,0,Domingo,0,2,27.811653,31.0929,60.0,8.167032,673.0,3875.0,4548.0
157,2018-06-06,primavera,2018,June,0,Miercoles,1,1,29.0075,32.7975,59.7917,12.583136,763.0,4070.0,4833.0
158,2018-07-06,verano,2018,July,0,Viernes,1,1,31.809153,36.36395,62.2083,9.166739,676.0,3725.0,4401.0
159,2018-08-06,verano,2018,August,0,Lunes,1,1,33.141653,37.87895,56.8333,10.042161,563.0,3352.0,3915.0
160,2018-09-06,verano,2018,September,0,Jueves,1,2,30.955,35.1646,60.5,9.417118,815.0,3771.0,4586.0
161,2018-10-06,otoño,2018,October,0,Sabado,0,1,29.725,33.9019,65.4583,10.37495,1729.0,3237.0,4966.0
162,2018-11-06,otoño,2018,November,0,Martes,1,1,28.3925,32.16625,74.7917,10.958989,1467.0,2993.0,4460.0
163,2018-12-06,otoño,2018,December,0,Jueves,1,1,26.035,30.0827,49.4583,20.45845,863.0,4157.0,5020.0
164,2018-06-13,primavera,2018,June,0,Miercoles,1,1,24.770847,29.5773,50.7083,18.041961,727.0,4164.0,4891.0
165,2018-06-14,primavera,2018,June,0,Jueves,1,1,25.693347,29.3877,47.1667,11.250104,769.0,4411.0,5180.0
166,2018-06-15,primavera,2018,June,0,Viernes,1,1,25.761653,29.7673,68.8333,13.833557,545.0,3222.0,3767.0
167,2018-06-16,primavera,2018,June,0,Sabado,0,2,26.615847,30.01915,73.5833,9.582943,863.0,3981.0,4844.0
168,2018-06-17,primavera,2018,June,0,Domingo,0,1,28.563347,32.1977,67.0417,8.000336,1807.0,3312.0,5119.0
169,2018-06-18,primavera,2018,June,0,Lunes,1,1,28.665847,32.2923,66.6667,6.834,1639.0,3105.0,4744.0
170,2018-06-19,primavera,2018,June,0,Martes,1,2,26.035,29.7673,74.625,10.416825,699.0,3311.0,4010.0
171,2018-06-20,primavera,2018,June,0,Miercoles,1,2,27.914153,31.8823,77.0417,11.458675,774.0,4061.0,4835.0
172,2018-06-21,verano,2018,June,0,Jueves,1,2,30.066653,34.69145,70.75,11.541554,661.0,3846.0,4507.0
173,2018-06-22,verano,2018,June,0,Viernes,1,1,29.861653,34.69165,70.3333,15.999868,746.0,4044.0,4790.0
174,2018-06-23,verano,2018,June,0,Sabado,0,2,29.690847,32.82915,57.3333,14.875675,969.0,4022.0,4991.0
175,2018-06-24,verano,2018,June,0,Domingo,0,1,28.495,32.16565,48.3333,14.041257,1782.0,3420.0,5202.0
176,2018-06-25,verano,2018,June,0,Lunes,1,1,27.88,31.88145,51.3333,6.3337311,1920.0,3385.0,5305.0
177,2018-06-26,verano,2018,June,0,Martes,1,1,27.9825,31.8502,65.8333,7.208396,854.0,3854.0,4708.0
178,2018-06-27,verano,2018,June,0,Miercoles,1,2,30.510847,34.6279,63.4167,9.666961,732.0,3916.0,4648.0
179,2018-06-28,verano,2018,June,0,Jueves,1,1,29.861653,32.7344,49.7917,17.542007,848.0,4377.0,5225.0
180,2018-06-29,verano,2018,June,0,Viernes,1,1,28.563347,31.8504,43.4167,12.415904,1027.0,4488.0,5515.0
181,2018-06-30,verano,2018,June,0,Sabado,0,1,29.6225,32.6081,39.625,6.874736,1246.0,4116.0,5362.0
182,2018-01-07,invierno,2018,January,0,Domingo,0,1,30.271653,33.3654,44.4583,7.709154,2204.0,2915.0,5119.0
183,2018-02-07,invierno,2018,February,0,Miercoles,1,1,29.383347,33.42875,68.25,15.333486,2282.0,2367.0,4649.0
184,2018-03-07,invierno,2018,March,0,Miercoles,1,2,29.793347,33.27085,63.7917,5.4591064,3065.0,2978.0,6043.0
185,2018-04-07,primavera,2018,April,0,Sabado,0,2,30.613347,34.8169,59.0417,8.459286,1031.0,3634.0,4665.0
186,2018-05-07,primavera,2018,May,0,Lunes,1,1,29.52,34.28165,74.3333,10.042161,784.0,3845.0,4629.0
187,2018-06-07,primavera,2018,June,0,Jueves,1,1,30.75,34.34355,65.125,10.6664,754.0,3838.0,4592.0
188,2018-07-07,verano,2018,July,0,Sabado,0,1,29.075847,33.52415,75.7917,15.083643,692.0,3348.0,4040.0
189,2018-08-07,verano,2018,August,0,Martes,1,2,30.066653,33.2079,60.9167,11.250104,1988.0,3348.0,5336.0
190,2018-09-07,verano,2018,September,0,Viernes,1,1,30.6475,34.50125,57.8333,12.292557,1743.0,3138.0,4881.0
191,2018-10-07,otoño,2018,October,0,Domingo,0,1,31.2625,36.4902,63.5833,18.916579,723.0,3363.0,4086.0
192,2018-11-07,otoño,2018,November,0,Miercoles,1,1,32.560847,36.96375,55.9167,13.417018,662.0,3596.0,4258.0
193,2018-12-07,otoño,2018,December,0,Viernes,1,1,30.613347,34.4702,63.1667,9.790911,748.0,3594.0,4342.0
194,2018-07-13,verano,2018,July,0,Viernes,1,1,27.914153,31.7552,47.625,16.124689,888.0,4196.0,5084.0
195,2018-07-14,verano,2018,July,0,Sabado,0,1,27.196653,31.21855,59.125,12.249811,1318.0,4220.0,5538.0
196,2018-07-15,verano,2018,July,0,Domingo,0,1,28.153347,31.91315,58.5,13.958914,2418.0,3505.0,5923.0
197,2018-07-16,verano,2018,July,0,Lunes,1,1,29.485847,33.49165,60.4167,16.417211,2006.0,3296.0,5302.0
198,2018-07-17,verano,2018,July,0,Martes,1,1,30.613347,35.19625,65.125,14.458868,841.0,3617.0,4458.0
199,2018-07-18,verano,2018,July,0,Miercoles,1,1,31.843347,37.37395,65.0417,8.7502,752.0,3789.0,4541.0
200,2018-07-19,verano,2018,July,0,Jueves,1,1,31.501653,37.3425,70.7083,7.625739,644.0,3688.0,4332.0
201,2018-07-20,verano,2018,July,0,Viernes,1,1,33.415,41.31855,69.125,14.875407,632.0,3152.0,3784.0
202,2018-07-21,verano,2018,July,0,Sabado,0,2,34.781653,42.0448,58.0417,8.9177,562.0,2825.0,3387.0
203,2018-07-22,verano,2018,July,0,Domingo,0,1,34.815847,40.21435,50.0,8.791807,987.0,2298.0,3285.0
204,2018-07-23,verano,2018,July,0,Lunes,1,1,34.03,39.74145,55.0833,11.334457,1050.0,2556.0,3606.0
205,2018-07-24,verano,2018,July,0,Martes,1,1,30.476653,36.0479,75.7083,6.0841561,568.0,3272.0,3840.0
206,2018-07-25,verano,2018,July,0,Miercoles,1,1,31.638347,34.84895,54.0833,13.417286,750.0,3840.0,4590.0
207,2018-07-26,verano,2018,July,0,Jueves,1,1,31.775,34.53335,40.2917,12.292021,755.0,3901.0,4656.0
208,2018-07-27,verano,2018,July,0,Viernes,1,1,31.945847,36.995,58.3333,11.958093,606.0,3784.0,4390.0
209,2018-07-28,verano,2018,July,0,Sabado,0,1,34.371653,39.29835,54.25,11.667246,670.0,3176.0,3846.0
210,2018-07-29,verano,2018,July,0,Domingo,0,1,32.970847,36.42685,46.5833,11.291979,1559.0,2916.0,4475.0
211,2018-07-30,verano,2018,July,0,Lunes,1,1,33.039153,36.4898,48.0833,11.042471,1524.0,2778.0,4302.0
212,2018-07-31,verano,2018,July,0,Martes,1,1,31.638347,35.1646,55.0833,10.500039,729.0,3537.0,4266.0
213,2018-01-08,invierno,2018,January,0,Lunes,1,1,32.116653,35.35355,49.125,13.79195,801.0,4044.0,4845.0
214,2018-02-08,invierno,2018,February,0,Jueves,1,1,29.998347,33.99685,65.75,9.084061,467.0,3107.0,3574.0
215,2018-03-08,invierno,2018,March,0,Jueves,1,2,29.11,33.2394,75.75,13.20905,799.0,3777.0,4576.0
216,2018-04-08,primavera,2018,April,0,Domingo,0,2,29.144153,32.82835,63.0833,12.374632,1023.0,3843.0,4866.0
217,2018-05-08,primavera,2018,May,0,Martes,1,1,29.383347,33.8077,75.5,15.29275,1521.0,2773.0,4294.0
218,2018-06-08,primavera,2018,June,0,Viernes,1,2,30.4425,35.7646,75.2917,13.499629,1298.0,2487.0,3785.0
219,2018-07-08,verano,2018,July,0,Domingo,0,1,31.365,35.16415,59.2083,12.875725,846.0,3480.0,4326.0
220,2018-08-08,verano,2018,August,0,Miercoles,1,1,31.775,36.20605,57.0417,10.125107,907.0,3695.0,4602.0
221,2018-09-08,verano,2018,September,0,Sabado,0,1,31.433347,34.24915,42.4167,13.417286,884.0,3896.0,4780.0
222,2018-10-08,otoño,2018,October,1,Lunes,0,1,29.4175,32.57605,42.375,11.041332,812.0,3980.0,4792.0
223,2018-11-08,otoño,2018,November,0,Jueves,1,1,29.041653,32.7021,41.5,8.416607,1051.0,3854.0,4905.0
224,2018-12-08,otoño,2018,December,0,Sabado,0,1,28.119153,32.2929,72.9583,14.167418,1504.0,2646.0,4150.0
225,2018-08-13,verano,2018,August,0,Lunes,1,2,27.743347,31.2194,81.75,14.916411,1338.0,2482.0,3820.0
226,2018-08-14,verano,2018,August,0,Martes,1,2,27.299153,30.80835,71.2083,13.999918,775.0,3563.0,4338.0
227,2018-08-15,verano,2018,August,0,Miercoles,1,1,28.734153,32.29185,57.8333,15.834043,721.0,4004.0,4725.0
228,2018-08-16,verano,2018,August,0,Jueves,1,1,29.656653,33.33355,57.5417,9.625689,668.0,4026.0,4694.0
229,2018-08-17,verano,2018,August,0,Viernes,1,1,29.178347,33.1129,65.4583,15.624936,639.0,3166.0,3805.0
230,2018-08-18,verano,2018,August,0,Sabado,0,1,28.085,31.66105,72.2917,9.333636,797.0,3356.0,4153.0
231,2018-08-19,verano,2018,August,0,Domingo,0,2,28.5975,32.4498,67.4167,6.999289,1914.0,3277.0,5191.0
232,2018-08-20,verano,2018,August,0,Lunes,1,1,29.144153,33.77625,77.0,16.666518,1249.0,2624.0,3873.0
233,2018-08-21,verano,2018,August,0,Martes,1,1,28.358347,31.9127,47.0,18.54225,833.0,3925.0,4758.0
234,2018-08-22,verano,2018,August,0,Miercoles,1,1,26.274153,30.30335,45.5417,9.833121,1281.0,4614.0,5895.0
235,2018-08-23,verano,2018,August,0,Jueves,1,1,27.606653,31.5346,60.5,16.958236,949.0,4181.0,5130.0
236,2018-08-24,verano,2018,August,0,Viernes,1,1,28.050847,32.2927,77.1667,14.125811,435.0,3107.0,3542.0
237,2018-08-25,verano,2018,August,0,Sabado,0,2,28.7,32.98665,76.125,5.6254875,768.0,3893.0,4661.0
238,2018-08-26,verano,2018,August,0,Domingo,0,1,27.88,31.7778,85.0,25.166339,226.0,889.0,1115.0
239,2018-08-27,verano,2018,August,0,Lunes,1,2,28.989419,32.39795,56.1765,20.412153,1415.0,2919.0,4334.0
240,2018-08-28,verano,2018,August,0,Martes,1,1,26.103347,30.3979,55.4583,10.708275,729.0,3905.0,4634.0
241,2018-08-29,verano,2018,August,0,Miercoles,1,1,26.205847,29.7352,54.8333,8.375536,775.0,4429.0,5204.0
242,2018-08-30,verano,2018,August,0,Jueves,1,1,26.923347,30.55605,59.7917,5.5833311,688.0,4370.0,5058.0
243,2018-08-31,verano,2018,August,0,Viernes,1,1,26.855,30.74605,63.9167,9.500332,783.0,4332.0,5115.0
244,2018-01-09,invierno,2018,January,0,Martes,1,1,26.376653,30.2404,72.7083,9.375243,875.0,3852.0,4727.0
245,2018-02-09,invierno,2018,February,0,Viernes,1,2,27.435847,31.66065,71.6667,12.416775,1935.0,2549.0,4484.0
246,2018-03-09,invierno,2018,March,0,Viernes,1,1,29.075847,33.27145,74.2083,13.833289,2521.0,2419.0,4940.0
247,2018-04-09,primavera,2018,April,0,Lunes,1,1,27.606653,31.2823,79.0417,14.250632,1236.0,2115.0,3351.0
248,2018-05-09,primavera,2018,May,0,Miercoles,1,2,22.14,25.76,88.6957,23.044181,204.0,2506.0,2710.0
249,2018-06-09,primavera,2018,June,0,Sabado,0,3,24.565847,27.21145,91.7083,6.5003936,118.0,1878.0,1996.0
250,2018-07-09,verano,2018,July,0,Lunes,1,3,25.990433,27.76805,93.9565,12.914116,153.0,1689.0,1842.0
251,2018-08-09,verano,2018,August,0,Jueves,1,3,26.65,28.9473,89.7917,8.333393,417.0,3127.0,3544.0
252,2018-09-09,verano,2018,September,0,Domingo,0,2,27.06,30.3981,75.375,10.291736,1750.0,3595.0,5345.0
253,2018-10-09,otoño,2018,October,0,Martes,1,1,26.786653,30.46145,71.375,7.708618,1633.0,3413.0,5046.0
254,2018-11-09,otoño,2018,November,0,Viernes,1,1,26.418268,30.1065,69.2174,5.957171,690.0,4023.0,4713.0
255,2018-12-09,otoño,2018,December,0,Domingo,0,1,26.684153,30.1777,71.25,9.500868,701.0,4062.0,4763.0
256,2018-09-13,verano,2018,September,0,Jueves,1,1,27.606653,31.345,69.7083,11.2091,647.0,4138.0,4785.0
257,2018-09-14,verano,2018,September,0,Viernes,1,1,23.6775,27.68355,70.9167,18.166782,428.0,3231.0,3659.0
258,2018-09-15,verano,2018,September,0,Sabado,0,2,19.235847,23.07375,59.0417,11.000261,742.0,4018.0,4760.0
259,2018-09-16,verano,2018,September,0,Domingo,0,2,20.158347,23.9256,71.8333,12.708225,1434.0,3077.0,4511.0
260,2018-09-17,verano,2018,September,0,Lunes,1,2,20.8075,24.52685,69.5,11.958361,1353.0,2921.0,4274.0
261,2018-09-18,verano,2018,September,0,Martes,1,1,22.515847,26.48375,69.0,10.166714,691.0,3848.0,4539.0
262,2018-09-19,verano,2018,September,0,Miercoles,1,2,23.028347,26.61085,88.125,9.041918,438.0,3203.0,3641.0
263,2018-09-20,verano,2018,September,0,Jueves,1,2,24.395,27.52665,90.0,6.4590814,539.0,3813.0,4352.0
264,2018-09-21,otoño,2018,September,0,Viernes,1,2,25.761653,27.74815,90.2083,8.584375,555.0,4240.0,4795.0
265,2018-09-22,otoño,2018,September,0,Sabado,0,2,24.975847,26.10625,97.25,5.2505689,258.0,2137.0,2395.0
266,2018-09-23,otoño,2018,September,0,Domingo,0,2,24.873347,28.2206,86.25,5.2516811,1776.0,3647.0,5423.0
267,2018-09-24,otoño,2018,September,0,Lunes,1,2,26.000847,28.63185,84.5,3.3754064,1544.0,3466.0,5010.0
268,2018-09-25,otoño,2018,September,0,Martes,1,2,26.615847,29.4521,84.8333,7.4169,684.0,3946.0,4630.0
269,2018-09-26,otoño,2018,September,0,Miercoles,1,2,26.103347,28.72625,88.5417,7.917457,477.0,3643.0,4120.0
270,2018-09-27,otoño,2018,September,0,Jueves,1,2,26.035,28.7579,84.875,9.958143,480.0,3427.0,3907.0
271,2018-09-28,otoño,2018,September,0,Viernes,1,2,25.283347,28.7256,69.9167,11.583161,653.0,4186.0,4839.0
272,2018-09-29,otoño,2018,September,0,Sabado,0,1,23.130847,27.24145,64.75,13.833825,830.0,4372.0,5202.0
273,2018-09-30,otoño,2018,September,0,Domingo,0,1,16.81,20.64315,75.375,19.583832,480.0,1949.0,2429.0
274,2018-01-10,invierno,2018,January,0,Miercoles,1,2,14.623347,17.26585,79.1667,14.874871,616.0,2302.0,2918.0
275,2018-02-10,invierno,2018,February,0,Sabado,0,2,15.750847,19.6023,76.0833,5.5841686,330.0,3240.0,3570.0
276,2018-03-10,invierno,2018,March,0,Sabado,0,2,19.850847,23.6429,71.0,13.792218,486.0,3970.0,4456.0
277,2018-04-10,primavera,2018,April,0,Martes,1,1,22.071653,26.3569,64.7917,11.87575,559.0,4267.0,4826.0
278,2018-05-10,primavera,2018,May,0,Jueves,1,1,20.260847,24.02125,62.0833,9.041918,639.0,4126.0,4765.0
279,2018-06-10,primavera,2018,June,0,Domingo,0,1,20.944153,25.2202,68.4167,1.5002439,949.0,4036.0,4985.0
280,2018-07-10,verano,2018,July,0,Martes,1,1,21.388347,25.6621,70.125,3.0420814,2235.0,3174.0,5409.0
281,2018-08-10,verano,2018,August,0,Viernes,1,1,22.174153,26.19915,72.75,4.25115,2397.0,3114.0,5511.0
282,2018-09-10,verano,2018,September,0,Lunes,1,1,23.404153,27.14625,73.375,2.8343814,1514.0,3603.0,5117.0
283,2018-10-10,otoño,2018,October,0,Miercoles,1,1,23.233347,27.3048,80.875,9.583814,667.0,3896.0,4563.0
284,2018-11-10,otoño,2018,November,0,Sabado,0,2,22.276653,25.88585,90.625,16.62605,217.0,2199.0,2416.0
285,2018-12-10,otoño,2018,December,0,Lunes,1,3,24.155847,27.5902,89.6667,9.499729,290.0,2623.0,2913.0
286,2018-10-13,otoño,2018,October,0,Sabado,0,2,22.584153,26.48375,71.625,15.000161,529.0,3115.0,3644.0
287,2018-10-14,otoño,2018,October,0,Domingo,0,2,20.773347,24.93625,48.3333,17.291561,1899.0,3318.0,5217.0
288,2018-10-15,otoño,2018,October,0,Lunes,1,1,20.978347,25.1577,48.6667,18.875039,1748.0,3293.0,5041.0
289,2018-10-16,otoño,2018,October,0,Martes,1,1,21.900847,25.53625,57.9583,11.750393,713.0,3857.0,4570.0
290,2018-10-17,otoño,2018,October,0,Miercoles,1,1,21.8325,26.13605,70.1667,7.375829,637.0,4111.0,4748.0
291,2018-10-18,otoño,2018,October,0,Jueves,1,2,22.211299,25.6924,89.5217,16.303713,254.0,2170.0,2424.0
292,2018-10-19,otoño,2018,October,0,Viernes,1,3,19.509153,23.32625,63.625,28.292425,471.0,3724.0,4195.0
293,2018-10-20,otoño,2018,October,0,Sabado,0,1,17.5275,21.1798,57.4167,14.833532,676.0,3628.0,4304.0
294,2018-10-21,otoño,2018,October,0,Domingo,0,1,17.3225,21.2746,62.9167,6.2086689,1499.0,2809.0,4308.0
295,2018-10-22,otoño,2018,October,0,Lunes,1,1,17.288347,21.11665,74.125,6.6673375,1619.0,2762.0,4381.0
296,2018-10-23,otoño,2018,October,0,Martes,1,1,18.996653,22.85335,77.2083,7.959064,699.0,3488.0,4187.0
297,2018-10-24,otoño,2018,October,0,Miercoles,1,1,19.338347,23.16875,62.2917,11.166086,695.0,3992.0,4687.0
298,2018-10-25,otoño,2018,October,0,Jueves,1,1,19.850847,23.6423,72.0417,9.959014,404.0,3490.0,3894.0
299,2018-10-26,otoño,2018,October,0,Viernes,1,2,19.27,22.8523,81.2917,13.250121,240.0,2419.0,2659.0
300,2018-10-27,otoño,2018,October,0,Sabado,0,2,13.564153,15.9406,58.5833,15.375093,456.0,3291.0,3747.0
301,2018-10-28,otoño,2018,October,0,Domingo,0,2,10.420847,11.39565,88.25,23.541857,57.0,570.0,627.0
302,2018-10-29,otoño,2018,October,0,Lunes,1,3,13.085847,16.06645,62.375,11.833339,885.0,2446.0,3331.0
303,2018-10-30,otoño,2018,October,0,Martes,1,1,13.94,17.80315,70.3333,7.12545,362.0,3307.0,3669.0
304,2018-10-31,otoño,2018,October,0,Miercoles,1,1,16.434153,19.8544,68.375,9.083257,410.0,3658.0,4068.0
305,2018-01-11,invierno,2018,January,0,Jueves,1,1,15.4775,19.50665,71.875,5.5001439,370.0,3816.0,4186.0
306,2018-02-11,invierno,2018,February,0,Domingo,0,1,16.741653,20.29605,70.2083,9.166739,318.0,3656.0,3974.0
307,2018-03-11,invierno,2018,March,0,Domingo,0,1,16.536653,20.1696,62.25,18.209193,470.0,3576.0,4046.0
308,2018-04-11,primavera,2018,April,0,Miercoles,1,2,13.393347,16.1927,51.9167,12.667154,1156.0,2770.0,3926.0
309,2018-05-11,primavera,2018,May,0,Viernes,1,1,14.281653,18.1179,73.4583,6.1676314,952.0,2697.0,3649.0
310,2018-06-11,primavera,2018,June,0,Lunes,1,1,16.195,20.04355,75.875,3.834075,373.0,3662.0,4035.0
311,2018-07-11,verano,2018,July,0,Miercoles,1,1,16.741653,20.6123,72.1667,4.6255125,376.0,3829.0,4205.0
312,2018-08-11,verano,2018,August,0,Sabado,0,1,16.4,20.45395,75.8333,4.1671186,305.0,3804.0,4109.0
313,2018-09-11,verano,2018,September,0,Martes,1,1,15.58,18.68605,81.3333,12.667489,190.0,2743.0,2933.0
314,2018-10-11,otoño,2018,October,0,Jueves,1,2,13.290847,15.34085,44.625,21.083225,440.0,2928.0,3368.0
315,2018-11-11,otoño,2018,November,0,Domingo,0,1,14.623347,17.8971,55.2917,14.208154,1275.0,2792.0,4067.0
316,2018-12-11,otoño,2018,December,0,Martes,1,1,18.074153,21.5275,45.8333,18.875307,1004.0,2713.0,3717.0
317,2018-11-13,otoño,2018,November,0,Martes,1,1,21.73,26.2306,58.7083,20.541932,595.0,3891.0,4486.0
318,2018-11-14,otoño,2018,November,0,Miercoles,1,1,21.73,25.37895,68.875,13.375411,449.0,3746.0,4195.0
319,2018-11-15,otoño,2018,November,0,Jueves,1,2,18.723347,22.5994,93.0,9.167543,145.0,1672.0,1817.0
320,2018-11-16,otoño,2018,November,0,Viernes,1,3,14.008347,16.16105,57.5833,20.459254,139.0,2914.0,3053.0
321,2018-11-17,otoño,2018,November,0,Sabado,0,2,11.240847,13.63605,41.0,11.291711,245.0,3147.0,3392.0
322,2018-11-18,otoño,2018,November,0,Domingo,0,1,13.495847,16.22415,50.2083,15.041232,943.0,2720.0,3663.0
323,2018-11-19,otoño,2018,November,0,Lunes,1,1,18.996653,22.8529,68.4583,12.45865,787.0,2733.0,3520.0
324,2018-11-20,otoño,2018,November,0,Martes,1,2,18.3475,22.2531,91.0,9.249618,220.0,2545.0,2765.0
325,2018-11-21,otoño,2018,November,0,Miercoles,1,3,17.083347,21.0848,96.25,7.959064,69.0,1538.0,1607.0
326,2018-11-22,otoño,2018,November,1,Jueves,0,3,18.074153,21.52685,75.7917,22.500275,112.0,2454.0,2566.0
327,2018-11-23,otoño,2018,November,0,Viernes,1,2,15.306653,18.62355,54.9167,11.209368,560.0,935.0,1495.0
328,2018-11-24,otoño,2018,November,0,Sabado,0,1,15.375,19.03355,64.375,6.6260186,1095.0,1697.0,2792.0
329,2018-11-25,otoño,2018,November,0,Domingo,0,1,15.409153,19.25435,68.1667,4.5841936,1249.0,1819.0,3068.0
330,2018-11-26,otoño,2018,November,0,Lunes,1,1,18.825847,22.79,69.8333,13.999918,810.0,2261.0,3071.0
331,2018-11-27,otoño,2018,November,0,Martes,1,1,20.642598,24.5061,74.3043,9.522174,253.0,3614.0,3867.0
332,2018-11-28,otoño,2018,November,0,Miercoles,1,1,18.791653,22.56875,83.0833,17.292164,96.0,2818.0,2914.0
333,2018-11-29,otoño,2018,November,0,Jueves,1,2,13.325,15.56105,61.3333,18.167586,188.0,3425.0,3613.0
334,2018-11-30,otoño,2018,November,0,Viernes,1,1,12.8125,15.2777,52.4583,14.750586,182.0,3545.0,3727.0
335,2018-01-12,invierno,2018,January,0,Viernes,1,1,12.880847,16.57165,62.5833,6.750518,268.0,3672.0,3940.0
336,2018-02-12,invierno,2018,February,0,Lunes,1,1,12.265847,15.5302,61.2917,6.4174811,706.0,2908.0,3614.0
337,2018-03-12,invierno,2018,March,0,Lunes,1,1,13.564153,17.455,77.5833,5.6252061,634.0,2851.0,3485.0
338,2018-04-12,primavera,2018,April,0,Jueves,1,1,15.819153,19.69625,82.7083,4.1679561,233.0,3578.0,3811.0
339,2018-05-12,primavera,2018,May,0,Sabado,0,2,18.9625,22.82,94.9583,15.583061,126.0,2468.0,2594.0
340,2018-06-12,primavera,2018,June,0,Martes,1,3,16.81,20.0123,97.0417,17.833725,50.0,655.0,705.0
341,2018-07-12,verano,2018,July,0,Jueves,1,3,10.899153,12.8469,58.0,16.083886,150.0,3172.0,3322.0
342,2018-08-12,verano,2018,August,0,Domingo,0,1,11.924153,15.8771,69.5833,5.5420189,261.0,3359.0,3620.0
343,2018-09-12,verano,2018,September,0,Miercoles,1,1,11.275,13.3206,50.75,15.625807,502.0,2688.0,3190.0
344,2018-10-12,otoño,2018,October,0,Viernes,1,1,9.054153,12.6577,49.0,4.4582939,377.0,2366.0,2743.0
345,2018-11-12,otoño,2018,November,1,Lunes,0,1,9.771653,13.5098,67.0833,4.25115,143.0,3167.0,3310.0
346,2018-12-12,otoño,2018,December,0,Miercoles,1,1,11.5825,15.0569,59.0,9.41685,155.0,3368.0,3523.0
347,2018-12-13,otoño,2018,December,0,Jueves,1,1,13.0175,16.9181,66.375,4.0842061,178.0,3562.0,3740.0
348,2018-12-14,otoño,2018,December,0,Viernes,1,2,17.3225,20.61185,63.4167,17.958814,181.0,3528.0,3709.0
349,2018-12-15,otoño,2018,December,0,Sabado,0,2,15.375,17.99125,50.0417,17.458525,178.0,3399.0,3577.0
350,2018-12-16,otoño,2018,December,0,Domingo,0,2,10.591653,12.46855,56.0833,16.292189,275.0,2464.0,2739.0
351,2018-12-17,otoño,2018,December,0,Lunes,1,2,9.771653,12.27895,58.625,11.375193,220.0,2211.0,2431.0
352,2018-12-18,otoño,2018,December,0,Martes,1,1,11.343347,14.04665,63.75,11.584032,260.0,3143.0,3403.0
353,2018-12-19,otoño,2018,December,0,Miercoles,1,1,15.819153,19.8227,59.5417,4.1252436,216.0,3534.0,3750.0
354,2018-12-20,otoño,2018,December,0,Jueves,1,2,17.561653,21.40085,85.8333,14.8338,107.0,2553.0,2660.0
355,2018-12-21,invierno,2018,December,0,Viernes,1,2,17.356653,21.30605,75.75,3.167425,227.0,2841.0,3068.0
356,2018-12-22,invierno,2018,December,0,Sabado,0,2,15.306653,18.87565,68.625,18.374482,163.0,2046.0,2209.0
357,2018-12-23,invierno,2018,December,0,Domingo,0,1,12.4025,14.9621,54.25,12.750368,155.0,856.0,1011.0
358,2018-12-24,invierno,2018,December,0,Lunes,1,1,11.266103,13.99805,68.1304,10.391097,303.0,451.0,754.0
359,2018-12-25,invierno,2018,December,1,Martes,0,1,13.191299,15.77675,50.6957,16.044155,430.0,887.0,1317.0
360,2018-12-26,invierno,2018,December,0,Miercoles,1,1,13.325,16.38165,76.25,12.62615,103.0,1059.0,1162.0
361,2018-12-27,invierno,2018,December,0,Jueves,1,2,12.26433,13.9987,50.3913,19.695387,255.0,2047.0,2302.0
362,2018-12-28,invierno,2018,December,0,Viernes,1,1,10.181653,13.1946,57.4167,8.000604,254.0,2169.0,2423.0
363,2018-12-29,invierno,2018,December,0,Sabado,0,1,12.778347,15.9406,63.6667,9.000579,491.0,2508.0,2999.0
364,2018-12-30,invierno,2018,December,0,Domingo,0,1,16.81,20.70605,61.5833,14.750318,665.0,1820.0,2485.0
365,2018-12-31,invierno,2018,December,0,Lunes,1,1,15.17,18.78105,69.25,12.875189,686.0,1608.0,2294.0
366,2019-01-01,invierno,2019,January,1,Martes,0,1,11.194763,12.6152,38.1304,22.087555,244.0,1707.0,1951.0
367,2019-02-01,invierno,2019,February,0,Viernes,1,1,6.15,6.31375,44.125,24.499957,89.0,2147.0,2236.0
368,2019-03-01,invierno,2019,March,0,Viernes,1,1,4.4075,5.96685,41.4583,12.3749,95.0,2273.0,2368.0
369,2019-04-01,primavera,2019,April,0,Lunes,1,2,10.899153,13.9206,52.4167,8.709129,140.0,3132.0,3272.0
370,2019-05-01,primavera,2019,May,0,Miercoles,1,1,13.700847,17.01335,54.2083,11.249836,307.0,3791.0,4098.0
371,2019-06-01,primavera,2019,June,0,Sabado,0,1,16.126653,19.53895,53.1667,11.708786,1070.0,3451.0,4521.0
372,2019-07-01,verano,2019,July,0,Lunes,1,1,13.8375,17.0129,46.5,12.833314,599.0,2826.0,3425.0
373,2019-08-01,verano,2019,August,0,Jueves,1,1,9.190847,12.37395,70.1667,6.6263,106.0,2270.0,2376.0
374,2019-09-01,verano,2019,September,0,Domingo,0,2,12.656536,15.9413,64.6522,12.565984,173.0,3425.0,3598.0
375,2019-10-01,otoño,2019,October,0,Martes,1,1,11.240847,14.14105,84.75,8.791807,92.0,2085.0,2177.0
376,2019-11-01,otoño,2019,November,0,Viernes,1,2,15.6825,19.0969,80.2917,12.124789,269.0,3828.0,4097.0
377,2019-12-01,otoño,2019,December,0,Domingo,0,2,11.240847,12.4681,50.75,25.333236,174.0,3040.0,3214.0
378,2019-01-13,invierno,2019,January,0,Domingo,0,1,7.38,9.15435,45.75,12.541261,333.0,2160.0,2493.0
379,2019-01-14,invierno,2019,January,0,Lunes,1,1,6.833347,8.08125,41.9167,16.834286,284.0,2027.0,2311.0
380,2019-01-15,invierno,2019,January,0,Martes,1,1,7.79,9.53315,52.25,15.500986,217.0,2081.0,2298.0
381,2019-01-16,invierno,2019,January,0,Miercoles,1,1,15.294763,18.2139,71.6087,23.39171,127.0,2808.0,2935.0
382,2019-01-17,invierno,2019,January,0,Jueves,1,2,12.436653,13.7627,44.3333,27.833743,109.0,3267.0,3376.0
383,2019-01-18,invierno,2019,January,0,Viernes,1,1,7.79,9.5019,49.75,14.750586,130.0,3162.0,3292.0
384,2019-01-19,invierno,2019,January,0,Sabado,0,1,8.9175,11.0479,45.0,13.58425,115.0,3048.0,3163.0
385,2019-01-20,invierno,2019,January,0,Domingo,0,2,7.106653,8.74375,83.125,14.917014,67.0,1234.0,1301.0
386,2019-01-21,invierno,2019,January,1,Lunes,0,2,6.6625,8.1125,79.625,13.375746,196.0,1781.0,1977.0
387,2019-01-22,invierno,2019,January,0,Martes,1,2,8.951653,12.1529,91.125,7.417436,145.0,2287.0,2432.0
388,2019-01-23,invierno,2019,January,0,Miercoles,1,2,14.0425,17.4554,83.5833,8.292389,439.0,3900.0,4339.0
389,2019-01-24,invierno,2019,January,0,Jueves,1,1,12.060847,14.74105,64.375,10.791757,467.0,3803.0,4270.0
390,2019-01-25,invierno,2019,January,0,Viernes,1,1,14.008347,17.8025,76.9583,4.9175186,244.0,3831.0,4075.0
391,2019-01-26,invierno,2019,January,0,Sabado,0,2,17.425,20.76915,74.125,22.958689,269.0,3187.0,3456.0
392,2019-01-27,invierno,2019,January,0,Domingo,0,2,12.949153,16.31895,54.3333,14.125543,775.0,3248.0,4023.0
393,2019-01-28,invierno,2019,January,0,Lunes,1,1,11.5825,13.63605,31.125,16.08335,558.0,2685.0,3243.0
394,2019-01-29,invierno,2019,January,0,Martes,1,1,11.035847,13.13125,40.0833,14.458064,126.0,3498.0,3624.0
395,2019-01-30,invierno,2019,January,0,Miercoles,1,1,15.99,19.06585,41.6667,17.541739,324.0,4185.0,4509.0
396,2019-01-31,invierno,2019,January,0,Jueves,1,1,19.235847,23.3269,50.7917,12.667489,304.0,4275.0,4579.0
397,2019-01-02,invierno,2019,January,0,Miercoles,1,1,16.365847,19.94855,67.2917,12.541529,190.0,3571.0,3761.0
398,2019-02-02,invierno,2019,February,0,Sabado,0,2,12.846653,15.4673,52.6667,11.959232,310.0,3841.0,4151.0
399,2019-03-02,invierno,2019,March,0,Sabado,0,1,10.830847,13.63625,77.9583,8.167032,384.0,2448.0,2832.0
400,2019-04-02,primavera,2019,April,0,Martes,1,2,10.899153,13.22605,68.7917,11.791732,318.0,2629.0,2947.0
401,2019-05-02,primavera,2019,May,0,Jueves,1,2,11.586969,14.8213,62.2174,10.3046,206.0,3578.0,3784.0
402,2019-06-02,primavera,2019,June,0,Domingo,0,1,14.520847,18.0552,49.625,9.874393,199.0,4176.0,4375.0
403,2019-07-02,verano,2019,July,0,Martes,1,1,10.523347,13.32105,72.2917,8.959307,109.0,2693.0,2802.0
404,2019-08-02,verano,2019,August,0,Viernes,1,2,10.865,13.0994,56.2083,13.000479,163.0,3667.0,3830.0
405,2019-09-02,verano,2019,September,1,Lunes,0,1,11.514153,14.6779,54.0,7.834243,227.0,3604.0,3831.0
406,2019-10-02,otoño,2019,October,0,Miercoles,1,2,9.190847,10.54335,73.125,19.416332,192.0,1977.0,2169.0
407,2019-11-02,otoño,2019,November,0,Sabado,0,3,5.2275,5.0829,46.4583,27.417204,73.0,1456.0,1529.0
408,2019-12-02,otoño,2019,December,0,Lunes,1,1,9.1225,11.39565,41.125,11.207961,94.0,3328.0,3422.0
409,2019-02-13,invierno,2019,February,0,Miercoles,1,1,13.085847,16.6973,50.875,9.458993,135.0,3787.0,3922.0
410,2019-02-14,invierno,2019,February,0,Jueves,1,2,14.281653,17.58145,53.125,12.1672,141.0,4028.0,4169.0
411,2019-02-15,invierno,2019,February,0,Viernes,1,1,12.983347,16.5081,75.2917,6.125475,74.0,2931.0,3005.0
412,2019-02-16,invierno,2019,February,0,Sabado,0,2,14.076653,17.58145,63.4583,13.791682,349.0,3805.0,4154.0
413,2019-02-17,invierno,2019,February,0,Domingo,0,1,14.213347,17.77125,53.4583,12.792243,1435.0,2883.0,4318.0
414,2019-02-18,invierno,2019,February,0,Lunes,1,1,11.48,13.2894,51.5833,16.958504,618.0,2071.0,2689.0
415,2019-02-19,invierno,2019,February,0,Martes,1,2,11.48,13.66955,50.7826,15.348561,502.0,2627.0,3129.0
416,2019-02-20,invierno,2019,February,0,Miercoles,1,1,11.800866,14.75565,59.4348,13.783039,163.0,3614.0,3777.0
417,2019-02-21,invierno,2019,February,0,Jueves,1,1,16.229153,19.63335,56.7917,15.709557,394.0,4379.0,4773.0
418,2019-02-22,invierno,2019,February,0,Viernes,1,1,18.620847,22.2223,55.4583,12.791171,516.0,4546.0,5062.0
419,2019-02-23,invierno,2019,February,0,Sabado,0,1,16.7075,20.54855,73.75,15.916989,246.0,3241.0,3487.0
420,2019-02-24,invierno,2019,February,0,Domingo,0,2,11.924153,12.78375,39.5833,28.250014,317.0,2415.0,2732.0
421,2019-02-25,invierno,2019,February,0,Lunes,1,1,11.445847,13.4154,41.0,13.750343,515.0,2874.0,3389.0
422,2019-02-26,invierno,2019,February,0,Martes,1,1,15.033347,17.8977,49.0833,17.958211,253.0,4069.0,4322.0
423,2019-02-27,invierno,2019,February,0,Miercoles,1,1,14.725847,17.67625,39.5833,12.958939,229.0,4134.0,4363.0
424,2019-02-28,invierno,2019,February,0,Jueves,1,1,19.919153,23.76855,61.5417,15.208129,325.0,4665.0,4990.0
425,2019-01-03,invierno,2019,January,0,Jueves,1,1,14.486653,17.9921,65.7083,9.708568,246.0,2948.0,3194.0
426,2019-02-03,invierno,2019,February,0,Domingo,0,2,16.980847,20.6746,62.125,10.792293,956.0,3110.0,4066.0
427,2019-03-03,invierno,2019,March,0,Domingo,0,2,13.359153,15.15105,40.3333,22.416257,710.0,2713.0,3423.0
428,2019-04-03,primavera,2019,April,0,Miercoles,1,1,9.976653,12.05855,50.625,15.333486,203.0,3130.0,3333.0
429,2019-05-03,primavera,2019,May,0,Viernes,1,1,10.591653,12.7521,45.6667,13.458625,221.0,3735.0,3956.0
430,2019-06-03,primavera,2019,June,0,Lunes,1,1,16.570847,19.255,51.3333,23.167193,432.0,4484.0,4916.0
431,2019-07-03,verano,2019,July,0,Miercoles,1,1,21.6275,26.2302,56.75,29.584721,486.0,4896.0,5382.0
432,2019-08-03,verano,2019,August,0,Sabado,0,1,16.844153,19.85415,40.7083,27.7916,447.0,4122.0,4569.0
433,2019-09-03,verano,2019,September,0,Martes,1,2,11.7875,13.88835,35.0417,15.12525,968.0,3150.0,4118.0
434,2019-10-03,otoño,2019,October,0,Jueves,1,1,14.831299,17.9835,47.6957,14.913329,1658.0,3253.0,4911.0
435,2019-11-03,otoño,2019,November,0,Domingo,0,1,19.133347,22.9796,48.9167,13.916771,838.0,4460.0,5298.0
436,2019-12-03,otoño,2019,December,0,Martes,1,1,23.165,27.14645,61.75,15.87565,762.0,5085.0,5847.0
437,2019-03-13,invierno,2019,March,0,Miercoles,1,1,23.4725,27.43085,50.7083,7.709154,997.0,5315.0,6312.0
438,2019-03-14,invierno,2019,March,0,Jueves,1,1,22.8575,26.64125,57.9583,10.042161,1005.0,5187.0,6192.0
439,2019-03-15,invierno,2019,March,0,Viernes,1,1,17.869153,21.81145,84.2083,7.583864,548.0,3830.0,4378.0
440,2019-03-16,invierno,2019,March,0,Sabado,0,2,21.080847,25.2523,75.5833,7.417168,3155.0,4681.0,7836.0
441,2019-03-17,invierno,2019,March,0,Domingo,0,2,19.3725,23.2,81.0,8.501161,2207.0,3685.0,5892.0
442,2019-03-18,invierno,2019,March,0,Lunes,1,2,22.345,26.64105,72.875,10.875239,982.0,5171.0,6153.0
443,2019-03-19,invierno,2019,March,0,Martes,1,1,22.994153,26.92665,80.7917,8.125157,1051.0,5042.0,6093.0
444,2019-03-20,invierno,2019,March,0,Miercoles,1,1,21.798347,25.6629,82.125,6.0004061,1122.0,5108.0,6230.0
445,2019-03-21,primavera,2019,March,0,Jueves,1,2,22.720847,26.57835,83.125,7.876654,1334.0,5537.0,6871.0
446,2019-03-22,primavera,2019,March,0,Viernes,1,1,24.668347,28.50335,69.4167,7.7921,2469.0,5893.0,8362.0
447,2019-03-23,primavera,2019,March,0,Sabado,0,2,20.6025,24.33665,88.5417,12.916461,1033.0,2339.0,3372.0
448,2019-03-24,primavera,2019,March,0,Domingo,0,2,17.9375,21.8744,88.0833,14.791925,1532.0,3464.0,4996.0
449,2019-03-25,primavera,2019,March,0,Lunes,1,2,18.279153,21.9375,47.7917,25.917007,795.0,4763.0,5558.0
450,2019-03-26,primavera,2019,March,0,Martes,1,1,13.256653,15.7827,29.0,12.541864,531.0,4571.0,5102.0
451,2019-03-27,primavera,2019,March,0,Miercoles,1,1,19.850847,23.5475,48.125,19.541957,674.0,5024.0,5698.0
452,2019-03-28,primavera,2019,March,0,Jueves,1,1,20.260847,24.1152,43.9167,21.41655,834.0,5299.0,6133.0
453,2019-03-29,primavera,2019,March,0,Viernes,1,1,15.17,18.78105,58.0833,9.250489,796.0,4663.0,5459.0
454,2019-03-30,primavera,2019,March,0,Sabado,0,2,17.390847,21.0854,73.8333,16.791339,2301.0,3934.0,6235.0
455,2019-03-31,primavera,2019,March,0,Domingo,0,2,17.459153,20.86435,67.625,11.541889,2347.0,3694.0,6041.0
456,2019-01-04,invierno,2019,January,0,Viernes,1,2,17.790433,21.37565,50.4348,20.913313,1208.0,4728.0,5936.0
457,2019-02-04,invierno,2019,February,0,Lunes,1,1,19.133347,23.07415,39.6667,6.708911,1348.0,5424.0,6772.0
458,2019-03-04,invierno,2019,March,0,Lunes,1,1,22.208347,26.6725,46.9583,12.125325,1058.0,5378.0,6436.0
459,2019-04-04,primavera,2019,April,0,Jueves,1,1,17.835,21.55815,37.4167,14.708443,1192.0,5265.0,6457.0
460,2019-05-04,primavera,2019,May,0,Sabado,0,1,16.536653,19.53835,37.7083,20.125996,1807.0,4653.0,6460.0
461,2019-06-04,primavera,2019,June,0,Martes,1,1,17.9375,21.30645,25.4167,18.416357,3252.0,3605.0,6857.0
462,2019-07-04,verano,2019,July,1,Jueves,0,1,20.5,24.62125,27.5833,15.583932,2230.0,2939.0,5169.0
463,2019-08-04,verano,2019,August,0,Domingo,0,1,20.055847,23.8319,31.75,23.999132,905.0,4680.0,5585.0
464,2019-09-04,verano,2019,September,0,Miercoles,1,1,18.313347,21.81165,43.5,16.708125,819.0,5099.0,5918.0
465,2019-10-04,otoño,2019,October,0,Viernes,1,1,14.296536,16.8637,46.9565,19.783358,482.0,4380.0,4862.0
466,2019-11-04,otoño,2019,November,0,Lunes,1,1,16.2975,19.3802,46.625,19.458743,663.0,4746.0,5409.0
467,2019-12-04,otoño,2019,December,0,Miercoles,1,1,18.1425,21.5904,40.8333,10.416557,1252.0,5146.0,6398.0
468,2019-04-13,primavera,2019,April,0,Sabado,0,1,20.295,24.3998,50.2917,12.791439,2795.0,4665.0,7460.0
469,2019-04-14,primavera,2019,April,0,Domingo,0,1,24.873347,28.69375,50.7917,15.083643,2846.0,4286.0,7132.0
470,2019-04-15,primavera,2019,April,0,Lunes,1,1,27.230847,30.74625,56.1667,19.083543,1198.0,5172.0,6370.0
471,2019-04-16,primavera,2019,April,0,Martes,1,1,24.941653,29.92435,39.0417,18.333143,989.0,5702.0,6691.0
472,2019-04-17,primavera,2019,April,0,Miercoles,1,1,18.996653,22.8519,56.9167,11.250104,347.0,4020.0,4367.0
473,2019-04-18,primavera,2019,April,0,Jueves,1,2,20.431653,24.6523,61.25,4.4172564,846.0,5719.0,6565.0
474,2019-04-19,primavera,2019,April,0,Viernes,1,1,21.593347,25.78875,69.4583,10.041357,1340.0,5950.0,7290.0
475,2019-04-20,primavera,2019,April,0,Sabado,0,1,23.37,27.14605,68.2917,19.000329,2541.0,4083.0,6624.0
476,2019-04-21,primavera,2019,April,0,Domingo,0,1,16.263347,19.4752,83.5417,23.084582,120.0,907.0,1027.0
477,2019-04-22,primavera,2019,April,0,Lunes,1,3,13.188347,15.05625,76.6667,20.334232,195.0,3019.0,3214.0
478,2019-04-23,primavera,2019,April,0,Martes,1,2,16.946653,20.26415,45.4167,16.708661,518.0,5115.0,5633.0
479,2019-04-24,primavera,2019,April,0,Miercoles,1,1,19.543347,23.51585,42.7917,7.959064,655.0,5541.0,6196.0
480,2019-04-25,primavera,2019,April,0,Jueves,1,1,20.431653,24.17915,75.6667,11.833875,475.0,4551.0,5026.0
481,2019-04-26,primavera,2019,April,0,Viernes,1,2,18.7575,22.63185,40.0833,23.291411,1014.0,5219.0,6233.0
482,2019-04-27,primavera,2019,April,0,Sabado,0,1,15.443347,18.8752,48.9583,8.708325,1120.0,3100.0,4220.0
483,2019-04-28,primavera,2019,April,0,Domingo,0,2,18.791653,22.50605,58.7083,7.832836,2229.0,4075.0,6304.0
484,2019-04-29,primavera,2019,April,0,Lunes,1,1,19.030847,22.8848,57.0,11.499746,665.0,4907.0,5572.0
485,2019-04-30,primavera,2019,April,0,Martes,1,2,25.146653,28.85105,65.9583,10.458432,653.0,5087.0,5740.0
486,2019-01-05,invierno,2019,January,0,Sabado,0,2,23.130847,26.8948,79.7083,9.249886,667.0,5502.0,6169.0
487,2019-02-05,invierno,2019,February,0,Martes,1,1,22.96,26.8621,76.8333,8.957632,764.0,5657.0,6421.0
488,2019-03-05,invierno,2019,March,0,Martes,1,2,25.7275,29.54585,73.5417,10.916846,1069.0,5227.0,6296.0
489,2019-04-05,primavera,2019,April,0,Viernes,1,1,25.488347,29.2304,75.6667,10.250464,2496.0,4387.0,6883.0
490,2019-05-05,primavera,2019,May,0,Domingo,0,2,23.0625,27.33685,74.0,10.041893,2135.0,4224.0,6359.0
491,2019-06-05,primavera,2019,June,0,Miercoles,1,2,22.0375,26.3571,66.4167,15.458307,1008.0,5265.0,6273.0
492,2019-07-05,verano,2019,July,0,Viernes,1,2,23.848347,27.87355,68.5833,19.833943,738.0,4990.0,5728.0
493,2019-08-05,verano,2019,August,0,Lunes,1,2,23.575,27.65125,74.4167,14.499604,620.0,4097.0,4717.0
494,2019-09-05,verano,2019,September,0,Jueves,1,2,20.739153,24.58915,55.2083,21.042221,1026.0,5546.0,6572.0
495,2019-10-05,otoño,2019,October,0,Sabado,0,1,21.866653,26.04165,36.0417,15.874779,1319.0,5711.0,7030.0
496,2019-11-05,otoño,2019,November,0,Martes,1,1,23.130847,27.24085,48.0417,8.249911,2622.0,4807.0,7429.0
497,2019-12-05,otoño,2019,December,0,Jueves,1,1,25.1125,29.2619,57.625,15.082839,2172.0,3946.0,6118.0
498,2019-05-13,primavera,2019,May,0,Lunes,1,1,23.506653,27.495,78.9583,14.250364,342.0,2501.0,2843.0
499,2019-05-14,primavera,2019,May,0,Martes,1,2,25.078347,28.8202,79.4583,9.875264,625.0,4490.0,5115.0
500,2019-05-15,primavera,2019,May,0,Miercoles,1,2,26.103347,29.79875,69.7917,8.208304,991.0,6433.0,7424.0
501,2019-05-16,primavera,2019,May,0,Jueves,1,1,24.326653,28.63065,52.0,15.374825,1242.0,6142.0,7384.0
502,2019-05-17,primavera,2019,May,0,Viernes,1,1,23.130847,27.55605,52.3333,9.166739,1521.0,6118.0,7639.0
503,2019-05-18,primavera,2019,May,0,Sabado,0,1,24.6,28.3454,45.625,5.626325,3410.0,4884.0,8294.0
504,2019-05-19,primavera,2019,May,0,Domingo,0,1,25.454153,29.19835,53.0417,17.042589,2704.0,4425.0,7129.0
505,2019-05-20,primavera,2019,May,0,Lunes,1,1,24.531653,28.28335,81.125,15.624668,630.0,3729.0,4359.0
506,2019-05-21,primavera,2019,May,0,Martes,1,2,25.215,29.04125,76.5833,7.917189,819.0,5254.0,6073.0
507,2019-05-22,primavera,2019,May,0,Miercoles,1,2,25.488347,29.2306,77.4583,6.834,766.0,4494.0,5260.0
508,2019-05-23,primavera,2019,May,0,Jueves,1,2,26.855,30.335,71.6667,11.584032,1059.0,5711.0,6770.0
509,2019-05-24,primavera,2019,May,0,Viernes,1,1,27.88,31.37645,74.7083,9.41685,1417.0,5317.0,6734.0
510,2019-05-25,primavera,2019,May,0,Sabado,0,1,28.3925,32.1348,73.25,13.332464,2855.0,3681.0,6536.0
511,2019-05-26,primavera,2019,May,0,Domingo,0,1,28.29,32.07125,69.7083,14.416457,3283.0,3308.0,6591.0
512,2019-05-27,primavera,2019,May,1,Lunes,0,1,29.2125,33.965,67.625,13.166907,2557.0,3486.0,6043.0
513,2019-05-28,primavera,2019,May,0,Martes,1,1,29.6225,33.6496,68.4583,19.7918,880.0,4863.0,5743.0
514,2019-05-29,primavera,2019,May,0,Miercoles,1,1,26.923347,30.55645,67.0,9.000043,745.0,6110.0,6855.0
515,2019-05-30,primavera,2019,May,0,Jueves,1,2,27.88,31.56645,49.2917,13.083693,1100.0,6238.0,7338.0
516,2019-05-31,primavera,2019,May,0,Viernes,1,1,26.820847,30.3981,75.5417,15.916721,533.0,3594.0,4127.0
517,2019-01-06,invierno,2019,January,0,Domingo,0,2,23.916653,28.3144,54.9167,12.499654,2795.0,5325.0,8120.0
518,2019-02-06,invierno,2019,February,0,Miercoles,1,1,24.7025,28.75665,49.3333,12.333829,2494.0,5147.0,7641.0
519,2019-03-06,invierno,2019,March,0,Miercoles,1,1,24.4975,28.91415,48.7083,19.083811,1071.0,5927.0,6998.0
520,2019-04-06,primavera,2019,April,0,Sabado,0,1,22.174153,26.2946,61.3333,14.041525,968.0,6033.0,7001.0
521,2019-05-06,primavera,2019,May,0,Lunes,1,2,22.720847,27.1146,61.125,5.167375,1027.0,6028.0,7055.0
522,2019-06-06,primavera,2019,June,0,Jueves,1,1,24.7025,28.4721,56.7083,10.54245,1038.0,6456.0,7494.0
523,2019-07-06,verano,2019,July,0,Sabado,0,1,26.615847,29.8931,46.7917,11.750661,1488.0,6248.0,7736.0
524,2019-08-06,verano,2019,August,0,Martes,1,1,29.144153,32.41835,43.7083,9.667229,2708.0,4790.0,7498.0
525,2019-09-06,verano,2019,September,0,Viernes,1,1,29.793347,33.17585,53.8333,8.959307,2224.0,4374.0,6598.0
526,2019-10-06,otoño,2019,October,0,Domingo,0,1,29.554153,32.98605,58.7917,13.916771,1017.0,5647.0,6664.0
527,2019-11-06,otoño,2019,November,0,Miercoles,1,2,26.786653,29.89375,83.3333,14.374582,477.0,4495.0,4972.0
528,2019-12-06,otoño,2019,December,0,Viernes,1,2,26.889153,30.55585,58.2083,22.999693,1173.0,6248.0,7421.0
529,2019-06-13,primavera,2019,June,0,Jueves,1,1,26.581653,31.21915,56.9583,17.000111,1180.0,6183.0,7363.0
530,2019-06-14,primavera,2019,June,0,Viernes,1,1,26.205847,29.9877,58.9583,11.833339,1563.0,6102.0,7665.0
531,2019-06-15,primavera,2019,June,0,Sabado,0,1,25.898347,29.7354,50.4167,11.166689,2963.0,4739.0,7702.0
532,2019-06-16,primavera,2019,June,0,Domingo,0,1,24.2925,28.59875,59.875,9.708568,2634.0,4344.0,6978.0
533,2019-06-17,primavera,2019,June,0,Lunes,1,1,23.301653,27.2421,77.7917,11.707982,653.0,4446.0,5099.0
534,2019-06-18,primavera,2019,June,0,Martes,1,2,28.221653,32.7346,69.0,9.917139,968.0,5857.0,6825.0
535,2019-06-19,primavera,2019,June,0,Miercoles,1,1,32.0825,36.04875,59.2083,7.625404,872.0,5339.0,6211.0
536,2019-06-20,primavera,2019,June,0,Jueves,1,1,33.039153,37.6271,56.7917,7.958729,778.0,5127.0,5905.0
537,2019-06-21,verano,2019,June,0,Viernes,1,1,31.8775,36.20605,57.375,12.250414,964.0,4859.0,5823.0
538,2019-06-22,verano,2019,June,0,Sabado,0,1,29.998347,32.6396,53.4583,12.041307,2657.0,4801.0,7458.0
539,2019-06-23,verano,2019,June,0,Domingo,0,1,30.476653,33.7127,47.9167,9.750175,2551.0,4340.0,6891.0
540,2019-06-24,verano,2019,June,0,Lunes,1,1,29.349153,32.7021,50.4167,20.125661,1139.0,5640.0,6779.0
541,2019-06-25,verano,2019,June,0,Martes,1,1,25.864153,29.7352,37.3333,23.292014,1077.0,6365.0,7442.0
542,2019-06-26,verano,2019,June,0,Miercoles,1,1,28.5975,32.0396,36.0,18.208925,1077.0,6258.0,7335.0
543,2019-06-27,verano,2019,June,0,Jueves,1,1,30.715847,33.7756,42.25,11.50055,921.0,5958.0,6879.0
544,2019-06-28,verano,2019,June,0,Viernes,1,1,34.200847,39.33065,48.875,11.082939,829.0,4634.0,5463.0
545,2019-06-29,verano,2019,June,0,Sabado,0,1,31.365,34.3754,60.125,10.791757,1455.0,4232.0,5687.0
546,2019-06-30,verano,2019,June,0,Domingo,0,1,33.449153,37.53145,51.875,11.291443,1421.0,4110.0,5531.0
547,2019-01-07,invierno,2019,January,0,Lunes,1,1,32.048347,35.1019,44.7083,13.082889,904.0,5323.0,6227.0
548,2019-02-07,invierno,2019,February,0,Jueves,1,1,32.014153,35.1325,49.2083,8.457879,1052.0,5608.0,6660.0
549,2019-03-07,invierno,2019,March,0,Jueves,1,1,32.355847,36.61685,53.875,9.04165,2562.0,4841.0,7403.0
550,2019-04-07,primavera,2019,April,0,Domingo,0,1,33.9275,38.06835,45.7917,12.999943,1405.0,4836.0,6241.0
551,2019-05-07,primavera,2019,May,0,Martes,1,1,33.961653,37.62665,45.0833,9.791514,1366.0,4841.0,6207.0
552,2019-06-07,primavera,2019,June,0,Viernes,1,1,35.328347,40.24565,49.2083,10.958118,1448.0,3392.0,4840.0
553,2019-07-07,verano,2019,July,0,Domingo,0,1,33.7225,39.5198,57.375,8.417143,1203.0,3469.0,4672.0
554,2019-08-07,verano,2019,August,0,Miercoles,1,1,29.144153,32.7027,68.3333,12.125325,998.0,5571.0,6569.0
555,2019-09-07,verano,2019,September,0,Sabado,0,2,29.554153,33.2398,66.75,10.166379,954.0,5336.0,6290.0
556,2019-10-07,otoño,2019,October,0,Lunes,1,2,29.383347,32.51355,63.3333,10.166111,975.0,6289.0,7264.0
557,2019-11-07,otoño,2019,November,0,Jueves,1,1,29.349153,32.73415,52.9583,9.833925,1032.0,6414.0,7446.0
558,2019-12-07,otoño,2019,December,0,Sabado,0,1,29.998347,33.39665,48.5833,5.41695,1511.0,5988.0,7499.0
559,2019-07-13,verano,2019,July,0,Sabado,0,2,28.836653,33.3021,69.9167,9.626493,2355.0,4614.0,6969.0
560,2019-07-14,verano,2019,July,0,Domingo,0,2,30.579153,35.2598,71.7917,11.166689,1920.0,4111.0,6031.0
561,2019-07-15,verano,2019,July,0,Lunes,1,1,31.296653,36.20625,64.5,11.000529,1088.0,5742.0,6830.0
562,2019-07-16,verano,2019,July,0,Martes,1,1,33.551653,37.78415,50.5833,7.666743,921.0,5865.0,6786.0
563,2019-07-17,verano,2019,July,0,Miercoles,1,1,32.526653,37.27915,57.7083,9.208614,799.0,4914.0,5713.0
564,2019-07-18,verano,2019,July,0,Jueves,1,1,31.57,35.7321,60.0417,11.083743,888.0,5703.0,6591.0
565,2019-07-19,verano,2019,July,0,Viernes,1,1,27.299153,30.65125,84.4167,14.000789,747.0,5123.0,5870.0
566,2019-07-20,verano,2019,July,0,Sabado,0,2,24.429153,27.4956,86.5417,14.2911,1264.0,3195.0,4459.0
567,2019-07-21,verano,2019,July,0,Domingo,0,3,27.3675,31.15625,76.25,6.2926936,2544.0,4866.0,7410.0
568,2019-07-22,verano,2019,July,0,Lunes,1,2,30.408347,34.50085,69.4167,9.291761,1135.0,5831.0,6966.0
569,2019-07-23,verano,2019,July,0,Martes,1,1,30.784153,35.3225,65.5,14.167418,1140.0,6452.0,7592.0
570,2019-07-24,verano,2019,July,0,Miercoles,1,1,29.690847,32.7027,45.0,11.0416,1383.0,6790.0,8173.0
571,2019-07-25,verano,2019,July,0,Jueves,1,1,31.843347,36.96315,59.6667,19.082471,1036.0,5825.0,6861.0
572,2019-07-26,verano,2019,July,0,Viernes,1,1,32.048347,36.71085,59.4583,10.250464,1259.0,5645.0,6904.0
573,2019-07-27,verano,2019,July,0,Sabado,0,1,30.989153,34.8802,61.3333,10.54245,2234.0,4451.0,6685.0
574,2019-07-28,verano,2019,July,0,Domingo,0,1,29.588347,33.39665,62.375,11.416532,2153.0,4444.0,6597.0
575,2019-07-29,verano,2019,July,0,Lunes,1,1,29.964153,34.24935,66.875,10.292339,1040.0,6065.0,7105.0
576,2019-07-30,verano,2019,July,0,Martes,1,1,29.246653,33.1448,70.4167,11.083475,968.0,6248.0,7216.0
577,2019-07-31,verano,2019,July,0,Miercoles,1,1,29.4175,33.3654,67.75,9.458993,1074.0,6506.0,7580.0
578,2019-01-08,invierno,2019,January,0,Martes,1,1,30.8525,35.3544,65.9583,8.666718,983.0,6278.0,7261.0
579,2019-02-08,invierno,2019,February,0,Viernes,1,1,31.399153,36.14335,64.25,14.458064,1328.0,5847.0,7175.0
580,2019-03-08,invierno,2019,March,0,Viernes,1,2,32.526653,37.56335,61.3333,17.249686,2345.0,4479.0,6824.0
581,2019-04-08,primavera,2019,April,0,Lunes,1,1,31.535847,36.55395,65.25,19.458207,1707.0,3757.0,5464.0
582,2019-05-08,primavera,2019,May,0,Miercoles,1,1,30.8525,35.5123,65.4167,8.666718,1233.0,5780.0,7013.0
583,2019-06-08,primavera,2019,June,0,Sabado,0,2,30.169153,34.88105,70.375,7.832836,1278.0,5995.0,7273.0
584,2019-07-08,verano,2019,July,0,Lunes,1,2,30.75,35.38585,67.2917,7.4169,1263.0,6271.0,7534.0
585,2019-08-08,verano,2019,August,0,Jueves,1,2,30.989153,34.9754,62.0417,10.4587,1196.0,6090.0,7286.0
586,2019-09-08,verano,2019,September,0,Domingo,0,1,29.349153,33.3971,71.5833,16.000471,1065.0,4721.0,5786.0
587,2019-10-08,otoño,2019,October,0,Martes,1,2,28.3925,31.91335,73.2917,13.834093,2247.0,4052.0,6299.0
588,2019-11-08,otoño,2019,November,0,Viernes,1,2,28.734153,32.22895,53.0417,8.208304,2182.0,4362.0,6544.0
589,2019-12-08,otoño,2019,December,0,Domingo,0,1,29.554153,33.1127,54.5417,9.126204,1207.0,5676.0,6883.0
590,2019-08-13,verano,2019,August,0,Martes,1,1,29.793347,33.83895,68.6667,11.333586,1128.0,5656.0,6784.0
591,2019-08-14,verano,2019,August,0,Miercoles,1,1,28.973347,32.70185,61.9583,11.374657,1198.0,6149.0,7347.0
592,2019-08-15,verano,2019,August,0,Jueves,1,1,29.485847,32.7344,51.9167,9.500332,1338.0,6267.0,7605.0
593,2019-08-16,verano,2019,August,0,Viernes,1,1,29.656653,12.12,57.0833,15.500718,1483.0,5665.0,7148.0
594,2019-08-17,verano,2019,August,0,Sabado,0,1,27.811653,30.90355,60.3333,11.917089,2827.0,5038.0,7865.0
595,2019-08-18,verano,2019,August,0,Domingo,0,1,26.069153,30.1777,71.1667,5.79215,1208.0,3341.0,4549.0
596,2019-08-19,verano,2019,August,0,Lunes,1,2,26.069153,29.79835,73.4167,8.708593,1026.0,5504.0,6530.0
597,2019-08-20,verano,2019,August,0,Martes,1,2,26.615847,30.05125,67.375,4.8756436,1081.0,5925.0,7006.0
598,2019-08-21,verano,2019,August,0,Miercoles,1,1,27.3675,31.0927,67.7083,4.7089811,1094.0,6281.0,7375.0
599,2019-08-22,verano,2019,August,0,Jueves,1,1,28.529153,31.8504,63.5833,5.6679186,1363.0,6402.0,7765.0
600,2019-08-23,verano,2019,August,0,Viernes,1,1,28.8025,32.355,61.5,4.8337686,1325.0,6257.0,7582.0
601,2019-08-24,verano,2019,August,0,Sabado,0,2,27.128347,30.9348,71.2917,16.375336,1829.0,4224.0,6053.0
602,2019-08-25,verano,2019,August,0,Domingo,0,2,26.786653,29.7998,84.5833,15.333486,1483.0,3772.0,5255.0
603,2019-08-26,verano,2019,August,0,Lunes,1,2,28.836653,32.7344,73.0417,8.625111,989.0,5928.0,6917.0
604,2019-08-27,verano,2019,August,0,Martes,1,1,29.861653,33.3025,62.0,12.791975,935.0,6105.0,7040.0
605,2019-08-28,verano,2019,August,0,Miercoles,1,1,28.085,31.78665,55.2083,7.541654,1177.0,6520.0,7697.0
606,2019-08-29,verano,2019,August,0,Jueves,1,1,28.973347,32.63895,59.0417,5.1668189,1172.0,6541.0,7713.0
607,2019-08-30,verano,2019,August,0,Viernes,1,1,31.330847,34.47,58.75,11.291711,1433.0,5917.0,7350.0
608,2019-08-31,verano,2019,August,0,Sabado,0,1,30.886653,35.1327,63.8333,7.583529,2352.0,3788.0,6140.0
609,2019-01-09,invierno,2019,January,0,Miercoles,1,2,28.563347,32.45,81.5,4.2927436,2613.0,3197.0,5810.0
610,2019-02-09,invierno,2019,February,0,Sabado,0,2,29.0075,33.08145,79.0833,10.125107,1965.0,4069.0,6034.0
611,2019-03-09,invierno,2019,March,0,Sabado,0,1,29.759153,34.3444,75.5,15.833507,867.0,5997.0,6864.0
612,2019-04-09,primavera,2019,April,0,Martes,1,1,30.203347,35.44915,74.125,12.583136,832.0,6280.0,7112.0
613,2019-05-09,primavera,2019,May,0,Jueves,1,1,28.563347,32.76645,81.0417,9.542207,611.0,5592.0,6203.0
614,2019-06-09,primavera,2019,June,0,Domingo,0,2,28.836653,32.8602,73.625,11.500282,1045.0,6459.0,7504.0
615,2019-07-09,verano,2019,July,0,Martes,1,1,27.025847,30.55605,79.9167,18.833968,1557.0,4419.0,5976.0
616,2019-08-09,verano,2019,August,0,Viernes,1,2,25.01,28.94625,54.75,15.041232,2570.0,5657.0,8227.0
617,2019-09-09,verano,2019,September,0,Lunes,1,1,23.916653,28.2827,50.375,17.333771,1118.0,6407.0,7525.0
618,2019-10-09,otoño,2019,October,0,Miercoles,1,1,23.6775,27.7146,52.0,6.1676314,1070.0,6697.0,7767.0
619,2019-11-09,otoño,2019,November,0,Sabado,0,1,24.565847,28.50375,57.7083,8.833682,1050.0,6820.0,7870.0
620,2019-12-09,otoño,2019,December,0,Lunes,1,1,25.1125,28.9779,63.7083,5.5422936,1054.0,6750.0,7804.0
621,2019-09-13,verano,2019,September,0,Viernes,1,1,25.966653,29.70415,67.25,6.958821,1379.0,6630.0,8009.0
622,2019-09-14,verano,2019,September,0,Sabado,0,1,24.941653,29.29335,50.1667,16.583907,3160.0,5554.0,8714.0
623,2019-09-15,verano,2019,September,0,Domingo,0,1,23.78,28.15625,57.0,6.0422811,2166.0,5167.0,7333.0
624,2019-09-16,verano,2019,September,0,Lunes,1,1,23.814153,27.6525,73.4583,10.166714,1022.0,5847.0,6869.0
625,2019-09-17,verano,2019,September,0,Martes,1,2,25.556653,28.25335,87.25,23.958329,371.0,3702.0,4073.0
626,2019-09-18,verano,2019,September,0,Miercoles,1,2,22.6525,27.0202,53.6667,14.416725,788.0,6803.0,7591.0
627,2019-09-19,verano,2019,September,0,Jueves,1,1,22.413347,26.6096,61.8333,7.917189,939.0,6781.0,7720.0
628,2019-09-20,verano,2019,September,0,Viernes,1,1,24.565847,28.59855,66.875,10.333343,1250.0,6917.0,8167.0
629,2019-09-21,otoño,2019,September,0,Sabado,0,1,26.65,30.5244,64.6667,19.000061,2512.0,5883.0,8395.0
630,2019-09-22,otoño,2019,September,0,Domingo,0,1,21.695847,25.94665,46.7083,14.958286,2454.0,5453.0,7907.0
631,2019-09-23,otoño,2019,September,0,Lunes,1,1,21.080847,25.12565,49.2917,9.541068,1001.0,6435.0,7436.0
632,2019-09-24,otoño,2019,September,0,Martes,1,1,22.55,27.20895,57.0,15.833507,845.0,6693.0,7538.0
633,2019-09-25,otoño,2019,September,0,Miercoles,1,1,26.035,29.83065,63.0833,16.3748,787.0,6946.0,7733.0
634,2019-09-26,otoño,2019,September,0,Jueves,1,1,26.65,30.39875,69.0833,9.000914,751.0,6642.0,7393.0
635,2019-09-27,otoño,2019,September,0,Viernes,1,2,25.385847,29.29315,69.0,10.999993,1045.0,6370.0,7415.0
636,2019-09-28,otoño,2019,September,0,Sabado,0,2,22.2425,26.5148,54.2917,15.249468,2589.0,5966.0,8555.0
637,2019-09-29,otoño,2019,September,0,Domingo,0,1,21.593347,25.88315,58.3333,9.042186,2015.0,4874.0,6889.0
638,2019-09-30,otoño,2019,September,0,Lunes,1,1,21.354153,25.6,64.9167,6.0838814,763.0,6015.0,6778.0
639,2019-01-10,invierno,2019,January,0,Jueves,1,2,24.224153,27.11665,87.1667,6.999825,315.0,4324.0,4639.0
640,2019-02-10,invierno,2019,February,0,Domingo,0,3,26.9575,29.95665,79.375,4.4585686,728.0,6844.0,7572.0
641,2019-03-10,invierno,2019,March,0,Domingo,0,2,26.9575,30.39875,72.2917,7.875582,891.0,6437.0,7328.0
642,2019-04-10,primavera,2019,April,0,Miercoles,1,2,25.215,29.00935,62.75,7.12545,1516.0,6640.0,8156.0
643,2019-05-10,primavera,2019,May,0,Viernes,1,1,22.720847,26.92605,66.4167,17.957675,3031.0,4934.0,7965.0
644,2019-06-10,primavera,2019,June,0,Lunes,1,1,17.049153,20.99065,70.8333,9.457854,781.0,2729.0,3510.0
645,2019-07-10,verano,2019,July,0,Miercoles,1,2,15.716653,19.3804,70.9583,12.708493,874.0,4604.0,5478.0
646,2019-08-10,verano,2019,August,0,Sabado,0,2,18.313347,21.9056,76.1667,12.7501,601.0,5791.0,6392.0
647,2019-09-10,verano,2019,September,0,Martes,1,2,21.080847,25.1571,63.0833,12.584007,780.0,6911.0,7691.0
648,2019-10-10,otoño,2019,October,0,Jueves,1,1,17.835,21.55835,46.3333,12.166932,834.0,6736.0,7570.0
649,2019-11-10,otoño,2019,November,0,Domingo,0,1,17.9375,21.65355,53.9167,15.751164,1060.0,6222.0,7282.0
650,2019-12-10,otoño,2019,December,0,Martes,1,1,16.126653,19.5698,49.4583,9.791514,2252.0,4857.0,7109.0
651,2019-10-13,otoño,2019,October,0,Domingo,0,1,21.388347,25.4102,64.0417,18.667004,2080.0,4559.0,6639.0
652,2019-10-14,otoño,2019,October,1,Lunes,0,1,23.028347,26.9575,70.75,19.834479,760.0,5115.0,5875.0
653,2019-10-15,otoño,2019,October,0,Martes,1,2,19.201653,23.0423,55.8333,12.208807,922.0,6612.0,7534.0
654,2019-10-16,otoño,2019,October,0,Miercoles,1,1,18.689153,22.5054,69.2917,6.791857,979.0,6482.0,7461.0
655,2019-10-17,otoño,2019,October,0,Jueves,1,1,21.4225,25.63125,72.8333,15.874779,1008.0,6501.0,7509.0
656,2019-10-18,otoño,2019,October,0,Viernes,1,2,23.096653,26.8948,81.5,9.041918,753.0,4671.0,5424.0
657,2019-10-19,otoño,2019,October,0,Sabado,0,2,19.850847,23.6421,57.2917,7.874979,2806.0,5284.0,8090.0
658,2019-10-20,otoño,2019,October,0,Domingo,0,1,19.030847,22.82145,51.0,11.125618,2132.0,4692.0,6824.0
659,2019-10-21,otoño,2019,October,0,Lunes,1,1,19.9875,24.1471,56.8333,5.4593811,830.0,6228.0,7058.0
660,2019-10-22,otoño,2019,October,0,Martes,1,1,22.310847,26.5152,64.1667,6.3345686,841.0,6625.0,7466.0
661,2019-10-23,otoño,2019,October,0,Miercoles,1,1,24.0875,27.93605,63.625,4.8762064,795.0,6898.0,7693.0
662,2019-10-24,otoño,2019,October,0,Jueves,1,1,22.55,26.4844,80.0417,8.333125,875.0,6484.0,7359.0
663,2019-10-25,otoño,2019,October,0,Viernes,1,2,22.379153,26.1375,80.7083,8.875289,1182.0,6262.0,7444.0
664,2019-10-26,otoño,2019,October,0,Sabado,0,2,21.73,25.75665,72.0,15.791364,2643.0,5209.0,7852.0
665,2019-10-27,otoño,2019,October,0,Domingo,0,2,19.5775,23.38855,69.4583,26.666536,998.0,3461.0,4459.0
666,2019-10-28,otoño,2019,October,0,Lunes,1,2,18.04,21.97,88.0,23.9994,2.0,20.0,22.0
667,2019-10-29,otoño,2019,October,0,Martes,1,3,13.045462,15.49545,82.5455,14.271603,87.0,1009.0,1096.0
668,2019-10-30,otoño,2019,October,0,Miercoles,1,2,14.6575,18.055,66.6667,11.166689,419.0,5147.0,5566.0
669,2019-10-31,otoño,2019,October,0,Jueves,1,2,14.999153,18.4971,58.1667,10.542182,466.0,5520.0,5986.0
670,2019-01-11,invierno,2019,January,0,Viernes,1,2,14.555,17.8021,52.2083,17.833725,618.0,5229.0,5847.0
671,2019-02-11,invierno,2019,February,0,Lunes,1,1,14.076653,16.1923,49.125,18.125443,1029.0,4109.0,5138.0
672,2019-03-11,invierno,2019,March,0,Lunes,1,2,13.359153,16.4769,53.2917,12.000236,1201.0,3906.0,5107.0
673,2019-04-11,primavera,2019,April,0,Jueves,1,1,13.085847,15.40375,49.4167,15.833775,378.0,4881.0,5259.0
674,2019-05-11,primavera,2019,May,0,Sabado,0,1,11.514153,14.07835,56.7083,11.625371,466.0,5220.0,5686.0
675,2019-06-11,primavera,2019,June,0,Martes,1,1,12.129153,13.73105,54.75,20.375236,326.0,4709.0,5035.0
676,2019-07-11,verano,2019,July,0,Jueves,1,2,14.439134,17.09455,33.3478,23.304945,340.0,4975.0,5315.0
677,2019-08-11,verano,2019,August,0,Domingo,0,1,14.828347,17.77065,54.0833,14.375386,709.0,5283.0,5992.0
678,2019-09-11,verano,2019,September,0,Miercoles,1,1,15.955847,19.69685,64.5417,3.8756686,2090.0,4446.0,6536.0
679,2019-10-11,otoño,2019,October,0,Viernes,1,1,17.254153,21.08565,65.9167,8.5425,2290.0,4562.0,6852.0
680,2019-11-11,otoño,2019,November,1,Lunes,0,1,19.885,23.76915,74.1667,11.625639,1097.0,5172.0,6269.0
681,2019-12-11,otoño,2019,December,0,Miercoles,1,1,14.076653,16.16125,66.2917,22.917082,327.0,3767.0,4094.0
682,2019-11-13,otoño,2019,November,0,Miercoles,1,2,11.855847,14.07815,55.2083,13.374875,373.0,5122.0,5495.0
683,2019-11-14,otoño,2019,November,0,Jueves,1,1,13.188347,16.2246,62.0417,10.250129,320.0,5125.0,5445.0
684,2019-11-15,otoño,2019,November,0,Viernes,1,2,14.145,17.3602,52.4583,11.458675,484.0,5214.0,5698.0
685,2019-11-16,otoño,2019,November,0,Sabado,0,1,13.325,16.31915,54.5417,12.041843,1313.0,4316.0,5629.0
686,2019-11-17,otoño,2019,November,0,Domingo,0,1,14.0425,16.8873,69.2917,15.250004,922.0,3747.0,4669.0
687,2019-11-18,otoño,2019,November,0,Lunes,1,1,15.614153,18.78105,62.3333,15.749489,449.0,5050.0,5499.0
688,2019-11-19,otoño,2019,November,0,Martes,1,2,15.340847,19.03335,68.5,5.542575,534.0,5100.0,5634.0
689,2019-11-20,otoño,2019,November,0,Miercoles,1,2,14.486653,18.2446,61.375,6.917482,615.0,4531.0,5146.0
690,2019-11-21,otoño,2019,November,0,Jueves,1,1,13.94,17.51855,58.0417,3.5423436,955.0,1470.0,2425.0
691,2019-11-22,otoño,2019,November,0,Viernes,1,1,15.101653,18.93895,56.875,9.917407,1603.0,2307.0,3910.0
692,2019-11-23,otoño,2019,November,0,Sabado,0,1,11.411653,12.4371,40.4583,25.250357,532.0,1745.0,2277.0
693,2019-11-24,otoño,2019,November,0,Domingo,0,1,10.079153,12.87915,46.8333,10.0835,309.0,2115.0,2424.0
694,2019-11-25,otoño,2019,November,0,Lunes,1,1,12.846653,16.9502,53.5417,3.12555,337.0,4750.0,5087.0
695,2019-11-26,otoño,2019,November,0,Martes,1,1,11.958347,14.0779,78.6667,15.916654,123.0,3836.0,3959.0
696,2019-11-27,otoño,2019,November,0,Miercoles,1,2,12.163347,14.4881,50.625,14.125007,198.0,5062.0,5260.0
697,2019-11-28,otoño,2019,November,1,Jueves,0,1,11.51567,14.9211,55.5652,7.739974,243.0,5080.0,5323.0
698,2019-11-29,otoño,2019,November,0,Viernes,1,1,12.231653,16.19335,64.9583,3.9175436,362.0,5306.0,5668.0
699,2019-11-30,otoño,2019,November,0,Sabado,0,1,12.231653,15.8452,80.6667,4.0001814,951.0,4240.0,5191.0
700,2019-01-12,invierno,2019,January,0,Sabado,0,2,14.2475,17.9604,82.3333,8.333393,892.0,3757.0,4649.0
701,2019-02-12,invierno,2019,February,0,Martes,1,2,18.5525,22.7898,76.75,5.5422936,555.0,5679.0,6234.0
702,2019-03-12,invierno,2019,March,0,Martes,1,1,19.509153,23.4527,73.375,11.666643,551.0,6055.0,6606.0
703,2019-04-12,primavera,2019,April,0,Viernes,1,1,17.971653,21.4006,48.5,21.709407,331.0,5398.0,5729.0
704,2019-05-12,primavera,2019,May,0,Domingo,0,1,10.489153,12.9102,50.875,11.708518,340.0,5035.0,5375.0
705,2019-06-12,primavera,2019,June,0,Miercoles,1,1,13.154153,16.0979,76.4167,8.7502,349.0,4659.0,5008.0
706,2019-07-12,verano,2019,July,0,Viernes,1,2,15.648347,19.4754,91.125,6.792393,1153.0,4429.0,5582.0
707,2019-08-12,verano,2019,August,0,Lunes,1,2,15.750847,19.5073,90.5417,10.584325,441.0,2787.0,3228.0
708,2019-09-12,verano,2019,September,0,Jueves,1,2,17.869153,21.77875,92.5,12.750636,329.0,4841.0,5170.0
709,2019-10-12,otoño,2019,October,0,Sabado,0,2,14.486653,16.91815,59.6667,19.834479,282.0,5219.0,5501.0
710,2019-11-12,otoño,2019,November,0,Martes,1,2,12.1975,14.8669,53.8333,10.916779,310.0,5009.0,5319.0
711,2019-12-12,otoño,2019,December,0,Jueves,1,2,12.129153,14.7094,48.5833,11.666643,425.0,5107.0,5532.0
712,2019-12-13,otoño,2019,December,0,Viernes,1,1,11.548347,14.7096,64.2917,8.792343,429.0,5182.0,5611.0
713,2019-12-14,otoño,2019,December,0,Sabado,0,1,13.290847,16.91915,65.0417,7.12545,767.0,4280.0,5047.0
714,2019-12-15,otoño,2019,December,0,Domingo,0,1,14.8625,18.4969,83.875,6.749714,538.0,3248.0,3786.0
715,2019-12-16,otoño,2019,December,0,Lunes,1,2,16.126653,20.075,90.7083,6.5833061,212.0,4373.0,4585.0
716,2019-12-17,otoño,2019,December,0,Martes,1,2,16.844153,20.4854,66.625,14.834068,433.0,5124.0,5557.0
717,2019-12-18,otoño,2019,December,0,Miercoles,1,1,13.6325,17.1081,62.5417,12.334164,333.0,4934.0,5267.0
718,2019-12-19,otoño,2019,December,0,Jueves,1,1,13.53,16.76085,66.7917,8.875021,314.0,3814.0,4128.0
719,2019-12-20,otoño,2019,December,0,Viernes,1,2,13.393347,15.08835,55.6667,25.083661,221.0,3402.0,3623.0
720,2019-12-21,invierno,2019,December,0,Sabado,0,2,10.899153,11.80565,44.125,27.292182,205.0,1544.0,1749.0
721,2019-12-22,invierno,2019,December,0,Domingo,0,1,10.079153,12.97355,51.5417,8.916561,408.0,1379.0,1787.0
722,2019-12-23,invierno,2019,December,0,Lunes,1,1,9.483464,12.945,79.1304,5.1744368,174.0,746.0,920.0
723,2019-12-24,invierno,2019,December,0,Martes,1,2,11.943464,14.72325,73.4783,11.304642,440.0,573.0,1013.0
724,2019-12-25,invierno,2019,December,1,Miercoles,0,2,9.976653,11.01665,82.3333,21.208582,9.0,432.0,441.0
725,2019-12-26,invierno,2019,December,0,Jueves,1,3,10.420847,11.3321,65.2917,23.458911,247.0,1867.0,2114.0
726,2019-12-27,invierno,2019,December,0,Viernes,1,2,10.386653,12.7523,59.0,10.416557,644.0,2451.0,3095.0
727,2019-12-28,invierno,2019,December,0,Sabado,0,2,10.386653,12.12,75.2917,8.333661,159.0,1182.0,1341.0
728,2019-12-29,invierno,2019,December,0,Domingo,0,2,10.489153,11.585,48.3333,23.500518,364.0,1432.0,1796.0
729,2019-12-30,invierno,2019,December,0,Lunes,1,1,8.849153,11.17435,57.75,10.374682,439.0,2290.0,2729.0
